{
"type": "FeatureCollection",
"name": "quapaw-1824-waterways",
"crs": { "type": "name", "properties": { "name": "urn:ogc:def:crs:OGC:1.3:CRS84" } },
"features": [
{ "type": "Feature", "properties": { "stream_name": "Black Bayou", "gnis_name": "Black Bayou", "county": "Jefferson", "trib_of": "Arkansas River" }, "geometry": { "type": "MultiLineString", "coordinates": [ [ [ -91.96383616723746, 34.325545613576793 ], [ -91.962948501461298, 34.326342813411131 ], [ -91.961471100753684, 34.326574013125494 ], [ -91.952485701206271, 34.323178080479501 ], [ -91.945307081200468, 34.322976570437156 ] ], [ [ -91.955185901572079, 34.307120613566227 ], [ -91.95645130115858, 34.307494280016805 ], [ -91.957279501016103, 34.308274680073936 ], [ -91.957916168225609, 34.312029080275401 ] ], [ [ -91.948225317333623, 34.303639735515901 ], [ -91.953866567857332, 34.301442213312548 ], [ -91.95415896755793, 34.306076279838145 ], [ -91.955185901572079, 34.307120613566227 ] ], [ [ -91.957916168225609, 34.312029080275401 ], [ -91.960454701334299, 34.316662812986984 ], [ -91.964258968023145, 34.321351213031619 ], [ -91.964643967542372, 34.323467480031617 ], [ -91.96383616723746, 34.325545613576793 ] ] ] } },
{ "type": "Feature", "properties": { "stream_name": "Waterloo Ditch", "gnis_name": "Waterloo Drainage Ditch", "county": "Jefferson", "trib_of": "Black Bayou" }, "geometry": { "type": "MultiLineString", "coordinates": [ [ [ -92.012746901117552, 34.328494879747382 ], [ -92.009738568032191, 34.328433079667775 ] ], [ [ -91.969426241175, 34.326475496243695 ], [ -91.96383616723746, 34.325545613576793 ] ], [ [ -92.009738568032191, 34.328433079667775 ], [ -92.001717917401635, 34.328305372521108 ] ], [ [ -92.023885367901016, 34.328614479820764 ], [ -92.012746901117552, 34.328494879747382 ] ] ] } },
{ "type": "Feature", "properties": { "stream_name": "Arkansas River", "gnis_name": "Arkansas River", "county": "Jefferson, Lincoln", "trib_of": "Mississippi River" }, "geometry": { "type": "MultiLineString", "coordinates": [ [ [ -91.605739167722064, 34.115748880485867 ], [ -91.606601968778023, 34.113606080733454 ], [ -91.606901568672527, 34.110080613482687 ], [ -91.607674701351215, 34.10884261413208 ], [ -91.608605167841048, 34.105112613671736 ], [ -91.6103475018663, 34.101923280160555 ], [ -91.610340901328115, 34.100317613453129 ], [ -91.609937367938073, 34.097095480238558 ], [ -91.609100367860975, 34.095220213968084 ], [ -91.609051501392258, 34.092897280308371 ], [ -91.606314701611012, 34.08926081335801 ], [ -91.602654968021994, 34.087462013917488 ], [ -91.59518276782967, 34.086340213584769 ], [ -91.586935101634651, 34.088565680214366 ], [ -91.578822168824487, 34.092961280700536 ], [ -91.569991101291407, 34.100855480079304 ], [ -91.562503701966435, 34.103318213541627 ], [ -91.559527101247753, 34.105198680093153 ], [ -91.55697730155714, 34.10602701382458 ], [ -91.548183702170377, 34.104909479969699 ], [ -91.542213501566906, 34.103467014022506 ], [ -91.536118368211021, 34.101206813737384 ], [ -91.533273702175705, 34.099272080526511 ], [ -91.529868568720971, 34.096061614151701 ], [ -91.528204701618137, 34.093755414065839 ], [ -91.524363946158942, 34.089959017484269 ] ], [ [ -91.511055890527913, 34.077188739509062 ], [ -91.505870767927505, 34.074087013688533 ], [ -91.49868836816772, 34.073668080534205 ], [ -91.490483701224349, 34.075541480489349 ], [ -91.480331266789932, 34.079844018219205 ] ], [ [ -91.456626259553659, 34.090130649606508 ], [ -91.453888368797834, 34.089297413711243 ], [ -91.452044102270264, 34.087402880569428 ], [ -91.451576368116847, 34.084297080495375 ], [ -91.445218902140539, 34.079940080629072 ] ] ] } },
{ "type": "Feature", "properties": { "stream_name": "Little Bayou Meto", "gnis_name": "Wabbaseka Bayou", "county": "Jefferson", "trib_of": "Arkansas River" }, "geometry": { "type": "LineString", "coordinates": [ [ -91.570275749661718, 34.143054063627723 ], [ -91.570881501564131, 34.142040479913277 ], [ -91.572377701390508, 34.141298614019711 ], [ -91.574237368591838, 34.139376880595307 ], [ -91.574866768627601, 34.138191213813869 ], [ -91.580133301997705, 34.135343813498451 ], [ -91.579242501497106, 34.128927213667254 ], [ -91.581473101797215, 34.125311880101258 ], [ -91.584665301161763, 34.122361080270913 ], [ -91.589018968352121, 34.120187279983867 ], [ -91.591214701166834, 34.119597013642384 ], [ -91.593086701075919, 34.119569480749938 ], [ -91.595388567991264, 34.120212080704569 ], [ -91.600661367818702, 34.118945880354602 ], [ -91.602378568642067, 34.11819808068006 ], [ -91.602800101905459, 34.11692628069077 ], [ -91.603673768316156, 34.116084280112531 ], [ -91.605739167722064, 34.115748880485867 ] ] } },
{ "type": "Feature", "properties": { "stream_name": "Arkansas River", "gnis_name": "Arkansas River", "county": "Jefferson", "trib_of": "Mississippi River" }, "geometry": { "type": "MultiLineString", "coordinates": [ [ [ -91.855162501162212, 34.225827879889003 ], [ -91.852621901471636, 34.225020880360518 ], [ -91.849066967725179, 34.222709080284794 ], [ -91.846548501038896, 34.22189621384986 ], [ -91.830356567371638, 34.213482480627945 ], [ -91.828733968163789, 34.21332888026862 ], [ -91.819832101180054, 34.210315413909115 ], [ -91.815654968432412, 34.208484280123628 ], [ -91.80689430165954, 34.207558413862543 ], [ -91.798350568473907, 34.205788613783412 ], [ -91.792325367454964, 34.203849413535501 ], [ -91.788270567443178, 34.201489013857191 ], [ -91.782120101278679, 34.196420480121432 ], [ -91.779778167703839, 34.193406280597799 ], [ -91.778823167646024, 34.191390213460267 ], [ -91.776624367965226, 34.182962680311263 ], [ -91.776685301619906, 34.180408079883136 ], [ -91.775425900970291, 34.178975013256071 ], [ -91.773577701667676, 34.174456213252064 ], [ -91.771281168165046, 34.172176680638067 ], [ -91.763503368030541, 34.168091479992086 ], [ -91.757797968229653, 34.16773361387969 ], [ -91.754208167570027, 34.169200813920526 ], [ -91.745399967564083, 34.170401613218608 ], [ -91.737884301379822, 34.172010613525956 ], [ -91.73508776769475, 34.173186880169808 ], [ -91.730536568154037, 34.174126680481322 ], [ -91.726930101464731, 34.173965013182197 ], [ -91.723014567956497, 34.17536088049323 ], [ -91.712305568267482, 34.175295480473267 ], [ -91.704455501770155, 34.174262479882934 ], [ -91.70144930116399, 34.172609880317204 ], [ -91.691193568320784, 34.169249013299257 ], [ -91.682549501418123, 34.163731680703606 ], [ -91.676963301601518, 34.161123613322324 ], [ -91.674718301513607, 34.160736413749653 ], [ -91.669444501468917, 34.157932213695979 ], [ -91.659180901845161, 34.149421880269003 ], [ -91.658423967762005, 34.147568213538243 ], [ -91.65562216781241, 34.143906680446229 ], [ -91.65127870197901, 34.140150413901836 ], [ -91.648559967819324, 34.138416080382989 ], [ -91.64292636844354, 34.136340680444896 ], [ -91.641982368181843, 34.135386280765012 ], [ -91.639946901017069, 34.134924080154853 ], [ -91.633092301507901, 34.134033080126137 ], [ -91.631811501096777, 34.134488880125303 ], [ -91.628086568416947, 34.134350080653334 ], [ -91.625372101412509, 34.134961013507031 ], [ -91.623223501192314, 34.134659480349782 ], [ -91.621683901252368, 34.133700880777766 ], [ -91.61859403446276, 34.132908888283545 ] ], [ [ -91.608483807322855, 34.121381759240485 ], [ -91.606995168039475, 34.119142813829725 ], [ -91.605739167722064, 34.115748880485867 ] ] ] } },
{ "type": "Feature", "properties": { "stream_name": "Arkansas River", "gnis_name": "Arkansas River", "county": "Arkansas, Desha", "trib_of": "Mississippi River" }, "geometry": { "type": "LineString", "coordinates": [ [ -91.445218902140539, 34.079940080629072 ], [ -91.44036130163083, 34.0762292137792 ], [ -91.437768568068975, 34.072611813772347 ], [ -91.435692368226867, 34.067682080037351 ], [ -91.434715768937409, 34.06162588047885 ], [ -91.434778902353457, 34.059305813540597 ], [ -91.43374430162153, 34.055465413556369 ], [ -91.434784568403813, 34.043823413532287 ], [ -91.434279902119954, 34.040554214094932 ], [ -91.43545330212261, 34.038254880591538 ], [ -91.436522768710972, 34.032406680757262 ], [ -91.435589367998546, 34.029509813554725 ], [ -91.435974768596807, 34.028085680855163 ], [ -91.435619101579022, 34.026223613785973 ], [ -91.434096901571792, 34.024539680544265 ], [ -91.432106368161456, 34.023862680801827 ], [ -91.430258368800821, 34.021130480557545 ], [ -91.42620130184099, 34.017159680571588 ], [ -91.42125916859662, 34.014000080109938 ], [ -91.417590968081214, 34.012431280457541 ], [ -91.410475168484993, 34.008435880121738 ], [ -91.401437168774123, 34.00249881407025 ], [ -91.40045370180809, 34.000809880462704 ], [ -91.397053369106573, 33.997562813652607 ], [ -91.396658168620633, 33.992349680208164 ], [ -91.394639702085797, 33.990813414192054 ], [ -91.392034301720443, 33.983440080136816 ], [ -91.388750768701911, 33.981597413781849 ], [ -91.38695050140214, 33.979626413959828 ], [ -91.379473768179537, 33.980530813693967 ], [ -91.375918568436063, 33.981877414268212 ], [ -91.370723168568375, 33.985225680355775 ], [ -91.362620301774228, 33.992998280647122 ], [ -91.360023702236703, 33.994772013601178 ], [ -91.355029301546892, 33.999298280518801 ], [ -91.348357999783033, 34.003770991460797 ] ] } },
{ "type": "Feature", "properties": { "stream_name": "Bayou Meto", "gnis_name": "Bayou Meto", "county": "Arkansas, Jefferson", "trib_of": "Arkansas River" }, "geometry": { "type": "LineString", "coordinates": [ [ -91.440912384278775, 34.104757351029271 ], [ -91.441862368097617, 34.104279480602237 ], [ -91.442190501524735, 34.103480880169968 ], [ -91.441943302087637, 34.102742813716482 ], [ -91.440301568071817, 34.10182961333949 ], [ -91.441301701988834, 34.100214414056801 ], [ -91.441273902155558, 34.099471414035051 ], [ -91.440389167966728, 34.097691213930162 ], [ -91.438018701886662, 34.096463213968285 ], [ -91.440080902266715, 34.094879413515713 ], [ -91.439453901800988, 34.092461480859754 ], [ -91.441741368209094, 34.090887680289953 ], [ -91.442352368800357, 34.087688280328855 ], [ -91.441796301560927, 34.08719841347726 ], [ -91.440978167977221, 34.087212213507662 ], [ -91.439118901525404, 34.08890408003618 ], [ -91.436846501925174, 34.08876948055687 ], [ -91.434956501888081, 34.089393080261459 ], [ -91.432052101885233, 34.088467213954189 ], [ -91.431459612087124, 34.087584889534604 ], [ -91.434794108530696, 34.086238087674801 ], [ -91.436458168384007, 34.083860613529829 ], [ -91.43973625745366, 34.081678893646377 ], [ -91.440937885502549, 34.081191104205637 ], [ -91.443380368712553, 34.08101828078869 ], [ -91.445218902140539, 34.079940080629072 ] ] } },
{ "type": "Feature", "properties": { "stream_name": "Deep Bayou", "gnis_name": "Deep Bayou", "county": "Jefferson", "trib_of": "Bayou Bartholomew" }, "geometry": { "type": "LineString", "coordinates": [ [ -91.843231054878046, 34.093253782390605 ], [ -91.841499301334039, 34.091033413835348 ], [ -91.839642301436328, 34.08975301357728 ], [ -91.83890216756302, 34.089764080206869 ], [ -91.837666967901072, 34.090852680019069 ], [ -91.83353756739757, 34.091678013933134 ], [ -91.832896567999342, 34.09137028080157 ], [ -91.832770701584508, 34.090128013306987 ], [ -91.831297168094778, 34.089028680122574 ], [ -91.829466967583329, 34.089166413474452 ], [ -91.828125700856063, 34.088567280667966 ], [ -91.823903900906259, 34.090233280472312 ], [ -91.822859767784507, 34.088914080045875 ], [ -91.820983367531198, 34.089348414016044 ], [ -91.819133367560568, 34.088848280422667 ], [ -91.817745701700844, 34.083422613504858 ], [ -91.818247701297992, 34.081289680201998 ], [ -91.819119701200421, 34.080047280511081 ], [ -91.817956968069367, 34.079288680227229 ], [ -91.816463901412547, 34.077315280054712 ], [ -91.814825568259494, 34.078140013977247 ], [ -91.812731368010191, 34.077705613547522 ], [ -91.811760301539294, 34.076930480668082 ], [ -91.80874776807147, 34.077925280732927 ], [ -91.806257168450784, 34.077194080843313 ], [ -91.805153900882971, 34.078172480781319 ], [ -91.802795567412602, 34.077523613755723 ], [ -91.799082700941639, 34.078540213413113 ], [ -91.797397901132214, 34.079600880411114 ], [ -91.794972567810447, 34.082349080488925 ], [ -91.794694901654893, 34.083454014165305 ], [ -91.793862367791931, 34.083629813835245 ], [ -91.789971300966613, 34.082914414039415 ], [ -91.786238568120751, 34.082886080394978 ], [ -91.785663967535228, 34.082231813354547 ], [ -91.7854003684226, 34.080516679987383 ], [ -91.782916900862389, 34.078965880230172 ], [ -91.781549968240967, 34.077354813421401 ], [ -91.77878230090586, 34.076782280766039 ], [ -91.778062100778342, 34.077112013701381 ], [ -91.777572768171368, 34.07822768060565 ], [ -91.777505568512481, 34.080750880010058 ], [ -91.775582101857694, 34.082850213614321 ], [ -91.769134368484842, 34.082111280382968 ], [ -91.767265901233245, 34.080175680013468 ], [ -91.767432301292345, 34.077921880084858 ], [ -91.765728768202564, 34.076481013829671 ], [ -91.766634568393343, 34.074953080031889 ], [ -91.7682341014212, 34.07365648077235 ], [ -91.768148567700351, 34.07285381400105 ], [ -91.764438167744601, 34.069372680429161 ], [ -91.759050701431264, 34.065418013747589 ], [ -91.757638301797385, 34.063746280748568 ], [ -91.754389167698193, 34.062898080380471 ], [ -91.754390101033792, 34.061584413833259 ], [ -91.752924968028879, 34.060072013368853 ], [ -91.751716567543028, 34.059499680907713 ], [ -91.751638301116458, 34.058339813958185 ], [ -91.750800501577132, 34.057053013507442 ], [ -91.750907300939829, 34.055447880144598 ], [ -91.749331701013688, 34.053316613679122 ], [ -91.746297701427622, 34.05194641343833 ], [ -91.741763101260091, 34.048234213898525 ], [ -91.738894301257432, 34.047213680707188 ], [ -91.738173567765983, 34.045915814132478 ], [ -91.736874968072442, 34.045162080427097 ], [ -91.736914501901182, 34.044248080049812 ], [ -91.736054301005552, 34.043087614131124 ], [ -91.73450030089657, 34.042828080537284 ], [ -91.730150100919445, 34.039823480905298 ], [ -91.728940168207529, 34.037350813570107 ], [ -91.727566500998336, 34.03590901416117 ], [ -91.723969701834207, 34.033989680171622 ], [ -91.722821767678937, 34.034547680597285 ], [ -91.720063101642126, 34.034530680322838 ], [ -91.717146901375102, 34.035125280786119 ], [ -91.716386501661802, 34.034548280808828 ], [ -91.715281968128593, 34.034596280473345 ], [ -91.713965301652522, 34.033918813795495 ], [ -91.711822568063852, 34.034783680341839 ], [ -91.705877368356028, 34.034326280920737 ], [ -91.701480501217091, 34.032488880617898 ], [ -91.700760367826319, 34.031479414236884 ], [ -91.697238167743734, 34.02905768034762 ], [ -91.695439701839589, 34.026611013429182 ], [ -91.693976301706201, 34.023369613661146 ], [ -91.692562701246018, 34.022464480743508 ], [ -91.69170956799276, 34.020822280539598 ], [ -91.692156701760709, 34.018571614062644 ], [ -91.690638568403273, 34.015806680535206 ], [ -91.690178301617465, 34.010948213850689 ], [ -91.684512301610297, 34.004011414204236 ], [ -91.684498101747906, 33.999965214156298 ], [ -91.685824768131738, 33.999140680859512 ], [ -91.688082101505785, 33.996079013638706 ], [ -91.686861301538826, 33.993182080592803 ], [ -91.684644101903331, 33.990697213727188 ], [ -91.68438016796874, 33.989669280489132 ], [ -91.684881768569852, 33.988025680216651 ], [ -91.688095701176792, 33.985524680733306 ], [ -91.688491568150823, 33.983991080670187 ], [ -91.690906767793663, 33.982693813721582 ], [ -91.691098168592262, 33.980808414158666 ], [ -91.693513168032013, 33.97999468069505 ], [ -91.694931768121066, 33.978763413705828 ], [ -91.696330368044372, 33.975019880633376 ], [ -91.699662368572788, 33.974761280331315 ], [ -91.699279501636937, 33.973233080844473 ], [ -91.700251901297818, 33.969746280528661 ], [ -91.699965500965774, 33.969173413934826 ], [ -91.698784167613994, 33.968966013487858 ], [ -91.69883270113823, 33.96775641408157 ], [ -91.692471501244569, 33.965504480174928 ], [ -91.692837768169071, 33.964202680969642 ], [ -91.692471367627363, 33.963127080314948 ], [ -91.693493767744414, 33.961214080586743 ], [ -91.69279210116953, 33.959777814352087 ], [ -91.691970301497705, 33.95947108081355 ], [ -91.690007967728491, 33.960033680697599 ], [ -91.68867070137857, 33.959005080355915 ], [ -91.688549567660772, 33.958166680392253 ], [ -91.68931616790637, 33.957199413529011 ], [ -91.686530568427443, 33.95289828020934 ], [ -91.686055901315086, 33.951174813824117 ], [ -91.686785901703914, 33.950195613839782 ], [ -91.68584956790842, 33.949673280846625 ], [ -91.683762901900209, 33.946274413597379 ], [ -91.684501367615084, 33.945061813821802 ], [ -91.684373901542045, 33.944040013906481 ], [ -91.685172901400506, 33.942030013633769 ], [ -91.686524701446857, 33.940979281067477 ] ] } },
{ "type": "Feature", "properties": { "stream_name": "Bayou Bartholomew", "gnis_name": "Bayou Bartholomew", "county": "Jefferson", "trib_of": null }, "geometry": { "type": "LineString", "coordinates": [ [ -92.188693567385386, 34.271327480169965 ], [ -92.185819567316869, 34.272201480453433 ], [ -92.183846300400873, 34.271618813487642 ], [ -92.183502101029617, 34.272014613101881 ], [ -92.181667700880638, 34.271486680255073 ], [ -92.180601767416348, 34.270365213744128 ], [ -92.178648300883182, 34.270150680169664 ], [ -92.178125300912555, 34.269238013233618 ], [ -92.177059100358463, 34.269842679868347 ], [ -92.176152100509725, 34.269210480070683 ], [ -92.175767900857792, 34.269573213337878 ], [ -92.175556100990079, 34.269089413513989 ], [ -92.174562767529125, 34.269468613347641 ], [ -92.171338167883818, 34.268214813664471 ], [ -92.170901300458539, 34.267621013302985 ], [ -92.170742300717166, 34.268302680351127 ], [ -92.169709301244623, 34.268264080447999 ], [ -92.169073567257968, 34.268747680431858 ], [ -92.167365300737075, 34.267928413527038 ], [ -92.165378700386185, 34.268461280399158 ], [ -92.164279700411342, 34.267587013239208 ], [ -92.163339367389341, 34.26791108017995 ], [ -92.163352767569307, 34.267460280210337 ], [ -92.162531767554285, 34.266932480192693 ], [ -92.161181100247788, 34.26692121346111 ], [ -92.159949300903648, 34.267443080173706 ], [ -92.159446167673849, 34.267091213578091 ], [ -92.157664967883207, 34.267074279791949 ], [ -92.156778100592618, 34.26598007980688 ], [ -92.155553167139558, 34.265616880439602 ], [ -92.155666500700306, 34.263989813165679 ], [ -92.156845500685961, 34.262780613310142 ], [ -92.15574010091045, 34.261719280196758 ], [ -92.154382500255934, 34.262659013676675 ], [ -92.153952100582131, 34.262395013430961 ], [ -92.153979100458699, 34.261185613113689 ], [ -92.151940566987363, 34.259348880574606 ], [ -92.148497900643079, 34.259193880594687 ], [ -92.148160966994283, 34.257467613069664 ], [ -92.147578567098208, 34.257016613705481 ], [ -92.148214500447537, 34.256269213613088 ], [ -92.147394100704076, 34.2550100133261 ], [ -92.14485190021918, 34.254877280478837 ], [ -92.142866300710097, 34.25384307996255 ], [ -92.142296767193358, 34.253974813445957 ], [ -92.142005766957752, 34.253359013601646 ], [ -92.141601900570478, 34.253551213154253 ], [ -92.141641767913441, 34.25319388025828 ], [ -92.140271500792821, 34.252979013140305 ], [ -92.139258966986347, 34.252219880371598 ], [ -92.139543967692902, 34.251642880185237 ], [ -92.138928167556926, 34.251901013879902 ], [ -92.138470567438205, 34.249988680048574 ], [ -92.13591690116219, 34.24734341362592 ], [ -92.136208367879632, 34.246958679824687 ], [ -92.13510990048249, 34.246216079839627 ], [ -92.135818567295615, 34.245732613117909 ], [ -92.135322167722578, 34.245583880579886 ], [ -92.135680367469263, 34.244407679799181 ], [ -92.135250367384458, 34.24415461392298 ], [ -92.136263567817011, 34.243478813961623 ], [ -92.135140367540131, 34.240202013822369 ], [ -92.135842367610223, 34.239476613206051 ], [ -92.135339500515855, 34.239267413444573 ], [ -92.134710301220736, 34.239844413093543 ], [ -92.133942501138804, 34.239739613275859 ], [ -92.134466167339951, 34.238568879860466 ], [ -92.133824500596504, 34.238013413712835 ], [ -92.134049767033076, 34.237661613651298 ], [ -92.132906500523987, 34.23500041363728 ], [ -92.132039567699678, 34.234609680049445 ], [ -92.132192100920449, 34.234192013466433 ], [ -92.131231967816035, 34.234746680604395 ], [ -92.131245967339467, 34.233713213823719 ], [ -92.130537501192691, 34.234086680229673 ], [ -92.12948550077401, 34.233443013201629 ], [ -92.129081500663617, 34.233888080558756 ], [ -92.127685300707441, 34.233376080437679 ], [ -92.127355100237509, 34.232386413952661 ], [ -92.126210166920529, 34.23217141366765 ], [ -92.126177700652875, 34.231242413221551 ], [ -92.125628567290832, 34.231060613952856 ], [ -92.125146767976773, 34.230005613823259 ], [ -92.120659500297137, 34.23014041364786 ], [ -92.120962967921074, 34.228727413682108 ], [ -92.11983030107119, 34.227276613621569 ], [ -92.120100900970428, 34.226160480052009 ], [ -92.118326700872714, 34.225391680191485 ], [ -92.117625301138119, 34.225529413991197 ], [ -92.117399900828957, 34.224957679805279 ], [ -92.115937500705712, 34.225293680558771 ], [ -92.115401300631632, 34.225035613513541 ], [ -92.115731101300099, 34.22321028041258 ], [ -92.115327500408483, 34.223474280053104 ], [ -92.114493167519427, 34.222787480291998 ], [ -92.113030567456263, 34.222612213870832 ], [ -92.11212436708918, 34.223569080394341 ], [ -92.11119790025424, 34.223591413966162 ], [ -92.110595167142478, 34.222739613767345 ], [ -92.110039700335577, 34.223432413093299 ], [ -92.108477566997308, 34.223125213976317 ], [ -92.108463967046475, 34.22235548038018 ], [ -92.106868767130123, 34.221916280141194 ], [ -92.107662567942029, 34.221080413692228 ], [ -92.106365300267555, 34.220520213124829 ], [ -92.107006767170205, 34.21981628051001 ], [ -92.106536700570331, 34.219360080471986 ], [ -92.107429767204749, 34.218826613845295 ], [ -92.10660910062559, 34.218667413772287 ], [ -92.105907901099386, 34.219179013638623 ], [ -92.104643700898535, 34.218668013897862 ], [ -92.104557101157795, 34.217332213131975 ], [ -92.103537301314105, 34.215864679778832 ], [ -92.104377367288706, 34.215259813901035 ], [ -92.103821100417093, 34.214385880595962 ], [ -92.102365167505155, 34.214133479985662 ], [ -92.100022767341045, 34.214431013678784 ], [ -92.098665367092892, 34.212551280273878 ], [ -92.097838367300241, 34.212809880328699 ], [ -92.097090368011962, 34.21207901394726 ], [ -92.096369367084506, 34.212782813512348 ], [ -92.095912500891373, 34.211941813561985 ], [ -92.095654700623342, 34.212722480068017 ], [ -92.094794300732403, 34.212304880017491 ], [ -92.094556300468994, 34.21286568064788 ], [ -92.093960700383235, 34.212590879949019 ], [ -92.093484367016771, 34.21303628026088 ], [ -92.092915100813627, 34.212519680486707 ], [ -92.092200767901218, 34.213416013903441 ], [ -92.089706301020826, 34.21406521360899 ], [ -92.086721767003795, 34.213917279935771 ], [ -92.084048100303633, 34.212790813704721 ], [ -92.08261890083358, 34.213379279907357 ], [ -92.078046301102134, 34.211967013617489 ], [ -92.077377967134922, 34.212319013891943 ], [ -92.076517567297643, 34.21132401319251 ], [ -92.075326501301404, 34.210785413800373 ], [ -92.074882967289184, 34.209559480594478 ], [ -92.074181566987519, 34.209295680471747 ], [ -92.07419470039008, 34.208603013222834 ], [ -92.072917500894519, 34.20791588028802 ], [ -92.073804101067509, 34.206997813763913 ], [ -92.073704767574938, 34.206074280262555 ], [ -92.07222316760236, 34.205757480017148 ], [ -92.071256501392767, 34.20487047998845 ], [ -92.069456567276205, 34.202550679854639 ], [ -92.069390367760832, 34.201319280602291 ], [ -92.065949967266633, 34.201203879972752 ], [ -92.06564550134766, 34.200571813641048 ], [ -92.063700367036759, 34.199923013398909 ], [ -92.063276967056368, 34.200478280391721 ], [ -92.061914100709245, 34.200192413616776 ], [ -92.061232700409306, 34.197306280594603 ], [ -92.059737567906424, 34.196047413626879 ], [ -92.057269901011381, 34.195893280047265 ], [ -92.056303967042084, 34.194540880339346 ], [ -92.053141701245792, 34.194683613714552 ], [ -92.052910167367287, 34.194331680428583 ], [ -92.053538700719372, 34.193853480555326 ], [ -92.052665500677946, 34.193688479908054 ], [ -92.052414301052181, 34.192611013930453 ], [ -92.051024967288797, 34.192297480617512 ], [ -92.050978767153396, 34.191830213372555 ], [ -92.050343700898054, 34.192204013912558 ], [ -92.049768100554985, 34.191681680029795 ], [ -92.050204900543136, 34.190862613565685 ], [ -92.049054100935166, 34.189455080380711 ], [ -92.04892196784877, 34.188405080297834 ], [ -92.048220700935033, 34.188460013418371 ], [ -92.048558167970299, 34.18778388018098 ], [ -92.047790768077789, 34.188190614006565 ], [ -92.048055567790882, 34.187283480145766 ], [ -92.042313567797606, 34.187387080091973 ], [ -92.040752701381834, 34.186210480360991 ], [ -92.040217568089176, 34.183840880504015 ], [ -92.03913956713383, 34.182906213965026 ], [ -92.033438100400687, 34.181832880077124 ], [ -92.032181967100001, 34.179831613738628 ], [ -92.031672367091303, 34.180447080615643 ], [ -92.031169767576657, 34.180414013368384 ], [ -92.03087176773802, 34.181183480542607 ], [ -92.030428701219449, 34.181051480304895 ], [ -92.029992501397729, 34.180017880361589 ], [ -92.028153900717371, 34.179445680405827 ], [ -92.028260101233329, 34.178626613407197 ], [ -92.027400167742769, 34.178538413981556 ], [ -92.026944300628557, 34.177482679989545 ], [ -92.026057967967844, 34.177378013868413 ], [ -92.026660501201405, 34.176311679839685 ], [ -92.025833900400372, 34.175723213504504 ], [ -92.025297968086122, 34.176014413878065 ], [ -92.025304901335915, 34.175250280389932 ], [ -92.024657101108176, 34.17457388050142 ], [ -92.022600301095153, 34.174122480305165 ], [ -92.021727167644187, 34.174369613407727 ], [ -92.021124700959248, 34.175331280342434 ], [ -92.019960900861633, 34.174715279985847 ], [ -92.019735501219458, 34.17570468038506 ], [ -92.018062167920988, 34.175698613499158 ], [ -92.018147700928353, 34.176429813778199 ], [ -92.016857701089748, 34.176935013954086 ], [ -92.016560301455527, 34.17657761355499 ], [ -92.016083901452632, 34.176786414030552 ], [ -92.015958567766418, 34.176209080550954 ], [ -92.014265501093135, 34.175961013908633 ], [ -92.012679101025839, 34.174157213637265 ], [ -92.012447168105638, 34.174827680406743 ], [ -92.011197101156952, 34.175019680130795 ], [ -92.011719300576999, 34.175630080636914 ], [ -92.01113676816135, 34.176311480380072 ], [ -92.010020301406811, 34.176721080335263 ], [ -92.009492567639796, 34.176197213238694 ], [ -92.008945300759905, 34.17631621338127 ], [ -92.00879730128608, 34.177886813455956 ], [ -92.005871767634503, 34.176325613246576 ], [ -92.004331167211774, 34.177327880137199 ], [ -92.003294167104002, 34.1756460798426 ], [ -91.999615900681604, 34.175498279869004 ], [ -91.997355701358387, 34.174538679870537 ], [ -91.997361767791176, 34.173457013986749 ], [ -91.999151567745315, 34.173870280252444 ], [ -92.000509901191151, 34.173167480584482 ], [ -92.001510501406827, 34.170666680091003 ], [ -91.999093768037852, 34.16801167998188 ], [ -91.998487701346946, 34.166419080027019 ], [ -91.99404796766234, 34.163249214032305 ], [ -91.992129967297274, 34.162832213345602 ], [ -91.988888501453545, 34.161200880074169 ], [ -91.986949300511853, 34.158348480173494 ], [ -91.985849900652269, 34.155380480378071 ], [ -91.986126167244592, 34.152840613424644 ], [ -91.987546301268438, 34.150190280751694 ], [ -91.990129767176683, 34.147066680156257 ], [ -91.990505767543041, 34.145659280244423 ], [ -91.986885568051065, 34.139690680075184 ], [ -91.984246367492489, 34.137333280115897 ], [ -91.982950767572206, 34.137652613639155 ], [ -91.979208701473851, 34.137291080637716 ], [ -91.975936768182478, 34.138721479967607 ], [ -91.974416767616532, 34.140162213431388 ], [ -91.972421367163207, 34.143274280501984 ], [ -91.969770967886888, 34.145391480339356 ], [ -91.967365367159275, 34.148718014064293 ], [ -91.965045301520846, 34.150785480181682 ], [ -91.964788101003748, 34.152764480424381 ], [ -91.962508367640609, 34.158465679974483 ], [ -91.961775700694702, 34.163259480187811 ], [ -91.960169368127282, 34.165871013930904 ], [ -91.959118101161025, 34.166563813959954 ], [ -91.957339100753757, 34.166932413565689 ], [ -91.955936968212541, 34.16682821325653 ], [ -91.953264968000823, 34.165822480300982 ], [ -91.951009500558897, 34.163013680201246 ], [ -91.948502300869436, 34.156494080062629 ], [ -91.948746167917861, 34.150590013402834 ], [ -91.947158500754313, 34.143889013627359 ], [ -91.947462501503381, 34.142597080599529 ], [ -91.948797767295858, 34.140486013380176 ], [ -91.95272436742799, 34.137605013284983 ], [ -91.955725767900802, 34.136835013428488 ], [ -91.962931767159787, 34.136822680596865 ], [ -91.964445367980659, 34.135547080236385 ], [ -91.962811500893295, 34.132155479951123 ], [ -91.959704100786766, 34.130897280004106 ], [ -91.955796501158275, 34.127682013616656 ], [ -91.953909500868718, 34.125064480549973 ], [ -91.953089501095889, 34.122222480645071 ], [ -91.954258901501916, 34.119160280394723 ], [ -91.955613567828195, 34.11747248026456 ], [ -91.958019301443954, 34.11612528012283 ], [ -91.961495567679052, 34.115157280570173 ], [ -91.962618901200145, 34.114277479996915 ], [ -91.964813167668424, 34.114238614114662 ], [ -91.967602167968153, 34.113336413673714 ], [ -91.968573101357649, 34.111527680459801 ], [ -91.967779167491514, 34.109158414158536 ], [ -91.966384367806114, 34.107910813807329 ], [ -91.96598750114687, 34.106751013785761 ], [ -91.959707967253138, 34.101892480764256 ], [ -91.95870270068211, 34.098072013654459 ], [ -91.959903768119943, 34.091260680565775 ], [ -91.958951901472588, 34.089732480086276 ], [ -91.957240367788586, 34.088704680190737 ], [ -91.955211901523867, 34.088215680380458 ], [ -91.953890501341547, 34.088991080468212 ], [ -91.952892901005612, 34.088870213865654 ], [ -91.95174316773381, 34.089337613899737 ], [ -91.951776367962637, 34.090085213850813 ], [ -91.950593700919697, 34.090173280574774 ], [ -91.948220967658784, 34.093115080647735 ], [ -91.947377967457101, 34.096250814120978 ], [ -91.945740367607172, 34.097858480486565 ], [ -91.938462167917507, 34.100008413676584 ], [ -91.936030300978487, 34.101690613847865 ], [ -91.934543167858365, 34.104631613641232 ], [ -91.934813901270118, 34.107935480804201 ], [ -91.935858101454627, 34.109667213569757 ], [ -91.937853901599027, 34.111233880195464 ], [ -91.943061967216821, 34.113652680500465 ], [ -91.943782368118704, 34.115934080788755 ], [ -91.943511500916372, 34.117445880015588 ], [ -91.942235901046217, 34.11901261339387 ], [ -91.938131301170813, 34.120909213680633 ], [ -91.93201710078084, 34.121739013708719 ], [ -91.927568700988985, 34.120914013979657 ], [ -91.922149501395509, 34.117290613788398 ], [ -91.920444901376882, 34.114508680010161 ], [ -91.917973501324795, 34.112413813392813 ], [ -91.916341768120645, 34.109752880717103 ], [ -91.91307096761355, 34.108130413644403 ], [ -91.904658301628842, 34.107292680565266 ], [ -91.901214967666164, 34.107632413942284 ], [ -91.890798367918279, 34.10991008040974 ], [ -91.887943500732661, 34.109634013869481 ], [ -91.8871443016657, 34.108792613842368 ], [ -91.88706550111246, 34.107984480084426 ], [ -91.887965367439406, 34.106275280069099 ], [ -91.889168767359052, 34.105154280634835 ], [ -91.898560301167649, 34.103497680287205 ], [ -91.899677568116687, 34.102646013786817 ], [ -91.900941100934972, 34.099765814036218 ], [ -91.900961501314484, 34.098605880597688 ], [ -91.900374300880245, 34.09661567997901 ], [ -91.897951301273039, 34.092288613540362 ], [ -91.899617501043608, 34.090068213792335 ], [ -91.902353768276171, 34.088079080113189 ], [ -91.90556550139334, 34.086804680049667 ], [ -91.909642301525295, 34.085937080237649 ], [ -91.915245100967169, 34.085927413591065 ], [ -91.918548367871125, 34.087247413734367 ], [ -91.923450101600437, 34.091261080814405 ], [ -91.925835367974116, 34.091618680351154 ], [ -91.928974101453562, 34.090409614060576 ], [ -91.93084416794062, 34.088535213981622 ], [ -91.931405968216069, 34.086655213390024 ], [ -91.932456568276223, 34.085720680727775 ], [ -91.932007501465577, 34.084049480782227 ], [ -91.93238416770663, 34.082796080283863 ], [ -91.930779101118802, 34.079942880439354 ], [ -91.927726967225922, 34.077749213528705 ], [ -91.925309167945315, 34.077391680516222 ], [ -91.923168700983254, 34.077347413788232 ], [ -91.919230901168234, 34.078693680356452 ], [ -91.917757701519022, 34.078528480721111 ], [ -91.916667501131386, 34.079479280186206 ], [ -91.912010101232156, 34.078527280586208 ], [ -91.90804030104654, 34.076640813404872 ], [ -91.9061449010659, 34.075057079993456 ], [ -91.90337750107868, 34.073759014185363 ], [ -91.902776767933048, 34.072620814221047 ], [ -91.90146890105396, 34.072466613778865 ], [ -91.900247168318288, 34.071465613712526 ], [ -91.896310367734642, 34.070925480747675 ], [ -91.891540700745821, 34.071341613451999 ], [ -91.889089367804274, 34.072203680490169 ], [ -91.886888567280124, 34.073885014183176 ], [ -91.885665367382643, 34.075577480732825 ], [ -91.884897301262455, 34.078325880171569 ], [ -91.885457168185042, 34.080854880464209 ], [ -91.888974967532619, 34.086820880031887 ], [ -91.889014101173458, 34.087772013644575 ], [ -91.887658167600236, 34.090025213446651 ], [ -91.885767767576823, 34.091118414044843 ], [ -91.8822255012836, 34.092221680429645 ], [ -91.880381767582648, 34.092495680582985 ], [ -91.875690701467235, 34.092136013686485 ], [ -91.868782500692532, 34.093366413761466 ], [ -91.867572368254528, 34.091904613376244 ], [ -91.867386301001943, 34.089826680046833 ], [ -91.865714568363856, 34.084965013676516 ], [ -91.865698301623823, 34.081682813328548 ], [ -91.866564968284806, 34.079362280768265 ], [ -91.866682567628828, 34.07711161357998 ], [ -91.868552968028283, 34.075038013961148 ], [ -91.870063101468446, 34.074330080856363 ], [ -91.872942567393508, 34.073517680112282 ], [ -91.878219300923618, 34.07338221405039 ], [ -91.880212701634008, 34.072514813704373 ], [ -91.880852101479007, 34.071716280341725 ], [ -91.880874167861549, 34.068445413773858 ], [ -91.880109167559709, 34.066592480286822 ], [ -91.878752967381033, 34.065363880489009 ], [ -91.873763367843907, 34.063362414158853 ], [ -91.870861767749091, 34.063077680290334 ], [ -91.868080701610225, 34.063329080306822 ], [ -91.864246901490432, 34.065700680182459 ], [ -91.86178470097903, 34.068527213718347 ], [ -91.859968767631912, 34.069775813532068 ], [ -91.858470368308815, 34.071881813932706 ], [ -91.856079567367175, 34.072976480141094 ], [ -91.853404167364914, 34.073142413786421 ], [ -91.851336368219691, 34.072681213969084 ], [ -91.848422168111327, 34.070175413547226 ], [ -91.846611101410716, 34.067179813666854 ], [ -91.845677701577515, 34.061732280846115 ], [ -91.844058901228465, 34.059863680656079 ], [ -91.842096901478854, 34.058863613964654 ], [ -91.83851030168573, 34.058556613758732 ], [ -91.835359968107156, 34.059216814016956 ], [ -91.831020900705539, 34.060971080157955 ], [ -91.825552501023523, 34.064726280756531 ], [ -91.824178567734108, 34.064710013539056 ], [ -91.822883967652928, 34.06415481375781 ], [ -91.821741101565081, 34.062472813854576 ], [ -91.821516367950551, 34.060543280831702 ], [ -91.823087968245957, 34.058157280406654 ], [ -91.82449470162814, 34.056865414023946 ], [ -91.828199568084969, 34.054754213452007 ], [ -91.830477568302044, 34.051609413858962 ], [ -91.83120950070024, 34.046315480139334 ], [ -91.830542167756448, 34.044259680831956 ], [ -91.82889090086303, 34.042242480118198 ], [ -91.823257768075834, 34.039505413702166 ], [ -91.822617168434803, 34.038279613791602 ], [ -91.82492810157872, 34.036377413728815 ], [ -91.827879567827921, 34.036190080615818 ], [ -91.832019901642809, 34.036898680904869 ], [ -91.832957367644127, 34.036678680106505 ], [ -91.835149167467748, 34.034721280565044 ], [ -91.83812550149753, 34.029229013523995 ], [ -91.840059701510597, 34.028129080850341 ], [ -91.842410167788628, 34.027771213976514 ], [ -91.848960101025767, 34.028808480379219 ], [ -91.850240768029593, 34.028214480576771 ], [ -91.851539301099038, 34.023431414122086 ], [ -91.849960701422617, 34.021689280354494 ], [ -91.850428901413807, 34.020336814304784 ], [ -91.84606996816963, 34.016215213727214 ], [ -91.841085300981732, 34.014748614288379 ], [ -91.835269700769388, 34.015442480138248 ], [ -91.832695368116504, 34.016262013618203 ], [ -91.831374901108447, 34.015855413684406 ], [ -91.829658367931557, 34.014860680420696 ], [ -91.828331168282574, 34.013393080748621 ], [ -91.826818767466236, 34.009050413498279 ], [ -91.825082368148159, 34.006620880434163 ], [ -91.824039368224902, 34.006021814284139 ], [ -91.821801767715428, 34.00578561356599 ], [ -91.820831368350582, 34.005945080371426 ], [ -91.819121900732881, 34.007264613849721 ], [ -91.817722701252691, 34.009606413648456 ], [ -91.817663367539609, 34.011305013620287 ], [ -91.820093367422317, 34.013538880185152 ], [ -91.819851301255184, 34.016007080751145 ], [ -91.816222568175974, 34.019641813678703 ], [ -91.812765367412638, 34.020963680908153 ], [ -91.808507101412758, 34.021222014075299 ], [ -91.806506901771158, 34.020677680966287 ], [ -91.804770501378712, 34.020738080438989 ], [ -91.802400567453162, 34.019885814259972 ], [ -91.798993767511135, 34.019625280341891 ], [ -91.795337100942817, 34.017840080417159 ], [ -91.790583967697742, 34.017690880552337 ], [ -91.788359567768097, 34.01670648096102 ], [ -91.78608916807768, 34.015139280278738 ], [ -91.784439568125009, 34.013121480508197 ], [ -91.783595501030391, 34.010394680657072 ], [ -91.783668568257426, 34.008932480787507 ], [ -91.784414967856193, 34.00747588040268 ], [ -91.78704290164147, 34.00504121422216 ], [ -91.793518701346571, 34.002139814139369 ], [ -91.794990967809071, 34.000150080189258 ], [ -91.795279101473682, 33.998244880898469 ], [ -91.791689568483065, 33.991227680756182 ], [ -91.788751368062321, 33.988949680657321 ], [ -91.786036367802609, 33.987651014342084 ], [ -91.784108568280516, 33.987302214222808 ], [ -91.781786100961995, 33.987667213677362 ], [ -91.779374901027651, 33.989519280129187 ], [ -91.778675768230045, 33.993172680135906 ], [ -91.778679901401063, 33.998453413863963 ], [ -91.776889301355283, 34.000539813923652 ], [ -91.77480296764098, 34.00204968078485 ], [ -91.77330396764718, 34.002689613630906 ], [ -91.769252768353368, 34.002990280759469 ], [ -91.765486167969925, 34.002465480495346 ], [ -91.758996101865407, 34.00069148090212 ], [ -91.757264768263681, 34.001039014294015 ], [ -91.754755168114301, 34.002593280710805 ], [ -91.753554101520876, 34.00456248020722 ], [ -91.75354430085919, 34.006285213504491 ], [ -91.754394968177209, 34.00849541354598 ], [ -91.757497501735457, 34.011592080431079 ], [ -91.758306968036706, 34.013216880748971 ], [ -91.75772010172102, 34.014176814082838 ], [ -91.753880768523615, 34.016808080689628 ], [ -91.752166368091892, 34.017299480522531 ], [ -91.748729967801879, 34.017143414211446 ], [ -91.737826967608015, 34.012067280882114 ], [ -91.736113500864107, 34.010612480659063 ], [ -91.736659901306552, 34.008875214001201 ], [ -91.740939167649472, 34.007234414052533 ], [ -91.742829568208677, 34.006080880674496 ], [ -91.744117901083186, 34.004238480557824 ], [ -91.74449256789498, 34.002681213460825 ], [ -91.744244701797442, 34.000961414165396 ], [ -91.74303430161072, 33.99929021353099 ], [ -91.737811101731523, 33.996433280745123 ], [ -91.736968301077667, 33.995580680992724 ], [ -91.736775967900456, 33.992850880302115 ], [ -91.737447301297337, 33.991339480743392 ], [ -91.740930968079468, 33.988232880171608 ], [ -91.746033301863548, 33.985810013987354 ], [ -91.751787701011651, 33.98106528062209 ], [ -91.756505367774764, 33.979880614308655 ], [ -91.761265368329632, 33.979802880237273 ], [ -91.762936168181554, 33.979356280921387 ], [ -91.763466168412933, 33.978610280736035 ], [ -91.762054301310798, 33.976691680546182 ], [ -91.759741301775193, 33.97565088056114 ], [ -91.75747436750143, 33.976234613637565 ], [ -91.754776368508985, 33.97456781378974 ], [ -91.749785301540797, 33.97258981389232 ], [ -91.74465916856191, 33.972118413813178 ], [ -91.741483701554586, 33.972713080156652 ], [ -91.739142301467282, 33.973865813538147 ], [ -91.737253767626626, 33.975993680603302 ], [ -91.735582967816555, 33.97963668041065 ], [ -91.734706167971183, 33.980313480910397 ], [ -91.733785168386063, 33.980166814180642 ], [ -91.733062900908223, 33.978539013620313 ], [ -91.734529101039996, 33.972951880201109 ], [ -91.736367700877778, 33.968977280299434 ], [ -91.738243367728217, 33.966752281001568 ], [ -91.742371768459947, 33.964129480409916 ], [ -91.747769300956278, 33.962699080261082 ], [ -91.750173301560153, 33.962898413735324 ], [ -91.754708501448491, 33.965329013606272 ], [ -91.758059501778746, 33.965455280517418 ], [ -91.759379501022025, 33.965117014351399 ], [ -91.76059356803178, 33.964115814298175 ], [ -91.761590368392305, 33.964293680235421 ], [ -91.767276767625063, 33.960182080169083 ], [ -91.77074416786138, 33.959684814134498 ], [ -91.774577968210707, 33.960347880828444 ], [ -91.777413900903667, 33.961634414022285 ], [ -91.779032968305941, 33.963025680879788 ], [ -91.780994500884475, 33.965691614033759 ], [ -91.781678501840133, 33.967963213921877 ], [ -91.782366901321453, 33.968680213935208 ], [ -91.784086767954122, 33.968934814168506 ], [ -91.786757168398438, 33.967212013626074 ], [ -91.786929900874142, 33.965007480420844 ], [ -91.786113368005871, 33.963858814352285 ], [ -91.786180368390418, 33.962365880569976 ], [ -91.784058301627496, 33.958195080762593 ], [ -91.782905167790503, 33.953173014296944 ], [ -91.779339300897959, 33.949850080951371 ], [ -91.77514336779997, 33.947583480975133 ], [ -91.774843900962168, 33.947191414323498 ], [ -91.775220101265106, 33.946699614320252 ], [ -91.774450768433965, 33.946544280211924 ], [ -91.77348950158833, 33.945065213824279 ], [ -91.771450901100039, 33.940752281048709 ], [ -91.76909070148065, 33.939896213642086 ], [ -91.767127900966187, 33.940679281004712 ], [ -91.766311701748094, 33.941877214405501 ], [ -91.76516336839542, 33.946423281012905 ], [ -91.763811901809959, 33.947448814136756 ], [ -91.760600501213673, 33.947852080905548 ], [ -91.758044701126948, 33.947301480344635 ], [ -91.756484167901945, 33.94647088022024 ], [ -91.754694168257032, 33.945186814226552 ], [ -91.753467967538384, 33.943447880289561 ], [ -91.75285370156125, 33.941743014147853 ], [ -91.753085501862216, 33.939554080295544 ], [ -91.754534501374906, 33.936831814274818 ], [ -91.759321501594641, 33.933279813936295 ], [ -91.759508701799334, 33.93145188066854 ], [ -91.757154501306147, 33.929071080660698 ], [ -91.753774567553037, 33.927409214288879 ], [ -91.750746568257298, 33.926904881030268 ], [ -91.747919701630309, 33.927270414449303 ], [ -91.746698101596422, 33.928643280675381 ], [ -91.745154168067657, 33.928971080985903 ], [ -91.743315301574953, 33.932512213601136 ], [ -91.743622568096526, 33.936186414255459 ], [ -91.746105300955222, 33.939989081019938 ], [ -91.746934101549414, 33.943181214310485 ], [ -91.745227767742222, 33.948704881045863 ], [ -91.743940568510638, 33.950557880323963 ], [ -91.741360768232852, 33.951950880241142 ], [ -91.739940701746193, 33.953239413862548 ], [ -91.729030701199875, 33.953442014045905 ], [ -91.722986101541011, 33.957306014397219 ], [ -91.722075968485058, 33.957390014314683 ], [ -91.7212075675329, 33.956912480735831 ], [ -91.721186367786132, 33.955423680535191 ], [ -91.723188301614925, 33.953253814020364 ], [ -91.72391916774734, 33.950476413558555 ], [ -91.723352568371908, 33.948428813784794 ], [ -91.721862967594873, 33.946431814084214 ], [ -91.718162968267876, 33.944251280484899 ], [ -91.711206901192654, 33.942683013981792 ], [ -91.709255568056165, 33.941192414223153 ], [ -91.707411501217933, 33.938944080960162 ], [ -91.705538167746084, 33.9377488810579 ], [ -91.695304501194869, 33.935176481025998 ] ] } },
{ "type": "Feature", "properties": { "stream_name": "Derrieusseaux Creek", "gnis_name": "Derrieusseaux Creek", "county": "Cleveland", "trib_of": "Saline River" }, "geometry": { "type": "MultiLineString", "coordinates": [ [ [ -92.180460700832143, 34.35824621369801 ], [ -92.181574167346014, 34.359279680035442 ], [ -92.183715300335578, 34.358917013371652 ], [ -92.184265500317366, 34.359279880320322 ], [ -92.185750367103665, 34.357850680113025 ], [ -92.187944500369341, 34.356784213449949 ], [ -92.188362100828598, 34.356003613543614 ], [ -92.189986101041484, 34.355431880017527 ], [ -92.190940700432236, 34.354293880265089 ], [ -92.192279566931347, 34.354030080162246 ], [ -92.192127100204672, 34.35352428031792 ], [ -92.193963100527682, 34.352523680372762 ], [ -92.19493736786383, 34.350929413447943 ], [ -92.195639901034625, 34.350852413301673 ], [ -92.195792366974331, 34.350379613235525 ], [ -92.196846301025701, 34.350522479700821 ], [ -92.19689930019544, 34.350121213511763 ], [ -92.198251300621394, 34.349857280115579 ], [ -92.198768300156459, 34.348999612901999 ], [ -92.19990816735401, 34.349043480019731 ], [ -92.2002263009378, 34.348339813321182 ], [ -92.201028300668142, 34.348191413326454 ], [ -92.201008167585513, 34.346344213430605 ], [ -92.200610500546063, 34.345921012960545 ], [ -92.201054500183716, 34.345431680399265 ], [ -92.200703100901734, 34.34519527984061 ], [ -92.202326900824545, 34.344799280467889 ], [ -92.202008566803585, 34.344216613105722 ], [ -92.202459167698706, 34.34361181356104 ], [ -92.202167501000503, 34.343111679791022 ], [ -92.202611501047755, 34.342869679591068 ], [ -92.202253567455344, 34.342655413668361 ], [ -92.202392567148308, 34.341314013477323 ], [ -92.204228100670832, 34.339708479754918 ], [ -92.204863900577024, 34.337394080304222 ], [ -92.206950967336127, 34.335425679919894 ], [ -92.206573166880119, 34.334925479682205 ], [ -92.207069967757718, 34.334238280247661 ], [ -92.206791566963034, 34.33369408008771 ], [ -92.206062700993556, 34.333562213701207 ], [ -92.206367300754096, 34.332891480381456 ], [ -92.205684700848295, 34.332578213800659 ], [ -92.206281100424803, 34.332396812935315 ], [ -92.206015900487486, 34.331973479707287 ], [ -92.206446567479858, 34.331737080344773 ], [ -92.205472367122027, 34.33106107982249 ], [ -92.205982367635698, 34.330077013261267 ], [ -92.204928701051884, 34.329791213832685 ], [ -92.204742967030981, 34.328719213719246 ], [ -92.206922367597684, 34.325893212943484 ], [ -92.206465101148183, 34.32493127974837 ], [ -92.206637101051356, 34.32373287974557 ], [ -92.207160500437723, 34.323595279927332 ], [ -92.206285767858176, 34.322869813117705 ], [ -92.207941900481018, 34.321511679755304 ], [ -92.208371900154916, 34.318240680084031 ], [ -92.209305967541553, 34.317806279858225 ], [ -92.209624100467948, 34.318020613014419 ], [ -92.20955096690237, 34.317426880166813 ], [ -92.21014730116174, 34.317316879695419 ], [ -92.210007767066884, 34.316134880388724 ], [ -92.210478167327821, 34.315980879797699 ], [ -92.210570766809468, 34.315211213784316 ], [ -92.209934567848308, 34.314546213479815 ], [ -92.210735967133616, 34.313633413521238 ], [ -92.210298566802592, 34.312803479741675 ], [ -92.210914567370452, 34.312512013512325 ], [ -92.21024536701789, 34.312237213836923 ], [ -92.210205500329039, 34.311726012966453 ], [ -92.210867966783141, 34.311791880328428 ], [ -92.210768500352984, 34.311319013200752 ], [ -92.211596567745232, 34.31125287984716 ], [ -92.211709100996927, 34.310675679668293 ], [ -92.212636700441635, 34.310878880021221 ], [ -92.213060500479727, 34.31032361357542 ], [ -92.213391767581868, 34.310636880215107 ], [ -92.214060900151267, 34.310383880427459 ], [ -92.214510966761011, 34.309190880101781 ], [ -92.214159567000394, 34.308118880123381 ], [ -92.21470910026045, 34.307057813757496 ], [ -92.215199300106235, 34.306876279742845 ], [ -92.215623501073523, 34.307464413188427 ], [ -92.216597167363574, 34.307216813626219 ], [ -92.216842101115191, 34.306513080459901 ], [ -92.216020367015091, 34.305853613404388 ], [ -92.217490900155809, 34.305259480112852 ], [ -92.21672890070262, 34.304874879678422 ], [ -92.218020566861568, 34.30450628010518 ], [ -92.217808367825683, 34.303824613109171 ], [ -92.218881501143997, 34.30353848030532 ], [ -92.221723366816505, 34.303862080494433 ], [ -92.220418100801794, 34.302988413747151 ], [ -92.221868700999309, 34.302509679732175 ], [ -92.22227230105517, 34.301333079995075 ], [ -92.222484566998631, 34.302124679785692 ], [ -92.22299450037265, 34.301767213658842 ], [ -92.223650367698482, 34.301915480479835 ], [ -92.222821767221447, 34.300590879705233 ], [ -92.223305367664409, 34.300926079729628 ], [ -92.223861700996167, 34.300403680254021 ], [ -92.225319300145472, 34.300952880291895 ], [ -92.225477901050226, 34.300078813555444 ], [ -92.225842566769046, 34.300804279707918 ], [ -92.226040966777589, 34.300293013285398 ], [ -92.22639896692975, 34.300809680266532 ], [ -92.227166967229067, 34.299935279834123 ], [ -92.22768396705176, 34.300583880089363 ], [ -92.228856367435654, 34.30055048010388 ], [ -92.229107700659569, 34.299731279658587 ], [ -92.229717500416143, 34.300374279731535 ], [ -92.230220767150669, 34.300115813111958 ], [ -92.230061700627289, 34.299764013538187 ], [ -92.230671100287751, 34.299802213014381 ], [ -92.231347100487682, 34.300489213753501 ], [ -92.232890100582608, 34.299730013414162 ], [ -92.232889901113055, 34.299075813386068 ], [ -92.234969567623594, 34.298723213628662 ], [ -92.234677700347603, 34.297794212986176 ], [ -92.233849567175497, 34.297855013860001 ], [ -92.234313100470573, 34.297387613428945 ], [ -92.235200766747823, 34.29757408006153 ], [ -92.235716901009525, 34.296540413277818 ], [ -92.234709700819081, 34.295705213584696 ], [ -92.235351701121402, 34.294979279994521 ], [ -92.234563300465737, 34.294605679680338 ], [ -92.234900766872073, 34.294105280466034 ], [ -92.234456901123124, 34.293770213568699 ], [ -92.235926900352226, 34.293011013801959 ], [ -92.235171100575656, 34.291752280206815 ], [ -92.237362500132804, 34.28997581364991 ], [ -92.238574767711981, 34.290316213309112 ], [ -92.240163100131554, 34.28818248045755 ], [ -92.240580567623439, 34.288622213462986 ], [ -92.241216300995518, 34.288478880344883 ], [ -92.240951100109143, 34.2879676802837 ], [ -92.241321700982397, 34.287604813116666 ], [ -92.240712100609258, 34.287082813018202 ], [ -92.241917566893434, 34.287148280501526 ], [ -92.243149100894755, 34.286537480133241 ], [ -92.242618566948494, 34.285619679766747 ], [ -92.243664900303841, 34.285311280162091 ], [ -92.24254536686847, 34.285042413548489 ], [ -92.242081367580198, 34.284448880419525 ], [ -92.242908766912052, 34.283623879863846 ], [ -92.243730500149525, 34.284255680426391 ], [ -92.244206766736042, 34.28357381376523 ], [ -92.245365900977049, 34.283677813499544 ], [ -92.245153300940302, 34.282649880300362 ], [ -92.24583510075891, 34.282154813739261 ], [ -92.245324900059387, 34.28179768050402 ], [ -92.245655700335021, 34.281192813854688 ], [ -92.244887567351725, 34.281457013270966 ], [ -92.24445690033329, 34.281088880019041 ], [ -92.246211500812493, 34.280593280479792 ], [ -92.246270767198126, 34.280076479873372 ], [ -92.245568900247619, 34.280280213783065 ], [ -92.245489167131424, 34.279939479861397 ], [ -92.247104767599822, 34.279482280235619 ], [ -92.246826500297999, 34.279152613568755 ], [ -92.245813167673759, 34.279257613686688 ], [ -92.246084167767947, 34.278460280322186 ], [ -92.247652967366406, 34.277387613286542 ], [ -92.248732966868602, 34.27809621326147 ], [ -92.249838767512131, 34.277886813445328 ], [ -92.249540167351597, 34.277067813881402 ], [ -92.250268967195282, 34.276208680280114 ], [ -92.249313967402301, 34.275732013834229 ], [ -92.249724500282639, 34.275473413227822 ], [ -92.250593766732479, 34.27573607991129 ], [ -92.250772900924886, 34.275406280123967 ], [ -92.249988500448865, 34.274329879858435 ], [ -92.252118566863814, 34.273471880428843 ], [ -92.252304766770081, 34.272515480204966 ], [ -92.251729167436082, 34.27165748020056 ], [ -92.25221290083401, 34.271322479717504 ], [ -92.251048500513193, 34.269914613392672 ], [ -92.251982100631764, 34.26993141387667 ], [ -92.252406567240129, 34.26891468023117 ], [ -92.253465900468157, 34.269173613084945 ], [ -92.253254367770779, 34.26864567980644 ], [ -92.253896766943242, 34.268541613205535 ], [ -92.254619167711468, 34.26760727995881 ], [ -92.255499900725511, 34.267607680360719 ], [ -92.256089767416, 34.266739413199943 ], [ -92.255732567589362, 34.266299479931369 ], [ -92.254805500492765, 34.266398013833793 ], [ -92.255295967108424, 34.2656120137014 ], [ -92.255044900969395, 34.264803813721606 ], [ -92.253648367649987, 34.263835613573256 ], [ -92.253589300054884, 34.26318681373828 ], [ -92.254562701050034, 34.263170813394979 ], [ -92.253960567372943, 34.262483413077341 ], [ -92.254576567749709, 34.262148280250727 ], [ -92.253662967235087, 34.261966413831132 ], [ -92.253981100887302, 34.261515813722539 ], [ -92.253387900319652, 34.26128121368648 ], [ -92.253915367679639, 34.260911013870661 ], [ -92.253240301068715, 34.26057541356429 ], [ -92.254703700718792, 34.260262679864461 ], [ -92.253955967010683, 34.259580680577784 ], [ -92.25332036695788, 34.259585813284801 ], [ -92.253155300670556, 34.258904079925777 ], [ -92.253605767553324, 34.258629479907412 ], [ -92.251971366767407, 34.257166280513154 ], [ -92.251978900430544, 34.256039280406142 ], [ -92.252482167643691, 34.255814213738184 ], [ -92.251906367642079, 34.255473013192749 ], [ -92.252403166869684, 34.255231413834956 ], [ -92.251483100998399, 34.254851613415909 ], [ -92.251808101047686, 34.254230613296414 ], [ -92.249946767066788, 34.253637413548226 ], [ -92.250299366998647, 34.252899480475662 ], [ -92.249826567498374, 34.25227401314627 ], [ -92.249604301015651, 34.249715680592615 ], [ -92.250460167190283, 34.248263079994537 ], [ -92.250408500290078, 34.246652280364899 ], [ -92.249508767113127, 34.245752013486936 ], [ -92.249872567332346, 34.245284613408643 ], [ -92.251151100194789, 34.245096880018949 ], [ -92.25080790060403, 34.243584813630775 ], [ -92.251443566937056, 34.243304813684937 ], [ -92.251424700402922, 34.2420458802656 ], [ -92.252782700649036, 34.240798680592924 ], [ -92.252306100412838, 34.240655480319155 ], [ -92.252181300513357, 34.239473413389547 ], [ -92.25329950101991, 34.240045813825368 ], [ -92.253293300630588, 34.239457480012156 ], [ -92.252234700444731, 34.238764280566457 ], [ -92.252791300744548, 34.238033413176616 ], [ -92.252361967631117, 34.236603880214233 ], [ -92.252944966763124, 34.2360268804551 ], [ -92.252005167555922, 34.235900013606148 ], [ -92.251660566842077, 34.23636708014277 ], [ -92.251210700218394, 34.236103013435873 ], [ -92.251522501012431, 34.235135613454304 ], [ -92.250430566880951, 34.234805213573971 ], [ -92.250564767153179, 34.232402880258498 ], [ -92.252048766704064, 34.230594880169527 ], [ -92.251831167234599, 34.229528279869776 ], [ -92.253287300212705, 34.229518080047221 ], [ -92.253837767032024, 34.227869013920547 ], [ -92.254546167462649, 34.227501080191026 ], [ -92.253547101077274, 34.227027813233697 ], [ -92.253799700287516, 34.225494079877059 ], [ -92.252767300458089, 34.225515613119562 ], [ -92.25209976734476, 34.22416841336203 ], [ -92.252206100143837, 34.223613080508962 ], [ -92.254046900246294, 34.222261813424417 ], [ -92.252545166709879, 34.221551813598055 ], [ -92.253504967783485, 34.221271880212143 ], [ -92.254160967245127, 34.219963813438042 ], [ -92.25474976754937, 34.220283013968682 ], [ -92.25638470058108, 34.219986879977384 ], [ -92.256027567441365, 34.219475413679305 ], [ -92.255120766803245, 34.219738879778689 ], [ -92.254379900738655, 34.219238280283136 ], [ -92.256511767599278, 34.217952813274394 ], [ -92.255718300773722, 34.216924413306842 ], [ -92.256168567195274, 34.216462880042869 ], [ -92.255321967142308, 34.215973213534262 ], [ -92.255977300711436, 34.215643680649968 ], [ -92.25622836672693, 34.216160480551459 ], [ -92.257201500872142, 34.215682680424841 ], [ -92.25702336765103, 34.214907413636894 ], [ -92.257863900658208, 34.214869413853577 ], [ -92.256699700352129, 34.214132079874631 ], [ -92.257494301033404, 34.213318880251414 ], [ -92.257097500512089, 34.212884413985556 ], [ -92.257243767456501, 34.211746479929559 ], [ -92.25788610089333, 34.211103613165868 ], [ -92.257370167163742, 34.210812013964087 ], [ -92.257364500693654, 34.209470480484974 ], [ -92.257901366931435, 34.208008479784837 ], [ -92.258656100815628, 34.207442613210056 ], [ -92.258550900569418, 34.206496880116575 ], [ -92.259193367590072, 34.205469213771025 ], [ -92.259293301007659, 34.204529213500848 ], [ -92.258724500679023, 34.204034080524536 ], [ -92.259049900308085, 34.202159613643154 ], [ -92.259771367591284, 34.201720213582476 ], [ -92.260175700451583, 34.200565813686964 ], [ -92.260691901007974, 34.200599080384038 ], [ -92.261328300271842, 34.198565280472437 ], [ -92.260289567568918, 34.198311879993746 ], [ -92.260024566738124, 34.198938480164571 ], [ -92.259336500956564, 34.198899680254286 ], [ -92.259839700684111, 34.198454613615603 ], [ -92.259304366745042, 34.197470413398335 ], [ -92.259787900758027, 34.196563413629541 ], [ -92.260906100896037, 34.196597013873713 ], [ -92.261316500158642, 34.196190280604455 ], [ -92.259966967049934, 34.195920280556777 ], [ -92.259180300438018, 34.195007413438681 ], [ -92.259961166763588, 34.194579013448298 ], [ -92.260946900934883, 34.194738813208815 ], [ -92.259855967080512, 34.193479280280755 ], [ -92.26116616758452, 34.193100613799594 ], [ -92.259923100054422, 34.192077480408273 ], [ -92.258666100571986, 34.192033013597133 ], [ -92.260155167087362, 34.191154013966894 ], [ -92.25897156738526, 34.190378413725746 ], [ -92.259712766713108, 34.189818013248612 ], [ -92.259514967029716, 34.188910813327709 ], [ -92.260679100425321, 34.189164213569413 ], [ -92.260778701110027, 34.188532013163289 ], [ -92.259879500548848, 34.187811413414053 ], [ -92.258979700316146, 34.187943013645793 ], [ -92.258788366979473, 34.186958813842395 ], [ -92.259682100943664, 34.186151080419236 ], [ -92.26052830065025, 34.187069480427326 ], [ -92.260951767375687, 34.186684880613186 ], [ -92.25845330033485, 34.183533680406022 ], [ -92.258844100906074, 34.182786213685233 ], [ -92.258249366918918, 34.181752413472935 ], [ -92.258276967622805, 34.17996021378584 ], [ -92.257721567306845, 34.179525680535242 ], [ -92.257048700453808, 34.176897613563256 ], [ -92.254899767343744, 34.175538613961265 ], [ -92.253861167135611, 34.175890013732086 ], [ -92.253114100251821, 34.175416813785972 ], [ -92.25347210034316, 34.174218480065967 ], [ -92.254351967214845, 34.173916613792983 ], [ -92.25363130023382, 34.173449013636173 ], [ -92.254532100332952, 34.171712213218868 ], [ -92.2537981004089, 34.171524880290541 ], [ -92.254115967566193, 34.170925814004995 ], [ -92.253256700897552, 34.170221679989105 ], [ -92.253066966838489, 34.167231013960816 ], [ -92.253503767570095, 34.166796880290768 ], [ -92.253193300719047, 34.166230413217761 ], [ -92.253803701078368, 34.163503880482729 ], [ -92.253189366856105, 34.16238221375005 ], [ -92.252561166724419, 34.162266413765032 ], [ -92.252952167287802, 34.161117613891278 ], [ -92.25202030079295, 34.160237480465995 ], [ -92.253284100465521, 34.159386013303063 ], [ -92.25317216717751, 34.158742680136498 ], [ -92.2521733673114, 34.158830280248317 ], [ -92.252061300193105, 34.158390413921964 ], [ -92.25135970039068, 34.159308080534743 ], [ -92.25014970028792, 34.158977613914402 ], [ -92.250275767452635, 34.158488413474949 ], [ -92.249710700495882, 34.158231413831409 ], [ -92.250474900693149, 34.157361480022729 ], [ -92.249881166882204, 34.156461080332605 ], [ -92.248856300508891, 34.156439680123846 ], [ -92.248255367740072, 34.157742880182838 ], [ -92.247858700662348, 34.157770614014105 ], [ -92.247196767688266, 34.157001213304767 ], [ -92.247658900667105, 34.155808013785382 ], [ -92.24652770104754, 34.155302814045505 ], [ -92.2481191671136, 34.152278279872071 ], [ -92.247920500859877, 34.151783613499958 ], [ -92.246908900500969, 34.151866613550212 ], [ -92.247754767351594, 34.151288880752737 ], [ -92.246716500589741, 34.151091614038386 ], [ -92.246954100938225, 34.150426280480289 ], [ -92.246080767452511, 34.149679013372463 ], [ -92.24530730027908, 34.149882680627442 ], [ -92.245149100064097, 34.150641479920353 ], [ -92.244778567701729, 34.150471279968443 ], [ -92.244883301061748, 34.148783413991588 ], [ -92.245643167452272, 34.14799688069462 ], [ -92.244313700065987, 34.147365280254363 ], [ -92.244815366871023, 34.146095080228733 ], [ -92.243803100204445, 34.145205013953266 ], [ -92.242652767051439, 34.145408880714157 ], [ -92.241361967537074, 34.14336441345462 ], [ -92.240806567336989, 34.143122813761885 ], [ -92.240257900147625, 34.143513279921294 ], [ -92.239622566734369, 34.142568013577382 ], [ -92.238974967225971, 34.143107014074545 ], [ -92.237896900876066, 34.142480813962429 ], [ -92.238385500838149, 34.141414014048628 ], [ -92.239073167362051, 34.141424813686569 ], [ -92.237703966918886, 34.140490680609659 ], [ -92.237947967794852, 34.139528613594322 ], [ -92.23716096758892, 34.13908908003841 ], [ -92.236718167805194, 34.139435480536171 ], [ -92.23614290036663, 34.139265413834785 ], [ -92.236307767731248, 34.138523080191071 ], [ -92.233714501147688, 34.135681880418034 ], [ -92.232140900759276, 34.135528613308239 ], [ -92.232833500475593, 34.132504613653452 ], [ -92.232257967067738, 34.13205948071159 ], [ -92.232211300378196, 34.130982013857029 ], [ -92.233334300069529, 34.129618213519116 ], [ -92.232454367642262, 34.128315613893697 ], [ -92.232691967649274, 34.12765581341818 ], [ -92.232242100184948, 34.126941280502116 ], [ -92.232737767204384, 34.12667168010487 ], [ -92.231811900577057, 34.125863880663189 ], [ -92.231557566840038, 34.123632013549702 ], [ -92.230698100322627, 34.123231013478538 ], [ -92.230598500757196, 34.122428480100019 ], [ -92.229725967721066, 34.122428680243864 ], [ -92.22941510032436, 34.122016480430474 ], [ -92.231120166774105, 34.121372814147286 ], [ -92.231608767141338, 34.120113613572485 ], [ -92.23000850064507, 34.118805680073017 ], [ -92.229253967222988, 34.116727880439157 ], [ -92.228434367546086, 34.116695079975969 ], [ -92.227700367116839, 34.116046680453309 ], [ -92.227957700262522, 34.115112013414958 ], [ -92.227150500508472, 34.113160613531328 ], [ -92.227890100420709, 34.111912413369907 ], [ -92.227003900954244, 34.110675813571881 ], [ -92.228576567531562, 34.109740680011477 ], [ -92.225958967669243, 34.109191680511159 ], [ -92.226117300438631, 34.108477013495673 ], [ -92.227346501132843, 34.108245679967546 ], [ -92.227246967317214, 34.107300080260124 ], [ -92.225244567615533, 34.107460213945409 ], [ -92.224900501013806, 34.106729013964717 ], [ -92.224371967361094, 34.107059014110654 ], [ -92.224589367609056, 34.105624080539563 ], [ -92.225309700816467, 34.105332613794978 ], [ -92.225018767471482, 34.104953280401261 ], [ -92.22382916732073, 34.105124080354585 ], [ -92.223491967283266, 34.104772280178061 ], [ -92.223082500339984, 34.105201280029299 ], [ -92.223405900675289, 34.104305080545245 ], [ -92.224701100945566, 34.104018814150749 ], [ -92.224780167076304, 34.103265613497037 ], [ -92.222611901066657, 34.101990813422447 ], [ -92.223100700274756, 34.101380413328648 ], [ -92.222367100457973, 34.101094680516333 ], [ -92.222644367481521, 34.100616413392842 ], [ -92.222142101023536, 34.100358080042078 ], [ -92.223284767039274, 34.098917480768087 ], [ -92.222940900348121, 34.098197280279791 ], [ -92.223574700456467, 34.096536880057386 ], [ -92.224783900929069, 34.09644308035697 ], [ -92.225245767537658, 34.094920080491541 ], [ -92.225966100825261, 34.095046413792588 ], [ -92.226395500378217, 34.094557013813997 ], [ -92.226077900965976, 34.093743413959444 ], [ -92.224538367641344, 34.093969213406169 ], [ -92.224584300992333, 34.093199613404344 ], [ -92.22607096782076, 34.092781280277656 ], [ -92.227240567268126, 34.092995413774851 ], [ -92.227022166789595, 34.092121413827883 ], [ -92.226196100998806, 34.091802679990842 ], [ -92.226592367756695, 34.091340813793245 ], [ -92.227385300981709, 34.091599013810459 ], [ -92.227861701042784, 34.092753280683418 ], [ -92.228429966948141, 34.09285208061268 ], [ -92.230028567442091, 34.091697080251578 ], [ -92.230556367107908, 34.090025613374422 ], [ -92.231249900220504, 34.08940421365967 ], [ -92.229709567109026, 34.087744414182396 ], [ -92.22995356770403, 34.086974614188215 ], [ -92.228935700868703, 34.086194413720449 ], [ -92.227639567364264, 34.084056214167212 ], [ -92.22624510081431, 34.083111013917765 ], [ -92.226429767268101, 34.082368814075281 ], [ -92.225669900084839, 34.082352480541779 ], [ -92.224863367759994, 34.081132280757942 ], [ -92.22508756721929, 34.080170080698409 ], [ -92.223857700210573, 34.077658080198326 ], [ -92.225528300717741, 34.075491480339167 ], [ -92.2248011004869, 34.074546080584525 ], [ -92.224754167655576, 34.073039813719653 ], [ -92.224132967154858, 34.072517680181186 ], [ -92.224548967060485, 34.07198981405574 ], [ -92.224026567551974, 34.070808013498507 ], [ -92.225129300267312, 34.069603680426155 ], [ -92.223828101088344, 34.070236280143043 ], [ -92.223405300428311, 34.069994480680727 ], [ -92.224303167475711, 34.068636280462343 ], [ -92.223662100392332, 34.068180214000151 ], [ -92.223873167656706, 34.067311480063324 ], [ -92.225009501069565, 34.067531080221137 ], [ -92.225854766924598, 34.066667813856732 ], [ -92.225101500752615, 34.066283080686794 ], [ -92.22566270095767, 34.065612280096374 ], [ -92.225127167806448, 34.064743813700595 ], [ -92.22572150089762, 34.064089414234225 ], [ -92.224274500976819, 34.063358613694454 ], [ -92.225027367153885, 34.06291308031372 ], [ -92.225159101065941, 34.062011480025227 ], [ -92.22638136700229, 34.06241788010248 ], [ -92.226281700391922, 34.061164480114947 ], [ -92.227087166819857, 34.060493480709518 ], [ -92.228025100204462, 34.060361280036751 ], [ -92.227786900800325, 34.059223413543123 ], [ -92.228757700183024, 34.058766680824768 ], [ -92.229978167083146, 34.055830613414493 ], [ -92.230922366961181, 34.055264013830573 ], [ -92.230340500327273, 34.053889813469695 ], [ -92.231845766822872, 34.052586413488363 ], [ -92.231785966783377, 34.052053080223899 ], [ -92.230206767302505, 34.050690213562277 ], [ -92.231672567201713, 34.049777213758844 ], [ -92.230945767109446, 34.049216613613901 ], [ -92.231421100868587, 34.048633680526166 ], [ -92.230872567171559, 34.048227080306219 ], [ -92.231169500138364, 34.047396880495235 ], [ -92.232199700321857, 34.047297480198189 ], [ -92.232364501072794, 34.046808213390491 ], [ -92.230362967232352, 34.045907214258413 ], [ -92.23070576746214, 34.044917480173815 ], [ -92.22918610024837, 34.043224680729885 ], [ -92.228180100953949, 34.03863461423748 ], [ -92.228846300870657, 34.037062013521464 ], [ -92.229447300575245, 34.037017813668434 ], [ -92.229724300421424, 34.036413080105113 ], [ -92.228613167519924, 34.032828880747019 ], [ -92.229198167371948, 34.027336613864811 ], [ -92.229917500388453, 34.026407214125904 ], [ -92.23082196767264, 34.026197880259808 ], [ -92.230908900856363, 34.028496013934486 ], [ -92.231833700561992, 34.029067413398742 ], [ -92.23308816719846, 34.028885480364885 ], [ -92.233061100558103, 34.027599080672914 ], [ -92.234077900337013, 34.027604214254318 ], [ -92.234790700900348, 34.026971680742513 ], [ -92.235986100395593, 34.027576013739996 ], [ -92.236778300887195, 34.027124880899649 ], [ -92.237478300314521, 34.027333480894988 ], [ -92.237820900172707, 34.025926014296289 ], [ -92.239128167674778, 34.02604088095557 ], [ -92.238454101085225, 34.02501321373488 ], [ -92.239972167585336, 34.024022880097966 ], [ -92.241167567399998, 34.024742613494574 ], [ -92.241404367694912, 34.023093214015574 ], [ -92.242942167096572, 34.02220741342979 ], [ -92.241924567161391, 34.021009413679799 ], [ -92.242822100114836, 34.020228280080758 ], [ -92.241699501026758, 34.019904480461683 ], [ -92.242232967524515, 34.017826080334004 ], [ -92.241637700369111, 34.016089080895 ], [ -92.242218100167108, 34.015401613624817 ], [ -92.240988766780504, 34.013241480590167 ], [ -92.241232367250618, 34.012119880775458 ], [ -92.241793300652333, 34.011795280138017 ], [ -92.243734700615775, 34.012349680287812 ], [ -92.243687900825918, 34.011530613993727 ], [ -92.244644567712101, 34.010853880851812 ], [ -92.244405366918102, 34.008407480822598 ], [ -92.246859766771465, 34.006553680220406 ], [ -92.247446567344525, 34.005569280404274 ], [ -92.246528567545184, 34.004794614125572 ], [ -92.247161900996119, 34.00422801377831 ], [ -92.246369167193734, 34.00353021378664 ], [ -92.247504300505298, 34.00302388092441 ], [ -92.247325700449181, 34.002534680542787 ], [ -92.246870167470263, 34.002595414137176 ], [ -92.246532366736332, 34.000869213790217 ], [ -92.247116545273016, 34.000296786723837 ] ], [ [ -92.24691525991247, 33.997796999096167 ], [ -92.246875692278607, 33.997305603789023 ] ], [ [ -92.246633016165589, 33.994291779320037 ], [ -92.246579937719332, 33.993632591573082 ] ] ] } },
{ "type": "Feature", "properties": { "stream_name": "Simpson Creek", "gnis_name": "Simpson Creek", "county": "Grant", "trib_of": "Hurricane Creek" }, "geometry": { "type": "LineString", "coordinates": [ [ -92.183078500622358, 34.395837613282012 ], [ -92.183688567896894, 34.395617679836803 ], [ -92.182985700670784, 34.395035013547897 ], [ -92.183430100164912, 34.394320413187721 ], [ -92.185326701195933, 34.392940613021295 ], [ -92.185505767442478, 34.393396813338661 ], [ -92.186049500578932, 34.392830613536177 ], [ -92.186666167721867, 34.393001013709494 ], [ -92.187203366930817, 34.392533813652783 ], [ -92.188018967728183, 34.392918613177414 ], [ -92.188403701118261, 34.392561279534057 ], [ -92.189013767495737, 34.393176880340214 ], [ -92.189007167739504, 34.392610680388294 ], [ -92.189842767134721, 34.392566680234012 ], [ -92.190167701097835, 34.393155013026018 ], [ -92.190339967144951, 34.392621679829396 ], [ -92.192515167498499, 34.392638213699499 ], [ -92.192409101052306, 34.392176413498753 ], [ -92.193244567666397, 34.392363213427785 ], [ -92.193476700331018, 34.391885013282298 ], [ -92.194458167354156, 34.392808412888506 ], [ -92.195167766964261, 34.392704013388695 ], [ -92.195373300668649, 34.39212121318856 ], [ -92.197574967660401, 34.392593879518564 ], [ -92.197793700187347, 34.391692213222264 ], [ -92.198158500715394, 34.391862612910977 ], [ -92.198251300500885, 34.391395412984032 ], [ -92.200386367530328, 34.39086747999378 ], [ -92.202063966989726, 34.389674280100358 ], [ -92.204212367815657, 34.389168279546979 ], [ -92.204994900330661, 34.389366079948061 ], [ -92.205081301178197, 34.389981813402621 ], [ -92.205551900373479, 34.389102213012372 ], [ -92.206765301073645, 34.388689680042852 ], [ -92.207295901105951, 34.389046879877732 ], [ -92.207580766881406, 34.387947413072212 ], [ -92.20702356750698, 34.387452680277697 ], [ -92.209669166795535, 34.386303280335007 ], [ -92.210995500783412, 34.386726413491829 ], [ -92.211167700220898, 34.386105079727905 ], [ -92.212580100315591, 34.386038879780344 ], [ -92.213004766822252, 34.387160279879794 ], [ -92.214145100841762, 34.386615812989426 ], [ -92.215484767264087, 34.387242212964473 ], [ -92.21587590076841, 34.386824280017962 ], [ -92.218077300180255, 34.386680813021187 ], [ -92.218163767356216, 34.387439413275374 ], [ -92.218786900994047, 34.386840079782431 ], [ -92.219483301117194, 34.387059813509424 ], [ -92.219482967804083, 34.386455080207625 ], [ -92.221068100263977, 34.387053880012438 ], [ -92.22268556724859, 34.385943013199586 ], [ -92.223547767750446, 34.386503479670019 ], [ -92.223647100769867, 34.385997679748847 ], [ -92.224349967351515, 34.386079879967134 ], [ -92.224184501049891, 34.386519813605567 ], [ -92.226704166775491, 34.38639807996482 ], [ -92.226816501052028, 34.385589879578617 ], [ -92.227446500204849, 34.385754613639975 ], [ -92.228924500692344, 34.384286280033876 ], [ -92.229355701056136, 34.384671013005331 ], [ -92.230794567286708, 34.384593480353985 ], [ -92.231669500458565, 34.383933613074014 ], [ -92.231185100602502, 34.383394879892272 ], [ -92.232126767019835, 34.383455212957543 ], [ -92.232312700188075, 34.383960812848727 ], [ -92.233207567171434, 34.383487680075383 ], [ -92.233824366849618, 34.383745813199198 ], [ -92.233889966866272, 34.382541879823144 ], [ -92.232961700763354, 34.382355413156411 ], [ -92.234386767501661, 34.381519213214865 ], [ -92.235295367316851, 34.381903680251909 ], [ -92.235487100522803, 34.380809613465999 ], [ -92.236408367804941, 34.380243013158882 ], [ -92.237303700091886, 34.380644013660223 ], [ -92.238457100662885, 34.380137813522715 ], [ -92.238184900399958, 34.379516613069967 ], [ -92.239411367281974, 34.379312813328006 ], [ -92.239775367800064, 34.378196613197346 ], [ -92.240385566791034, 34.378476680032186 ], [ -92.240749966957281, 34.37809168004712 ], [ -92.240942567428363, 34.37861941311089 ], [ -92.241612100847206, 34.378201280204856 ], [ -92.242487366974515, 34.378437279885986 ], [ -92.24266570061161, 34.377365280400475 ], [ -92.243647300131684, 34.377832080114402 ], [ -92.244621567638603, 34.377358879729613 ], [ -92.2446607674962, 34.376451813665334 ], [ -92.245997167141994, 34.375028079878312 ], [ -92.247568100192723, 34.374395080025309 ], [ -92.248635566806328, 34.374482613518069 ], [ -92.248920366746034, 34.3739822130268 ], [ -92.250127367691107, 34.37446541330538 ], [ -92.250334900532707, 34.373557213325697 ], [ -92.251064300389487, 34.373530079693772 ], [ -92.251031500848811, 34.373013279546967 ], [ -92.251701300366747, 34.372876212945094 ], [ -92.251925701109045, 34.374041812911024 ], [ -92.253165767218206, 34.373685013346638 ], [ -92.252954100903509, 34.37309127986272 ], [ -92.253471367358244, 34.37281661313969 ], [ -92.253100367039394, 34.372492079939391 ], [ -92.254360100641662, 34.372531213751422 ], [ -92.254207967205801, 34.371865879687462 ], [ -92.254771567359128, 34.37197067977614 ], [ -92.255633766777748, 34.371421279657149 ], [ -92.256143700616491, 34.372185812942661 ], [ -92.256442500561505, 34.37159768020561 ], [ -92.25731090100858, 34.371779479536492 ], [ -92.25688036719248, 34.371213013315831 ], [ -92.258033967377997, 34.371153079990052 ], [ -92.258166100583381, 34.371922813496766 ], [ -92.259366100082687, 34.371868413679316 ], [ -92.259418767550329, 34.372302679607699 ], [ -92.260241700687388, 34.371071680180378 ], [ -92.261023767504554, 34.371407413181437 ], [ -92.260426500463936, 34.372347213037429 ], [ -92.261427767579718, 34.372237613225359 ], [ -92.261977767272143, 34.372633680092044 ], [ -92.262707300703937, 34.372331613337472 ], [ -92.262441567193392, 34.373150613149591 ], [ -92.262932100763962, 34.373387213762534 ], [ -92.263807700805259, 34.372618013224148 ], [ -92.26375510039604, 34.371716413452567 ], [ -92.264318700953027, 34.371793479570002 ], [ -92.2637359009845, 34.37074327997869 ], [ -92.264339566823793, 34.370100413000429 ], [ -92.264936100256492, 34.370254479557104 ], [ -92.2651436720124, 34.369387354902187 ] ] } },
{ "type": "Feature", "properties": { "stream_name": "Bayou Imbeau", "gnis_name": null, "county": "Jefferson", "trib_of": "Bayou Bartholomew" }, "geometry": { "type": "LineString", "coordinates": [ [ -91.994798101324648, 34.227875079910483 ], [ -91.994671367790986, 34.226511813361427 ], [ -91.995186967505362, 34.225516613150056 ], [ -91.994021368178394, 34.224219813797454 ], [ -91.99366936785421, 34.222279280060647 ], [ -91.99428456769553, 34.221734880664222 ], [ -91.994092100912127, 34.221025813878249 ], [ -91.991696167568151, 34.220510013415186 ], [ -91.99062170053999, 34.216393014001369 ], [ -91.988821300845785, 34.215596680318065 ], [ -91.987059300886202, 34.212557413668975 ], [ -91.98033430076903, 34.208173013838589 ], [ -91.979233500493265, 34.203049813215266 ], [ -91.979859367972779, 34.197299480344775 ], [ -91.977250567324091, 34.193124213237176 ], [ -91.975376500747586, 34.191299013721178 ], [ -91.973323767787463, 34.186960280396264 ], [ -91.971207500596549, 34.184365013942035 ], [ -91.96873616776314, 34.182478479892765 ], [ -91.9671555013241, 34.181831413291484 ], [ -91.963167767249445, 34.181187213458166 ], [ -91.954137968202843, 34.166273214075204 ] ] } },
{ "type": "Feature", "properties": { "stream_name": "Ables Creek", "gnis_name": "Ables Creek", "county": "Lincoln", "trib_of": "Bayou Bartholomew" }, "geometry": { "type": "LineString", "coordinates": [ [ -91.757438101554058, 33.840802613829062 ], [ -91.756410967651817, 33.840076480924644 ], [ -91.756451101516078, 33.839098014164897 ], [ -91.755436701849348, 33.839070014218315 ], [ -91.755693967971254, 33.838460014075409 ], [ -91.756201168276803, 33.838570214015824 ], [ -91.756642767672332, 33.838081081034886 ], [ -91.756201968229306, 33.837294814482291 ], [ -91.755240167880544, 33.837316280972871 ], [ -91.75609050103121, 33.83660761381622 ], [ -91.754957968517303, 33.83582641459445 ], [ -91.755017768009537, 33.83511181403393 ], [ -91.754491168054997, 33.834649814286649 ], [ -91.753344767983066, 33.834863614087539 ], [ -91.752488901222506, 33.834192614495201 ], [ -91.751495568137159, 33.832240480545281 ], [ -91.749782768508709, 33.830598414454343 ], [ -91.749407501373341, 33.830725013958492 ], [ -91.749625167805362, 33.83129108097522 ], [ -91.748294967888441, 33.831808414245337 ], [ -91.746403767794448, 33.830775814334139 ], [ -91.744902301666514, 33.831276681246479 ], [ -91.744579301551482, 33.830903080872773 ], [ -91.744414968424579, 33.831463881232885 ], [ -91.743578101541956, 33.831024413899897 ], [ -91.744032500901227, 33.830721880773282 ], [ -91.743920101894531, 33.830128280513108 ], [ -91.743241768464159, 33.830310013736288 ], [ -91.743261167917424, 33.829870213971446 ], [ -91.742391568528419, 33.829650680709591 ], [ -91.742101967759098, 33.830090614317449 ], [ -91.7415683679029, 33.830008280732187 ], [ -91.741146167871662, 33.828903613849228 ], [ -91.740369700888763, 33.830025280813608 ], [ -91.739361967907229, 33.830251080483464 ], [ -91.738261367806871, 33.829383014252514 ], [ -91.739037901118337, 33.828052281231834 ], [ -91.738530567814777, 33.827766681107676 ], [ -91.738786901634853, 33.8267002138723 ], [ -91.738115101037565, 33.826628880990235 ], [ -91.737771968543484, 33.825584614075709 ], [ -91.735512701539236, 33.825442480760465 ], [ -91.734971967686846, 33.824277281157535 ], [ -91.732489167906607, 33.824959880517923 ], [ -91.731889368225168, 33.824217880789128 ], [ -91.732040567996179, 33.823629680957588 ], [ -91.730111567788327, 33.825318014288442 ], [ -91.728985301676374, 33.825444680729674 ], [ -91.728273701403083, 33.824647881148657 ], [ -91.727839301647933, 33.825571480440303 ], [ -91.727160901429855, 33.825720214048026 ], [ -91.726989301543483, 33.82493968057949 ], [ -91.727489768544572, 33.824516214472098 ], [ -91.72692330105275, 33.824367880436995 ], [ -91.727146967901234, 33.823812614408837 ], [ -91.726718701642113, 33.823422480870704 ], [ -91.725355101671767, 33.822944614607678 ], [ -91.724037900990709, 33.823016480806956 ], [ -91.723438768172031, 33.823665281247315 ], [ -91.722582501109272, 33.823748014481325 ], [ -91.722621101890311, 33.821428214098439 ], [ -91.720348768408428, 33.820895480629773 ], [ -91.719683167985039, 33.819801681010802 ], [ -91.718049567879547, 33.819301881017424 ], [ -91.718411501770021, 33.818224414053006 ], [ -91.717983168462212, 33.817597680479501 ], [ -91.717298167621649, 33.817537414113339 ], [ -91.717983101380128, 33.817207414603203 ], [ -91.71763376815656, 33.816503881272226 ], [ -91.715559367892496, 33.816834214604519 ], [ -91.714538301524712, 33.815734881197699 ], [ -91.711574367907218, 33.815136280741413 ], [ -91.711205701556764, 33.815477214027624 ], [ -91.710744501875141, 33.814735214556713 ], [ -91.709756568005901, 33.81459788108274 ], [ -91.710085767876336, 33.814119614224282 ], [ -91.709539101303307, 33.813872280908321 ], [ -91.708887168599261, 33.814449614158917 ], [ -91.70772150113892, 33.813680213786917 ], [ -91.707003567997688, 33.814076080488576 ], [ -91.706647968078485, 33.813460414118651 ], [ -91.705429568157768, 33.81332321456523 ], [ -91.705179368347146, 33.814065281145332 ], [ -91.703289501568506, 33.814324014143743 ], [ -91.703269500941275, 33.813653281009749 ], [ -91.702268567749385, 33.813466480512361 ], [ -91.701083301430231, 33.814494481053359 ], [ -91.698218367776775, 33.814615814053681 ], [ -91.698468768102117, 33.815434814151629 ], [ -91.697994701651979, 33.815649214285173 ], [ -91.69671030169151, 33.814989680920327 ], [ -91.696960567670203, 33.814731281008612 ], [ -91.696269101937887, 33.813659280925656 ], [ -91.695096767756965, 33.8140552141043 ], [ -91.695360168490225, 33.814648880526846 ], [ -91.694787368633271, 33.814643413783159 ], [ -91.694984968292999, 33.815121680824625 ], [ -91.69573570099935, 33.814995214301831 ], [ -91.695445901452942, 33.81552841375624 ], [ -91.69340436835077, 33.815435013879579 ], [ -91.693239701346542, 33.816501481075612 ], [ -91.692600901632403, 33.816155214125224 ], [ -91.692093767953182, 33.81684241404573 ], [ -91.691303501053227, 33.816463080799345 ], [ -91.690664701965503, 33.817952880800313 ], [ -91.689064301401174, 33.817798881106754 ], [ -91.689288301694916, 33.817100813959883 ], [ -91.688181767753164, 33.816831414552048 ], [ -91.687338768405979, 33.817287680974978 ], [ -91.687338768413142, 33.816534480476456 ], [ -91.686607768495719, 33.817007280437991 ], [ -91.685586968164998, 33.816617014244706 ], [ -91.686331301984509, 33.816221214362677 ], [ -91.686015101211225, 33.815732014606915 ], [ -91.685126101521007, 33.816452014080888 ], [ -91.683868101456653, 33.816693881014679 ], [ -91.683433368407748, 33.817293014022788 ], [ -91.682781501028373, 33.816474013982422 ], [ -91.680884701209308, 33.816286814233621 ], [ -91.680641101697461, 33.815918481231833 ], [ -91.680193167729456, 33.816803613853239 ], [ -91.67802670192539, 33.815077281065129 ], [ -91.676261768286992, 33.8145108812069 ], [ -91.675346301447419, 33.814950614491487 ], [ -91.675458368199529, 33.814400880529213 ], [ -91.674781852483989, 33.814097368766035 ] ] } },
{ "type": "Feature", "properties": { "stream_name": "Hudgens Creek", "gnis_name": "Hudgens Creek", "county": "Jefferson", "trib_of": "Saline River" }, "geometry": { "type": "MultiLineString", "coordinates": [ [ [ -92.067286100743274, 34.088292680481615 ], [ -92.063268767280192, 34.086733080142864 ], [ -92.059410301049994, 34.083357480038998 ], [ -92.055789701209648, 34.082048880106257 ], [ -92.053027967970166, 34.082351013717002 ], [ -92.053107367676773, 34.08175181418882 ], [ -92.052195567833039, 34.081806680499461 ], [ -92.043660500483611, 34.077237080644238 ], [ -92.04180416742534, 34.077044414012001 ], [ -92.041335300736691, 34.076060280015135 ], [ -92.038005701280838, 34.075834213780588 ], [ -92.034353100383825, 34.073755280253096 ], [ -92.034670967140542, 34.071556413445762 ], [ -92.033422700511494, 34.070737013857801 ], [ -92.032213767197376, 34.070654213351766 ], [ -92.031665900467587, 34.069769013726741 ], [ -92.030978700776856, 34.069994080225399 ], [ -92.030628968036481, 34.068977080500588 ], [ -92.029215901068312, 34.067585813419043 ], [ -92.029334967944393, 34.067129480129005 ], [ -92.02760470093871, 34.066134013422854 ], [ -92.027023901086665, 34.065138813731245 ], [ -92.027202500749524, 34.064385680459445 ], [ -92.025841767156464, 34.064324813384232 ], [ -92.026687567915957, 34.063676413667544 ], [ -92.026384367906232, 34.062104014007346 ], [ -92.023927500917708, 34.061454480198215 ], [ -92.024257901276982, 34.061064280205009 ], [ -92.023194767864396, 34.060459213639177 ], [ -92.023129701361043, 34.05841968040329 ], [ -92.022482701437951, 34.057990613921888 ], [ -92.023163501250266, 34.056968280811518 ], [ -92.02102390076962, 34.056038480637078 ], [ -92.020534967488047, 34.056214280393739 ], [ -92.020542300475725, 34.054834414157078 ], [ -92.019663900637312, 34.054768080637466 ], [ -92.02090630062257, 34.053553614010696 ], [ -92.020417968014343, 34.052613414134171 ], [ -92.020906967789841, 34.052140814019332 ], [ -92.020636500973225, 34.051623880304341 ], [ -92.021488568106264, 34.051354813771198 ], [ -92.020603900838168, 34.050645280227371 ], [ -92.021059967607414, 34.04991988044555 ], [ -92.0206969677335, 34.049315014051189 ], [ -92.019930967824138, 34.049177280910776 ], [ -92.018821967125106, 34.048176413469989 ], [ -92.01864536713218, 34.044949280038907 ], [ -92.019114568004014, 34.04438868028052 ], [ -92.018540700579365, 34.04307461368635 ], [ -92.019590768094531, 34.04304201395329 ], [ -92.019756501419778, 34.041926080565148 ], [ -92.020212167913357, 34.041799813405149 ], [ -92.019446567709551, 34.040788014000348 ], [ -92.018429567767441, 34.040963480553813 ], [ -92.018000501291965, 34.040529080053958 ], [ -92.017677367152686, 34.039775813663177 ], [ -92.018304900716089, 34.039374680569551 ], [ -92.016977767235915, 34.039115814149625 ], [ -92.016971767911031, 34.037911880421817 ], [ -92.015908901136442, 34.03746621401347 ], [ -92.015823367245602, 34.036888880670865 ], [ -92.016444167995104, 34.036729813543815 ], [ -92.016636100473647, 34.036059213576578 ], [ -92.015989100911227, 34.035795014171185 ], [ -92.016510767725904, 34.035613813881511 ], [ -92.014972567408066, 34.034893014230555 ], [ -92.015666167353174, 34.034448014207037 ], [ -92.014933568056037, 34.033914413587766 ], [ -92.015250900960254, 34.033265814021924 ], [ -92.014273567105391, 34.033304014000983 ], [ -92.014491900941778, 34.032578413799122 ], [ -92.013297167708402, 34.031890680209806 ], [ -92.014109767177985, 34.03115988094607 ], [ -92.013363701187359, 34.031066080130365 ], [ -92.013496367467397, 34.02996668049861 ], [ -92.014235767776157, 34.030066013876763 ], [ -92.014955967830346, 34.029302080066863 ], [ -92.014164100678073, 34.02852661424911 ], [ -92.014692500467191, 34.028345413733739 ], [ -92.014672900646673, 34.027834080664476 ], [ -92.013926967542602, 34.027542480901189 ], [ -92.014336567441489, 34.027152280524774 ], [ -92.013828368010294, 34.026750813665736 ], [ -92.015571167687838, 34.027119814245438 ], [ -92.015743167404864, 34.026740613736472 ], [ -92.015221767504713, 34.0263390802765 ], [ -92.015895567101282, 34.025723614187655 ], [ -92.014370567543054, 34.025228214078446 ], [ -92.014476567996951, 34.024706013827824 ], [ -92.01361850111401, 34.024502213849679 ], [ -92.013994968088525, 34.023991214239771 ], [ -92.013493567705382, 34.023463213994177 ], [ -92.014767700674923, 34.02362861376438 ], [ -92.014629567838455, 34.022716013525709 ], [ -92.013533700878583, 34.022567214239785 ], [ -92.01398290140105, 34.022105480918569 ], [ -92.013058501406903, 34.022110613507557 ], [ -92.013105168151256, 34.021489413965696 ], [ -92.012451300660359, 34.021841014014356 ], [ -92.011157368035896, 34.021653480536479 ], [ -92.010023301131952, 34.019366080806122 ], [ -92.010611567149766, 34.018112880118025 ], [ -92.009846367754477, 34.017128480884097 ], [ -92.010560100420548, 34.016067813512628 ], [ -92.010164167719211, 34.015528880972788 ], [ -92.009451101236394, 34.015748613857212 ], [ -92.008851167654896, 34.014461813552245 ], [ -92.00914190043747, 34.014148613614296 ], [ -92.010112167138274, 34.014264480868981 ], [ -92.00916210141601, 34.013527413724134 ], [ -92.009657367481893, 34.013060280233404 ], [ -92.008865967963985, 34.011922013705544 ], [ -92.009136900858991, 34.011438413773334 ], [ -92.008219567099516, 34.011009080752167 ], [ -92.008814567255897, 34.009624080323434 ], [ -92.007771900508956, 34.009194813439244 ], [ -92.008161901256003, 34.008513280574391 ], [ -92.007799100713015, 34.007897413556663 ], [ -92.006690101351694, 34.007929880156453 ], [ -92.007146100654666, 34.007056014110944 ], [ -92.006354101415141, 34.006896213622746 ], [ -92.006658167701389, 34.006319080636239 ], [ -92.004969167701375, 34.005086880553051 ], [ -92.004719500654545, 34.003294614309233 ], [ -92.003993701301511, 34.002766480126311 ], [ -92.003663367342028, 34.000080880399892 ], [ -92.003095767881362, 33.999921213821821 ], [ -92.004937767157259, 33.999333814055099 ], [ -92.003776367980777, 33.998860480683028 ], [ -92.004107101109597, 33.997981080886461 ], [ -92.003123701138605, 33.998030013488552 ], [ -92.003968900686999, 33.997431280156952 ], [ -92.004985367879712, 33.997382414297995 ], [ -92.004959567424109, 33.996585213463511 ], [ -92.003263700479707, 33.996051080491355 ], [ -92.004063501484111, 33.994319813928286 ], [ -92.00326550149795, 33.993593680571436 ], [ -92.003615767751057, 33.992939814185156 ], [ -92.002870100940541, 33.992697414314947 ], [ -92.001872967394064, 33.993367613841905 ], [ -92.001880700475994, 33.991899814290342 ], [ -92.002283567214548, 33.991586614285666 ], [ -92.001630567767805, 33.991009080228793 ], [ -92.000785367629021, 33.991486880557666 ], [ -92.001426367736627, 33.990442680691473 ], [ -92.000363901431399, 33.990321280562249 ], [ -92.001143900649197, 33.988711014091841 ], [ -92.001961901213036, 33.989217080994415 ], [ -92.002087567612733, 33.988788414185862 ], [ -92.002608768029333, 33.98906908050072 ], [ -92.003196500975974, 33.988624014083221 ], [ -92.003018900468618, 33.987799280603021 ], [ -92.001995901177622, 33.987853814117237 ], [ -92.002986301004384, 33.987178080912528 ], [ -92.002240900928754, 33.986792880174356 ], [ -92.003356701441149, 33.98606228067144 ], [ -92.003950167267476, 33.986771813469041 ], [ -92.004201367182347, 33.986167213521888 ], [ -92.003297900909089, 33.985237680791919 ], [ -92.004017500800956, 33.984880680639456 ], [ -92.003687900549664, 33.984407813794597 ], [ -92.004836701011044, 33.983655213504768 ], [ -92.004566501145817, 33.983105280778403 ], [ -92.005140700850106, 33.983083613713269 ], [ -92.005094767425277, 33.982643813828993 ], [ -92.006737967898715, 33.982556613813003 ], [ -92.006817700823902, 33.981929880185781 ], [ -92.006224167237434, 33.981341413775482 ], [ -92.007333300463429, 33.980599813987013 ], [ -92.00724176785279, 33.979242013483514 ], [ -92.006482967930083, 33.97904908100621 ], [ -92.006945767718818, 33.977982814340976 ], [ -92.00662950067148, 33.977246080190653 ], [ -92.0051583672699, 33.976569213917308 ], [ -92.006115500610676, 33.976223280441999 ], [ -92.007217300630344, 33.976548213550714 ], [ -92.006960501492031, 33.975597014316008 ], [ -92.006023300807115, 33.975931880341577 ], [ -92.005614700772156, 33.975250014354963 ], [ -92.004947700787838, 33.976046813729695 ], [ -92.003271967215525, 33.975490680421707 ], [ -92.003101768126641, 33.973654480937988 ], [ -92.003531300579667, 33.972725680192859 ], [ -92.002641167629051, 33.971840080641577 ], [ -92.002879967634598, 33.970130480785954 ], [ -92.003368501466468, 33.969702013613222 ], [ -92.002768767540488, 33.968750613950363 ], [ -92.0034227009169, 33.96771741424444 ], [ -92.002802700613358, 33.967409280882315 ], [ -92.003159700681834, 33.96644741434411 ], [ -92.002559700596635, 33.965935880894037 ], [ -92.002935967135045, 33.965732613842469 ], [ -92.003469767420668, 33.966475080669099 ], [ -92.004235101311721, 33.96656328037659 ], [ -92.003642300572807, 33.965199681012685 ], [ -92.004453767914697, 33.965222080737661 ], [ -92.004638767334441, 33.964732880222911 ], [ -92.003827767260347, 33.964017880737984 ], [ -92.003954301400839, 33.96248961431867 ], [ -92.002601900718233, 33.962400880272369 ], [ -92.002688500489882, 33.961230013939691 ], [ -92.002219368002827, 33.9620270136747 ], [ -92.001599167201277, 33.962120080511667 ], [ -92.001916300946334, 33.961521014303727 ], [ -92.001461367272086, 33.961130414265497 ], [ -92.002180767335503, 33.960762614039652 ], [ -92.001613767290337, 33.960289414029241 ], [ -92.001766301159904, 33.959206614273299 ], [ -92.001212300631224, 33.958953280618651 ], [ -92.002585367215161, 33.957777613553993 ], [ -92.004690367729935, 33.957091480365449 ], [ -92.005231767443988, 33.956481613837767 ], [ -92.004612767161106, 33.954843013877287 ], [ -92.005193900942544, 33.953969213718928 ], [ -92.00390836758983, 33.952737213815873 ], [ -92.002569700833376, 33.952164680577617 ], [ -92.002464500660608, 33.951570880643693 ], [ -92.003065301393491, 33.950983014258156 ], [ -92.002247568085167, 33.950619813578619 ], [ -92.002775901017586, 33.949745880304704 ], [ -92.002373701450821, 33.949558880717689 ], [ -92.003172100899889, 33.949223880350587 ], [ -92.002684700676355, 33.94818461395873 ], [ -92.001761101059657, 33.948332614336877 ], [ -92.002151167588295, 33.946980414156648 ], [ -92.001425500936065, 33.947205480370002 ], [ -92.001710367543311, 33.945396881042754 ], [ -92.003042900915062, 33.945287614107073 ], [ -92.002133368102321, 33.944391080220946 ], [ -92.002990967958468, 33.944127680809913 ], [ -92.003189301503326, 33.943616480554553 ], [ -92.004633367573845, 33.944304414309912 ], [ -92.004376701258266, 33.943485080868506 ], [ -92.002998700911306, 33.942566413679401 ], [ -92.00237176744993, 33.943038813992978 ], [ -92.001943167517922, 33.942879213776877 ], [ -92.002444967760027, 33.942076813681794 ], [ -92.001977768106784, 33.940493280319103 ], [ -92.003132701343972, 33.939828680396609 ], [ -92.002717701242304, 33.93903128095176 ], [ -92.00211090102448, 33.938965080732544 ], [ -92.002480567727375, 33.938454014358371 ], [ -92.0017023010504, 33.938409680548631 ], [ -92.002461567663062, 33.937310480612602 ], [ -92.002482967199796, 33.935128080856671 ], [ -92.003888501133261, 33.934155681091561 ], [ -92.003882900518718, 33.932759280654032 ], [ -92.004410701298241, 33.932556214232868 ], [ -92.003856901498395, 33.932209481023648 ], [ -92.004662100925628, 33.93138528043665 ], [ -92.003436300955542, 33.930103813904928 ], [ -92.004761768158247, 33.930280413788161 ], [ -92.005144567313167, 33.929868280853107 ], [ -92.003839367290695, 33.928988014234022 ], [ -92.00310676785702, 33.929685813552886 ], [ -92.003298767612819, 33.928745880989311 ], [ -92.005112567533914, 33.928345480861758 ], [ -92.004921900576605, 33.927696680868316 ], [ -92.003787567204355, 33.927624680430448 ], [ -92.00370876779337, 33.927124280418212 ], [ -92.004170701334786, 33.926712280924598 ], [ -92.005093701299984, 33.927048014009365 ], [ -92.005852367603978, 33.926729614024985 ], [ -92.006038301103942, 33.924844013671184 ], [ -92.007172568141669, 33.924806014425819 ], [ -92.005254101256185, 33.924090481044914 ], [ -92.005463900590044, 33.925794814277772 ], [ -92.005021767802475, 33.926201414370141 ], [ -92.004698967627405, 33.925646014141684 ], [ -92.003999767478263, 33.926014013768075 ], [ -92.004653767996743, 33.924277080413425 ], [ -92.00358596810851, 33.923660880958806 ], [ -92.004016567653935, 33.92078041431477 ], [ -92.003073701036485, 33.920510480454674 ], [ -92.003120701070159, 33.919394613633905 ], [ -92.003608967569249, 33.919065014298866 ], [ -92.002686500916312, 33.917959481036405 ], [ -92.003326368078348, 33.91756948042174 ], [ -92.003373167753338, 33.916766880557184 ], [ -92.002357700819218, 33.916733413935958 ], [ -92.002615367672419, 33.915974880547367 ], [ -92.000584700604364, 33.915556081070484 ], [ -91.997706568148544, 33.913464080465403 ], [ -91.998068767324284, 33.912859214327383 ], [ -91.999143500501873, 33.912853213886471 ], [ -91.998180501238423, 33.912188480408489 ], [ -91.997211167785551, 33.912178014283512 ], [ -91.996952701148729, 33.910253880680123 ], [ -91.996200568043648, 33.909611080263595 ], [ -91.995561168182931, 33.909974280529163 ], [ -91.996061767462152, 33.909193413890392 ], [ -91.994914501333028, 33.909210413674096 ], [ -91.993970701115671, 33.90769348054944 ], [ -91.994398767282306, 33.906923680782256 ], [ -91.99387736811066, 33.906247680434404 ], [ -91.995156501168637, 33.906175680436384 ], [ -91.994812967809793, 33.905323680847708 ], [ -91.993876500941639, 33.90469748101782 ], [ -91.993710767420964, 33.903488080438152 ], [ -91.991838367884355, 33.903554813797207 ], [ -91.992780567150746, 33.902400014179364 ], [ -91.992648368057701, 33.901965680993712 ], [ -91.991534367704801, 33.902422481032744 ], [ -91.991072768190321, 33.902158813991086 ], [ -91.991362300929183, 33.901394614443014 ], [ -91.992337900738008, 33.901003814027717 ], [ -91.991691567663267, 33.900663280900929 ], [ -91.991131301189384, 33.900943881158405 ], [ -91.990405501011324, 33.900004080805189 ], [ -91.991743901207442, 33.89988261398603 ], [ -91.991776500485543, 33.899316280486062 ], [ -91.990371700492261, 33.898481280318116 ], [ -91.98767510068339, 33.89811961406344 ], [ -91.987226967161916, 33.89837808031848 ], [ -91.985914167859832, 33.896866880304266 ], [ -91.984253900947948, 33.89887408108121 ], [ -91.983409567495016, 33.898071814337911 ], [ -91.982651500458715, 33.898160014257805 ], [ -91.981721367983226, 33.897121280421828 ], [ -91.982287300875939, 33.895081480694394 ], [ -91.981700367757071, 33.894773881041388 ], [ -91.981878100534146, 33.894136213884089 ], [ -91.980902301228923, 33.893790213861131 ], [ -91.980684368012149, 33.893163480633611 ], [ -91.981158768138926, 33.892608080906122 ], [ -91.979767568123123, 33.892163281121483 ], [ -91.981210900746646, 33.891305213745937 ], [ -91.980294100869372, 33.890327014211159 ], [ -91.981375300683382, 33.890535481040722 ], [ -91.981605700844014, 33.889897681068497 ], [ -91.981374700902165, 33.889392013806585 ], [ -91.980036301508619, 33.888930614270244 ], [ -91.981011768000855, 33.88866641377922 ], [ -91.98217230140574, 33.889380680602798 ], [ -91.982639900967243, 33.88854501406616 ], [ -91.981182567608585, 33.887500880369466 ], [ -91.981089901454354, 33.886709280791464 ], [ -91.979547368091403, 33.886852813685906 ], [ -91.979725101067274, 33.88624248043088 ], [ -91.980812500997189, 33.885659414035921 ], [ -91.979539700934197, 33.884433880590883 ], [ -91.980106368096315, 33.884142280982118 ], [ -91.98112830098539, 33.884532280986413 ], [ -91.982222300598721, 33.884031680360998 ], [ -91.980922968165302, 33.882652281037522 ], [ -91.981614567213072, 33.881558013992702 ], [ -91.980289500687206, 33.88102521367064 ], [ -91.98299830048596, 33.880661413721604 ], [ -91.982549167226139, 33.878940813925745 ], [ -91.981408500575526, 33.87825948042309 ], [ -91.98184956803766, 33.877110414445646 ], [ -91.980715900782101, 33.876978881123691 ], [ -91.980484500562767, 33.875615613822561 ], [ -91.980010567990504, 33.876896680891313 ], [ -91.97949636814009, 33.876885880467469 ], [ -91.978754901163697, 33.875076614443735 ], [ -91.977693567850054, 33.874769080543466 ], [ -91.978299567912956, 33.87394428117998 ], [ -91.977284300856041, 33.873312414441017 ], [ -91.97760690152333, 33.872212814309151 ], [ -91.976710501283804, 33.872020681058792 ], [ -91.977032901214443, 33.870987014360203 ], [ -91.97858790118498, 33.869942013782975 ], [ -91.979312767459618, 33.869919814090522 ], [ -91.978719300513916, 33.869139414336871 ], [ -91.977407900480685, 33.869398080852399 ], [ -91.977677767622069, 33.868694414344112 ], [ -91.976563900489083, 33.868276880626787 ], [ -91.977486101488026, 33.867237613740727 ], [ -91.977702901050804, 33.865764213666502 ], [ -91.978836100463553, 33.864895280873355 ], [ -91.97820956805829, 33.863949881159215 ], [ -91.980568500874156, 33.86324548056853 ], [ -91.97970476808473, 33.862250680996979 ], [ -91.980956767375659, 33.86208541419105 ], [ -91.98062696791699, 33.861409213774557 ], [ -91.982544767359698, 33.861782480576736 ], [ -91.982682700547286, 33.861095213825273 ], [ -91.983611567771376, 33.860517680486204 ], [ -91.982240767940695, 33.859968413719713 ], [ -91.983479367327305, 33.859418214272146 ], [ -91.982299367254925, 33.858555480937355 ], [ -91.984196768060585, 33.857768614193304 ], [ -91.985224967809174, 33.858142213945172 ], [ -91.984690367890551, 33.856806481060147 ], [ -91.985191167916909, 33.856652280365751 ], [ -91.985230368004011, 33.855965080801482 ], [ -91.986284567543748, 33.85577781385512 ], [ -91.985440567165625, 33.854728080529007 ], [ -91.986711167385636, 33.852666080731744 ], [ -91.986414500707767, 33.852303414522737 ], [ -91.985643700615242, 33.85242461403044 ], [ -91.986038367768231, 33.85134141418559 ], [ -91.984667901428779, 33.851347480678655 ], [ -91.984509167182694, 33.850336014456204 ], [ -91.984996301404877, 33.849335213907366 ], [ -91.983948501394508, 33.848879280995924 ], [ -91.98463956780212, 33.84767508112062 ], [ -91.983855100984513, 33.846735281216048 ], [ -91.985047567223759, 33.846657880571172 ], [ -91.985251500625196, 33.846009080877096 ], [ -91.986700701106116, 33.845326880830946 ], [ -91.986627767402538, 33.844634214098377 ], [ -91.985771101133579, 33.844359680846743 ], [ -91.985961967725927, 33.844007680959507 ], [ -91.988116100994972, 33.843457080494282 ], [ -91.98499956728692, 33.843079014259075 ], [ -91.984755367572362, 33.842260013979995 ], [ -91.98528196769719, 33.841413080999459 ], [ -91.98456370129486, 33.841078080624165 ], [ -91.983700901380772, 33.841463213906287 ], [ -91.983904101388305, 33.839363080720375 ], [ -91.984727500650777, 33.839373814330855 ], [ -91.985373567997087, 33.840231214349693 ], [ -91.985893900799738, 33.839917613735366 ], [ -91.985300100457437, 33.838175080756884 ], [ -91.983968901438701, 33.837389413940549 ], [ -91.984647100550845, 33.836718481250763 ], [ -91.98440296755841, 33.836058880689954 ], [ -91.983302767554193, 33.83599881376707 ], [ -91.983302501235457, 33.835339080766559 ], [ -91.981220967824711, 33.8358896141686 ], [ -91.98110870073198, 33.835350881174314 ], [ -91.981793501420128, 33.834537013981688 ], [ -91.979045500573633, 33.832674214268636 ], [ -91.979176968188668, 33.831998014521616 ], [ -91.977246568076239, 33.831415880838087 ], [ -91.977135100778895, 33.832449414007066 ], [ -91.975896567512919, 33.832449813909591 ], [ -91.975678167199405, 33.830014480531766 ], [ -91.977022101417973, 33.83015148080819 ], [ -91.976949301285103, 33.829651280495824 ], [ -91.975381167328152, 33.828585080851745 ], [ -91.974966300616643, 33.82900861385928 ], [ -91.973675301400519, 33.829091414331252 ], [ -91.97399116767167, 33.82856908105019 ], [ -91.974985767135621, 33.828277481163468 ], [ -91.975374100635335, 33.827507681265878 ], [ -91.97644156716656, 33.828299014045008 ], [ -91.976454300977025, 33.827479880830666 ], [ -91.975123567209977, 33.826881013728006 ], [ -91.975821567903026, 33.826424480703061 ], [ -91.974543501069746, 33.826100614109826 ], [ -91.974905500710506, 33.825259280705694 ], [ -91.974431301280219, 33.825473813888713 ], [ -91.973561500499358, 33.824517613904355 ], [ -91.97229670089051, 33.824457413870952 ], [ -91.972032900543809, 33.823495414528956 ], [ -91.970840300801825, 33.822731480555817 ], [ -91.971110100765955, 33.821763880902274 ], [ -91.968890367887653, 33.821720480965787 ], [ -91.968876768077038, 33.820829881112118 ], [ -91.969864567198158, 33.820038014095225 ], [ -91.969350500912057, 33.819098080697039 ], [ -91.96896170079259, 33.818685814419148 ], [ -91.968309701234261, 33.818883880483888 ], [ -91.964653901482066, 33.817878680504712 ], [ -91.964739501173966, 33.817537680785193 ], [ -91.963435101378963, 33.8166694805155 ], [ -91.963125101058068, 33.814915814053187 ], [ -91.963520100655657, 33.814607880804367 ], [ -91.963098567633295, 33.814448481195441 ], [ -91.963164301367215, 33.813816280708039 ], [ -91.962268500514611, 33.813569014337453 ], [ -91.961820501520492, 33.812827014444458 ], [ -91.962096967821083, 33.812502614516134 ], [ -91.95969950119634, 33.811892680465057 ], [ -91.960054967636765, 33.811392414530616 ], [ -91.959653101388682, 33.810639280813433 ], [ -91.957617901033757, 33.809798481052525 ], [ -91.958177500532202, 33.808671480533455 ], [ -91.959040101144467, 33.808352480466368 ], [ -91.958875300869806, 33.807797280672538 ], [ -91.957380168214343, 33.806917813963985 ], [ -91.95843370141921, 33.806219481070862 ], [ -91.957438967617264, 33.804724414285268 ], [ -91.958670168160197, 33.803646614270356 ], [ -91.958636967908461, 33.802459080938476 ], [ -91.959381167935291, 33.802376614402206 ], [ -91.960237368163092, 33.803250614101174 ], [ -91.961047300584966, 33.802772080725589 ], [ -91.961192300495483, 33.80328341423926 ], [ -91.962759567954805, 33.803459014515894 ], [ -91.963148101326695, 33.803096080920582 ], [ -91.96285150085312, 33.802222014118882 ], [ -91.962416901047874, 33.802343080726921 ], [ -91.961922900765558, 33.801787880882024 ], [ -91.961771300910286, 33.801139281100831 ], [ -91.962330900858362, 33.800611281043338 ], [ -91.961836767689732, 33.800094681297054 ], [ -91.962962968146414, 33.800457281149562 ], [ -91.963562100575615, 33.800187814220195 ], [ -91.964635101298526, 33.798857081264117 ], [ -91.965649100968022, 33.79874161379729 ], [ -91.965168301257421, 33.798208413863875 ], [ -91.966478501155805, 33.797790280466401 ], [ -91.966181967771519, 33.797174613892111 ], [ -91.967531900943726, 33.797058814214914 ], [ -91.967050500580385, 33.794920414614403 ], [ -91.968182900900644, 33.794518814345643 ], [ -91.967075967705256, 33.792353014589281 ], [ -91.968557300614052, 33.792044813780933 ], [ -91.969248900640423, 33.792627414210195 ], [ -91.969742701189077, 33.792160014315442 ], [ -91.969143100591765, 33.79110461437471 ], [ -91.967055700716173, 33.790951080533198 ], [ -91.967318767285661, 33.789895480962016 ], [ -91.96616636774489, 33.789549481225194 ], [ -91.966587367437114, 33.788208014135314 ], [ -91.965283567825466, 33.787900413915487 ], [ -91.964769701556648, 33.786790014382859 ], [ -91.965006500890894, 33.786113814399258 ], [ -91.96429536731894, 33.785888480451163 ], [ -91.964828101119409, 33.783892814211384 ], [ -91.963958900812528, 33.783365214492562 ], [ -91.96475536747991, 33.783277080988974 ], [ -91.964820967831628, 33.782260013985898 ], [ -91.965847701464924, 33.781121814369776 ], [ -91.965024701222148, 33.780792080477347 ], [ -91.964635901180273, 33.779604814431309 ], [ -91.965925967567841, 33.778944814124735 ], [ -91.965221300574697, 33.778021280541282 ], [ -91.965964968103336, 33.777471414667303 ], [ -91.965016901261961, 33.777136281284541 ], [ -91.964983367277753, 33.775360613871946 ], [ -91.963949768123882, 33.77482201414135 ], [ -91.964746101349334, 33.774107080984805 ], [ -91.963653101422437, 33.773442214039527 ], [ -91.964561367761945, 33.772991213880779 ], [ -91.964343901189338, 33.772348014305933 ], [ -91.962441300987223, 33.771870214341114 ], [ -91.963810500901403, 33.771364081128318 ], [ -91.962592367175702, 33.770583614158888 ], [ -91.962546167207393, 33.770050414341966 ], [ -91.963651701472514, 33.768824213945848 ], [ -91.964566767318715, 33.769159414057704 ], [ -91.964770367855124, 33.76781788076245 ], [ -91.963980367206489, 33.767262880616087 ], [ -91.963414367861276, 33.767411414138792 ], [ -91.963058701173537, 33.76686168066076 ], [ -91.961551367351333, 33.76701588131241 ], [ -91.961347101485515, 33.766455214554256 ], [ -91.960695367512159, 33.766268414310808 ], [ -91.961320567384192, 33.765570080759211 ], [ -91.961017501458528, 33.764883014571687 ], [ -91.960188167871848, 33.764745681137349 ], [ -91.960201167854592, 33.764168480657055 ], [ -91.960661901220632, 33.764058413856937 ], [ -91.95972710093416, 33.763316414691253 ], [ -91.960628768181792, 33.763008414642563 ], [ -91.960779900835448, 33.762145214558423 ], [ -91.959324967291266, 33.760991014393738 ], [ -91.960799367241947, 33.760968680971416 ], [ -91.960055301573263, 33.759737413951513 ], [ -91.959469367411799, 33.759556080780811 ], [ -91.960028767697281, 33.759149214421925 ], [ -91.96084490105477, 33.75927001429023 ], [ -91.959633567413093, 33.758066214660296 ], [ -91.960271767460824, 33.757362414691372 ], [ -91.9593701007026, 33.757516614384095 ], [ -91.958014167831635, 33.757022014553634 ], [ -91.957270167541949, 33.756159014513933 ], [ -91.956914367658328, 33.754355813915765 ], [ -91.956019368220424, 33.754438480595368 ], [ -91.955920901126376, 33.755614880560593 ], [ -91.954801900717897, 33.755026814694517 ], [ -91.95459110137449, 33.754438614681909 ], [ -91.953077501243399, 33.754988614528187 ], [ -91.952531367823624, 33.755620880788705 ], [ -91.950806900746386, 33.755357214183874 ], [ -91.951247700685173, 33.754494081252787 ], [ -91.950642100522941, 33.75408181416649 ], [ -91.950319500673658, 33.752800814226632 ], [ -91.951194767539818, 33.752756814124425 ], [ -91.951852901333709, 33.752152014039758 ], [ -91.951675100945252, 33.751739680682221 ], [ -91.953333300661555, 33.750326613991326 ], [ -91.954485100875075, 33.750420014131713 ], [ -91.954488900776653, 33.74922801395855 ], [ -91.955048301423091, 33.749315881346803 ], [ -91.955508900529352, 33.748782614230478 ], [ -91.95429110088574, 33.747007014420184 ], [ -91.955238767357258, 33.746798014641954 ], [ -91.954277567254252, 33.745115814598407 ], [ -91.954231301415632, 33.743856880858019 ], [ -91.954777500855286, 33.743488480581973 ], [ -91.953889101336145, 33.743004814522372 ], [ -91.954764100874314, 33.742482480690533 ], [ -91.955665701142692, 33.742768214616071 ], [ -91.956145968175846, 33.742135881161566 ], [ -91.956547100876904, 33.740591081359028 ], [ -91.95566516824691, 33.740134880709121 ], [ -91.955763768224088, 33.739205813971374 ], [ -91.955085967460676, 33.738524214383553 ], [ -91.956368900823975, 33.737193614733613 ], [ -91.954835567858836, 33.736808880737598 ], [ -91.956513368211944, 33.736121480833191 ], [ -91.955407767783683, 33.735429014691334 ], [ -91.955532701451034, 33.734956080549743 ], [ -91.956868501477587, 33.734956014078158 ], [ -91.957717167795934, 33.734455613987777 ], [ -91.957651168059684, 33.733565014253479 ], [ -91.956051967532304, 33.733261880526079 ], [ -91.957312767961611, 33.732190081008468 ], [ -91.95723910081422, 33.731456814655793 ], [ -91.956812367277962, 33.731293880653062 ], [ -91.955277767407651, 33.732061014050537 ], [ -91.954234368028395, 33.729771680925836 ], [ -91.95489430100092, 33.728084280696571 ], [ -91.953955767384258, 33.726605813976718 ], [ -91.954977500881881, 33.726329881171914 ], [ -91.956012567493943, 33.726967413958704 ], [ -91.956369101291926, 33.726576414192564 ], [ -91.955647100663086, 33.72472981463352 ], [ -91.953912767712268, 33.724923214609809 ], [ -91.954072700817903, 33.724045681085386 ], [ -91.954921901361573, 33.723427614601043 ], [ -91.954503567733965, 33.722645214757222 ], [ -91.955697500552319, 33.722557014363886 ], [ -91.95488716819554, 33.721541014590976 ], [ -91.956362567833239, 33.721812814255593 ], [ -91.9560007674811, 33.721090414408422 ], [ -91.954680700525628, 33.720572814410886 ], [ -91.956650568025395, 33.720183614161016 ], [ -91.956053567635692, 33.71915641433241 ], [ -91.954535967964375, 33.719407480577622 ], [ -91.954433100766195, 33.719134014369487 ], [ -91.954760100913617, 33.718647614315088 ], [ -91.956132567690815, 33.718293414701648 ], [ -91.956595568050687, 33.717302014732198 ], [ -91.956409967893549, 33.715876214396246 ], [ -91.958030901282015, 33.715277281219088 ], [ -91.957302300962098, 33.714428414684264 ], [ -91.956508567228511, 33.714264881185414 ], [ -91.956876568204351, 33.713714414650497 ], [ -91.957828367874825, 33.713734014420545 ], [ -91.956945901183005, 33.712229014773513 ], [ -91.957868300663449, 33.711797614221226 ], [ -91.957649368187049, 33.711259481233682 ], [ -91.958613301148262, 33.710293480799535 ], [ -91.958954901246685, 33.708655214030614 ], [ -91.960171901310275, 33.708396680633321 ], [ -91.960744167339072, 33.708660414141256 ], [ -91.960671567931826, 33.70762141416828 ], [ -91.959447967982825, 33.707434680824846 ], [ -91.959658301267382, 33.706538481162191 ], [ -91.959296501078029, 33.706302080746703 ], [ -91.958684967354017, 33.707539214178496 ], [ -91.957461567388563, 33.707973681223201 ], [ -91.95622510156889, 33.709265814087964 ], [ -91.954593767994169, 33.709161481048035 ], [ -91.953692700786604, 33.710046814523565 ], [ -91.952186167882587, 33.70917288143621 ], [ -91.953212100844084, 33.707710280724932 ], [ -91.955737701088694, 33.705785880655853 ], [ -91.955230900828596, 33.70406521457523 ], [ -91.953763900957952, 33.703114281205963 ], [ -91.95444136825067, 33.703053814069754 ], [ -91.955019968217584, 33.702053214070254 ], [ -91.956802567252325, 33.702047414145916 ], [ -91.955763100957071, 33.701272414259186 ], [ -91.956775967315494, 33.700898414466167 ], [ -91.956802101471382, 33.699908814125244 ], [ -91.958406967854344, 33.700337414189192 ], [ -91.958591367549403, 33.701024614529906 ], [ -91.959209501401759, 33.700551680692563 ], [ -91.958926901550583, 33.701304881199206 ], [ -91.959834701290191, 33.701744614721179 ], [ -91.960617301056445, 33.701403614519364 ], [ -91.960564567547934, 33.700842813961707 ], [ -91.961274967382749, 33.701046080782845 ], [ -91.960307901170196, 33.700117214068101 ], [ -91.961320701401007, 33.699869613990145 ], [ -91.962248300985294, 33.700485214738357 ], [ -91.962083567712398, 33.699660613968867 ], [ -91.962596700930561, 33.699440614317552 ], [ -91.962293967555894, 33.698912880598158 ], [ -91.963767501116493, 33.699775680893389 ], [ -91.964234167765525, 33.698747480607842 ], [ -91.965253900937412, 33.699605014643993 ], [ -91.965589101254153, 33.69880781450582 ], [ -91.966148301278537, 33.699280414049952 ], [ -91.966345368009527, 33.698340281090239 ], [ -91.966989900601817, 33.698318081164352 ], [ -91.967015967635717, 33.697493480731481 ], [ -91.967607968040966, 33.697597814771832 ], [ -91.967614901326243, 33.698461014727215 ], [ -91.969080501169302, 33.697368280888114 ], [ -91.969325500565105, 33.696864081051586 ], [ -91.968760500826377, 33.69602808076295 ], [ -91.969884900700947, 33.695566881161561 ], [ -91.970128367688147, 33.694320214501197 ], [ -91.97072050125729, 33.694142880947858 ], [ -91.968865567666114, 33.693919480908406 ], [ -91.968570968143212, 33.69342981429871 ], [ -91.970582500973649, 33.691946014501951 ], [ -91.971323768217445, 33.692490881116591 ], [ -91.971269368112118, 33.690478480742343 ], [ -91.973926167863922, 33.68890521412203 ], [ -91.973702505745806, 33.687724360742799 ] ], [ [ -91.973168803103434, 33.687436895831603 ], [ -91.972392967386497, 33.687465214627707 ], [ -91.972362360073305, 33.687002526473762 ] ], [ [ -91.971389950999239, 33.686478763865253 ], [ -91.970889962419179, 33.686209458148255 ] ] ] } },
{ "type": "Feature", "properties": { "stream_name": "Big Creek", "gnis_name": "Big Creek", "county": "Jefferson", "trib_of": "Saline River" }, "geometry": { "type": "LineString", "coordinates": [ [ -92.160730367876653, 34.202734679853094 ], [ -92.16159070025202, 34.202267613754856 ], [ -92.162483900828036, 34.202471213531787 ], [ -92.163317967681408, 34.201036480692061 ], [ -92.165613900466553, 34.200905080419133 ], [ -92.166381500186574, 34.200355480659617 ], [ -92.167314767237158, 34.198530480185788 ], [ -92.171066500383247, 34.197475613429219 ], [ -92.171053300840398, 34.196997280353536 ], [ -92.172998701122324, 34.196052013947408 ], [ -92.174335500983801, 34.193424280649033 ], [ -92.177167300310302, 34.191742413934527 ], [ -92.176591900473511, 34.190340479933596 ], [ -92.17705510081791, 34.190142679998765 ], [ -92.176936167367444, 34.188020613820022 ], [ -92.178517767421567, 34.183903080268941 ], [ -92.17782996714908, 34.183270880588942 ], [ -92.177935901128706, 34.182325280541122 ], [ -92.178484967533549, 34.181984480168296 ], [ -92.17790296722751, 34.181462213465281 ], [ -92.178776100464447, 34.181143413728655 ], [ -92.177268367487244, 34.177998814045544 ], [ -92.177698367604847, 34.177097213564139 ], [ -92.177460501113529, 34.176283613902719 ], [ -92.176395700620901, 34.175052013766752 ], [ -92.175972300663773, 34.175172880108498 ], [ -92.176111300244031, 34.174634213285948 ], [ -92.175456567751752, 34.173809413190135 ], [ -92.176065500223132, 34.171286213788214 ], [ -92.17566216691641, 34.170555013282261 ], [ -92.176264101008414, 34.170076813779254 ], [ -92.175754767080605, 34.169538014008012 ], [ -92.174934700681376, 34.169466413597171 ], [ -92.175503567815639, 34.168592413812036 ], [ -92.174822501022916, 34.168289879933035 ], [ -92.175067567578026, 34.165656679897552 ], [ -92.174452700767233, 34.165128813303959 ], [ -92.174684300365499, 34.164276813983612 ], [ -92.173976700656297, 34.163941280274742 ], [ -92.174611567623288, 34.163749014057771 ], [ -92.174776967303472, 34.163122279940616 ], [ -92.173718901118619, 34.162957280090993 ], [ -92.172984900788649, 34.16233041335434 ], [ -92.172125700252323, 34.15924628049477 ], [ -92.171147167208304, 34.158465413637657 ], [ -92.171564101184245, 34.156849213210734 ], [ -92.171187301141572, 34.156282879967378 ], [ -92.17100976715389, 34.150884414040249 ], [ -92.169733900449913, 34.149064480614399 ], [ -92.16925130020428, 34.149091880717101 ], [ -92.167499500185897, 34.147332480163172 ], [ -92.166527500963056, 34.147238813475575 ], [ -92.166058367586217, 34.145946813462608 ], [ -92.163050167122705, 34.144626880675474 ], [ -92.162594366916124, 34.143252413362099 ], [ -92.162210567364198, 34.144159413516633 ], [ -92.161701700548008, 34.143587613403824 ], [ -92.160947900596227, 34.143669813789828 ], [ -92.161159900327974, 34.142394413947123 ], [ -92.16032016686971, 34.14205348033336 ], [ -92.160141700271566, 34.142410680367824 ], [ -92.159321767622487, 34.142273080459404 ], [ -92.158661167719899, 34.140722613439067 ], [ -92.156386901173946, 34.14029328046248 ], [ -92.155244367643135, 34.137087880726085 ], [ -92.154034567532378, 34.136647813540485 ], [ -92.154563967047352, 34.135444013401973 ], [ -92.153750967140851, 34.135201880116711 ], [ -92.153909767047224, 34.134575214047345 ], [ -92.153387700596554, 34.134267213435372 ], [ -92.152534700832419, 34.134629813409873 ], [ -92.152766500319586, 34.133629279981356 ], [ -92.151979900632142, 34.133398214122465 ], [ -92.152211500690356, 34.13284848078893 ], [ -92.151424301261684, 34.13406321370514 ], [ -92.149309167142576, 34.1330674807324 ], [ -92.148284900783082, 34.132055680446683 ], [ -92.148213767301712, 34.128416280107153 ], [ -92.147202967712957, 34.127140613764269 ], [ -92.14546470021547, 34.126540680250713 ], [ -92.144903301279072, 34.12572141327847 ], [ -92.144195967514293, 34.125693613361975 ], [ -92.144333100703605, 34.125103680631376 ], [ -92.145278700694107, 34.124581813452778 ], [ -92.144347167826439, 34.123712880346382 ], [ -92.14425496711975, 34.122871680434208 ], [ -92.143223900845996, 34.122816413324038 ], [ -92.140408967490032, 34.120918613609355 ], [ -92.139529700256574, 34.121231613944325 ], [ -92.138617700562037, 34.120725413720251 ], [ -92.137341967386689, 34.120757813433279 ], [ -92.136793900270817, 34.119883480310278 ], [ -92.135670300320612, 34.119756480039719 ], [ -92.135545301231616, 34.118783480398122 ], [ -92.134494300342766, 34.11883241376146 ], [ -92.134355967223485, 34.118112213628898 ], [ -92.133754167128643, 34.118579213900929 ], [ -92.132359501216385, 34.118540080532952 ], [ -92.129009701030256, 34.116559413832846 ], [ -92.129882300312104, 34.11641141414735 ], [ -92.130034567355011, 34.116021080667522 ], [ -92.129049900578835, 34.115811813553343 ], [ -92.128581500633814, 34.11459101401875 ], [ -92.130115566935615, 34.11370121344877 ], [ -92.130188701294202, 34.113135013764207 ], [ -92.128529767834095, 34.112886813950681 ], [ -92.128801700237972, 34.111655480817987 ], [ -92.128220300487214, 34.111358280175914 ], [ -92.127439966900539, 34.111869280201653 ], [ -92.126754701037541, 34.109191613343199 ], [ -92.125657567929366, 34.109081014118054 ], [ -92.125281300882534, 34.108465214138086 ], [ -92.12323836764854, 34.107571280787155 ], [ -92.123026567961105, 34.106911680444462 ], [ -92.122127500680648, 34.106598680386249 ], [ -92.122543301059892, 34.105801413749923 ], [ -92.121914967461592, 34.105202480475725 ], [ -92.121247300780524, 34.104823480376432 ], [ -92.120573500814317, 34.105302080510143 ], [ -92.120057367538692, 34.10426881382228 ], [ -92.119449500546565, 34.104351480465233 ], [ -92.119256967847051, 34.103153080275476 ], [ -92.118358300520796, 34.10325248020866 ], [ -92.118404100323232, 34.102499279972655 ], [ -92.117636967743522, 34.101675013892766 ], [ -92.118006767431979, 34.101213013435611 ], [ -92.116360700512203, 34.100334080631754 ], [ -92.116782967663852, 34.099366414138018 ], [ -92.116247767075137, 34.099339080185239 ], [ -92.116082101114813, 34.098575079977039 ], [ -92.115414700727072, 34.098641280215588 ], [ -92.114673700318946, 34.097206813991853 ], [ -92.114745701022301, 34.095986280053403 ], [ -92.115386700744139, 34.095914480311819 ], [ -92.116211967229859, 34.094946680691926 ], [ -92.115510967143223, 34.094116880528063 ], [ -92.116145100881326, 34.093599814158452 ], [ -92.115701566935499, 34.092269613537027 ], [ -92.114915167512521, 34.092264414058086 ], [ -92.113507301171154, 34.091363413962462 ], [ -92.112886167598887, 34.091495613912009 ], [ -92.111193700387517, 34.089764480601417 ], [ -92.111477367945156, 34.089027680728918 ], [ -92.110505767993786, 34.088478280176744 ], [ -92.111119767280229, 34.087571014018252 ], [ -92.112322500625638, 34.087982880239942 ], [ -92.111964967310016, 34.086680080650041 ], [ -92.112704567568215, 34.085827680754797 ], [ -92.112241701277171, 34.085014213499768 ], [ -92.113312100591742, 34.085189813970011 ], [ -92.112868700943466, 34.08392548061309 ], [ -92.113568767190415, 34.083446880473737 ], [ -92.113217500456045, 34.0816824140406 ], [ -92.114406700427082, 34.081401480576268 ], [ -92.113679567950072, 34.080857613925865 ], [ -92.11408896703621, 34.080582480484303 ], [ -92.1136395676603, 34.080153880483628 ], [ -92.114280367175738, 34.08010968017129 ], [ -92.11457710095263, 34.079197013999398 ], [ -92.115343567650541, 34.079306614211212 ], [ -92.116532167762088, 34.078206614001836 ], [ -92.116392101169851, 34.076112080758186 ], [ -92.118116167763063, 34.07561648075621 ], [ -92.117811700966598, 34.074847080360875 ], [ -92.119039367516663, 34.073048813630145 ], [ -92.11869430068306, 34.070531213665674 ], [ -92.117299567912767, 34.069360680358862 ], [ -92.117272766945732, 34.068860413932384 ], [ -92.118323167678867, 34.068832480396452 ], [ -92.118632967219682, 34.067617413499299 ], [ -92.119604167777638, 34.067847880136078 ], [ -92.120297301124651, 34.067165880696038 ], [ -92.12096470109006, 34.067473413667258 ], [ -92.121730901198262, 34.067242213973614 ], [ -92.121802567351153, 34.06588428080952 ], [ -92.122310901296331, 34.065449680678526 ], [ -92.123202767090902, 34.065548280898263 ], [ -92.125875767368512, 34.064534680834008 ], [ -92.126463501029392, 34.064727480143908 ], [ -92.127032301311885, 34.063793080707178 ], [ -92.127758700918704, 34.064030013693952 ], [ -92.128281367862201, 34.062881213796601 ], [ -92.127740167096647, 34.062265213437733 ], [ -92.12805110038822, 34.061605680218456 ], [ -92.1313011003204, 34.06135441365533 ], [ -92.131308301224379, 34.060562680582215 ], [ -92.130568567067641, 34.060353414114445 ], [ -92.130654767322312, 34.059957680468386 ], [ -92.132240100838175, 34.059864880061561 ], [ -92.132649967818494, 34.059232880036035 ], [ -92.133653700577057, 34.059849080198447 ], [ -92.139037500803539, 34.04771281368069 ], [ -92.141211700955026, 34.045201280808989 ], [ -92.141086767278736, 34.044035680262418 ], [ -92.142111300981071, 34.042414280307675 ], [ -92.145679500782094, 34.038462813706268 ], [ -92.145382900654084, 34.037319280656256 ], [ -92.146030166979784, 34.037022680566359 ], [ -92.14562096731855, 34.036626680276989 ], [ -92.146631567135472, 34.036055280827995 ], [ -92.145020700633609, 34.035279480403425 ], [ -92.1459255673889, 34.034900613921906 ], [ -92.146189967482115, 34.034224413856265 ], [ -92.145358167294987, 34.033987680293549 ], [ -92.145992966943666, 34.032052813583746 ], [ -92.144936567271799, 34.031937013509705 ], [ -92.145029701005129, 34.030425080757972 ], [ -92.145478967819159, 34.029919480250229 ], [ -92.147328167574656, 34.02937588049425 ], [ -92.14736830071719, 34.028188413993433 ], [ -92.146675367184088, 34.027589013752994 ], [ -92.148292967829363, 34.027650013462328 ], [ -92.147890566930357, 34.026682214045614 ], [ -92.149099167366444, 34.02605601406821 ], [ -92.150109300617842, 34.026287213410029 ], [ -92.149568367102177, 34.025302880340085 ], [ -92.147983967527452, 34.024532814037386 ], [ -92.149826566975477, 34.023686813574813 ], [ -92.148909167593175, 34.022889280872015 ], [ -92.149642167909334, 34.022647614285155 ], [ -92.149715167869047, 34.021685613714816 ], [ -92.150401900569278, 34.021779214089378 ], [ -92.150184500805494, 34.020608213445712 ], [ -92.148930167429242, 34.020261414248374 ], [ -92.149669767791607, 34.01991528090317 ], [ -92.149082367270978, 34.019634680449542 ], [ -92.150244700567384, 34.018920413512177 ], [ -92.1495449679133, 34.018722280856963 ], [ -92.150152567900136, 34.018046280091944 ], [ -92.14959156765957, 34.017782214188372 ], [ -92.150450167441022, 34.016979813819816 ], [ -92.149644767766034, 34.016886080720518 ], [ -92.149466767553108, 34.016297813543083 ], [ -92.150457300375592, 34.015726413847887 ], [ -92.151243900458951, 34.013714480166442 ], [ -92.151937167579263, 34.013126480097341 ], [ -92.151283900538317, 34.012472080642581 ], [ -92.151357101130088, 34.011191080653191 ], [ -92.150261367212096, 34.010806014044242 ], [ -92.150103167696955, 34.010327613450642 ], [ -92.151840300900133, 34.008134613943881 ], [ -92.15085056728644, 34.006963280194419 ], [ -92.150745367809762, 34.005830814088817 ], [ -92.149801501009591, 34.005660013770289 ], [ -92.150244500648313, 34.004362813705228 ], [ -92.149128967080003, 34.003950013768012 ], [ -92.149551900555139, 34.002922080712665 ], [ -92.148892300985253, 34.00182788042806 ], [ -92.149546301094404, 34.000811080814799 ], [ -92.148515100645113, 33.999706614009696 ], [ -92.149756167927734, 33.999481613495128 ], [ -92.148647900601532, 33.998024280209876 ], [ -92.149136567113445, 33.99765621422538 ], [ -92.148760501221062, 33.99721068096499 ], [ -92.150463900509877, 33.996320680502848 ], [ -92.149949300724728, 33.995968680478619 ], [ -92.148675167533014, 33.996314613480621 ], [ -92.148418167838031, 33.995401880883819 ], [ -92.147652567739783, 33.99539621352946 ], [ -92.14812816738133, 33.994599214233666 ], [ -92.149091967193073, 33.994214680305028 ], [ -92.1496601673946, 33.992818480302724 ], [ -92.148630966903056, 33.992147413478257 ], [ -92.147772900433836, 33.992411013586107 ], [ -92.147667567466627, 33.991773280806427 ], [ -92.148446767269093, 33.990888480222807 ], [ -92.147107500353243, 33.989975280297259 ], [ -92.148328500485192, 33.989761414144041 ], [ -92.146592967599645, 33.989403414185496 ], [ -92.146414967188463, 33.988859080889831 ], [ -92.147108100557801, 33.988683413877332 ], [ -92.145187901055451, 33.98796808022356 ], [ -92.145459100577014, 33.986819214023569 ], [ -92.143974500504214, 33.986186413816704 ], [ -92.145783167374219, 33.985554880498896 ], [ -92.144423900384524, 33.984872614226873 ], [ -92.143348900347902, 33.983624280197382 ], [ -92.144616300404024, 33.983064013732658 ], [ -92.143448167236272, 33.982920614256798 ], [ -92.143408967033253, 33.982370814070407 ], [ -92.144682767523605, 33.982123880878746 ], [ -92.144914100343556, 33.981491813562243 ], [ -92.145362701284654, 33.981799813772888 ], [ -92.145798567513864, 33.98106328087097 ], [ -92.145706567885668, 33.980304614266856 ], [ -92.145066567276146, 33.980068014037222 ], [ -92.145106967370609, 33.978539680352192 ], [ -92.146189367644823, 33.978232213880588 ], [ -92.146538566963017, 33.979353814223565 ], [ -92.147119567022699, 33.978666880206305 ], [ -92.147021100505313, 33.97782561426606 ], [ -92.146605900436782, 33.976632613581273 ], [ -92.145873767433287, 33.976148480689545 ], [ -92.146045567796179, 33.975406414273905 ], [ -92.144567367347506, 33.975482813906424 ], [ -92.14403316692065, 33.97507581370931 ], [ -92.144660501243763, 33.974240413735814 ], [ -92.144364167225248, 33.973102213879933 ], [ -92.142239101282286, 33.973667680384771 ], [ -92.141724900656399, 33.972628480238058 ], [ -92.142464500256978, 33.971875614001583 ], [ -92.140789500732808, 33.970011214075498 ], [ -92.139891900632463, 33.970247280338526 ], [ -92.139503500953467, 33.968702280652295 ], [ -92.138909567453638, 33.968900013570362 ], [ -92.139531367189505, 33.966244881018689 ], [ -92.138376901064987, 33.966002480375487 ], [ -92.139149567327465, 33.964546014385782 ], [ -92.138510100432313, 33.963803480402021 ], [ -92.139242500354129, 33.963798413841658 ], [ -92.138675367042509, 33.963220814332558 ], [ -92.139473767222512, 33.96302881367339 ], [ -92.138075500219259, 33.962253080538147 ], [ -92.138893901193356, 33.961912480908268 ], [ -92.138194700423426, 33.961543880794984 ], [ -92.136326967674336, 33.962576613761613 ], [ -92.13630750124311, 33.961977413883808 ], [ -92.136894901001071, 33.96171928030661 ], [ -92.136446367779726, 33.961471680719725 ], [ -92.137258167132501, 33.961048680621509 ], [ -92.135688100689066, 33.960740080400939 ], [ -92.134706300548075, 33.958920014336378 ], [ -92.135471900960738, 33.95833208095371 ], [ -92.134469167017727, 33.958100813534131 ], [ -92.134364367205748, 33.957050613604409 ], [ -92.132992100269718, 33.956978614083368 ], [ -92.132814367279252, 33.956434213694145 ], [ -92.133368900788412, 33.955917680630087 ], [ -92.131666967339157, 33.955636480973865 ], [ -92.130815500237688, 33.956191414168615 ], [ -92.13067716737261, 33.955806480645151 ], [ -92.131838900771044, 33.955037414395733 ], [ -92.13026230120542, 33.954822214373728 ], [ -92.129939767197072, 33.953640080216694 ], [ -92.128830967411119, 33.954392680993351 ], [ -92.128092501248076, 33.953793080210168 ], [ -92.128581367116382, 33.952908214261242 ], [ -92.127189167436569, 33.953176880710892 ], [ -92.124275966911256, 33.952133213617429 ], [ -92.123207901014965, 33.952892414247316 ], [ -92.122277567055605, 33.952881813961895 ], [ -92.122456100600047, 33.953382014102147 ], [ -92.120892567012618, 33.953432213610142 ], [ -92.121975567927592, 33.955048014194816 ], [ -92.120650567642713, 33.956538414309733 ], [ -92.119641367905473, 33.957006214309416 ], [ -92.118124100412231, 33.956935413558618 ], [ -92.117410900815614, 33.956034080369591 ], [ -92.117515967030002, 33.955148880876905 ], [ -92.116895567979398, 33.954670881046752 ], [ -92.116881900855816, 33.954033214403765 ], [ -92.118319300591054, 33.952839613519934 ], [ -92.117487367857137, 33.951592013639832 ], [ -92.118350967725888, 33.950695480298023 ], [ -92.118527766995044, 33.94857341429217 ], [ -92.120236167730638, 33.948402213692511 ], [ -92.12079616796477, 33.947368414315712 ], [ -92.120498901283298, 33.946604414390066 ], [ -92.120861167108387, 33.945807080487405 ], [ -92.119845300829923, 33.945785613716843 ], [ -92.121018701053913, 33.944586480278886 ], [ -92.120134167588475, 33.943795214298305 ], [ -92.118920567117115, 33.943927813659549 ], [ -92.119381900403113, 33.943201813818945 ], [ -92.11895936761357, 33.942608280732308 ], [ -92.118115567274543, 33.94355421356093 ], [ -92.117811967192978, 33.943329013854999 ], [ -92.117468501320545, 33.942438614341356 ], [ -92.117955501266593, 33.940739613699826 ], [ -92.119076500512293, 33.940205814021809 ], [ -92.117525967890145, 33.939513814250489 ], [ -92.11735410052998, 33.938837680451556 ], [ -92.117670367162177, 33.938447214252243 ], [ -92.11885110121095, 33.938369680687522 ], [ -92.119312367251808, 33.937687814087198 ], [ -92.119899367976231, 33.937753614088152 ], [ -92.120532101076606, 33.936923080846555 ], [ -92.121356501235198, 33.936757814425178 ], [ -92.120670167492008, 33.936290813576612 ], [ -92.119304767627042, 33.936187013713621 ], [ -92.120154766955309, 33.935037613812902 ], [ -92.119045967850198, 33.93372408073764 ], [ -92.12037730030768, 33.932409614143495 ], [ -92.119565701277651, 33.931651280319663 ], [ -92.118319167516859, 33.931723280222734 ], [ -92.118074900686125, 33.931415614056576 ], [ -92.119182567034429, 33.930887414014023 ], [ -92.120396367976412, 33.93124961356461 ], [ -92.120785101099898, 33.930606280799367 ], [ -92.119544900504636, 33.930177880959448 ], [ -92.119854500779468, 33.929644480398672 ], [ -92.119122167428415, 33.929282080999819 ], [ -92.119800967456555, 33.92856701387965 ], [ -92.118494967937266, 33.928397213861707 ], [ -92.118349567531325, 33.927710080452556 ], [ -92.119022167809177, 33.927572280239666 ], [ -92.117920100869696, 33.926528214156029 ], [ -92.11787336792024, 33.925654213861755 ], [ -92.11713456795033, 33.925258613919162 ], [ -92.118749901014127, 33.9247962143601 ], [ -92.120622966992073, 33.925009680970888 ], [ -92.120668567545763, 33.924135613722747 ], [ -92.120015300452692, 33.923470680806055 ], [ -92.121880700636041, 33.922018414285716 ], [ -92.122414767343528, 33.922056680690837 ], [ -92.12223736787729, 33.923007813603469 ], [ -92.122943101020482, 33.923029480453067 ], [ -92.123451367119628, 33.923700013634146 ], [ -92.124142967053359, 33.922572613711758 ], [ -92.122196767529616, 33.921523480363518 ], [ -92.121313367342935, 33.921765814006214 ], [ -92.120389900811404, 33.921370413724048 ], [ -92.119782300404339, 33.920161213739959 ], [ -92.119069900761787, 33.919853680830492 ], [ -92.118665567165763, 33.916714680395067 ], [ -92.119271900482389, 33.916153681089376 ], [ -92.118915167844378, 33.915158814103734 ], [ -92.117760767392795, 33.914455614302604 ], [ -92.11838670044493, 33.913630681042427 ], [ -92.116294501157057, 33.910717881148919 ], [ -92.114349500807648, 33.910960614447433 ], [ -92.112997367280627, 33.910136414386095 ], [ -92.111012367926136, 33.909785413883817 ], [ -92.110292900329256, 33.908350814055005 ], [ -92.109686366992449, 33.908477414438089 ], [ -92.109613567738705, 33.908037680413003 ], [ -92.108769500820571, 33.907878614295065 ], [ -92.108947167131689, 33.907317680361778 ], [ -92.10810296699259, 33.906878213816306 ], [ -92.108234700921216, 33.906432881073293 ], [ -92.106705100986218, 33.906405880367622 ], [ -92.105841100492128, 33.905938880555659 ], [ -92.104898300392463, 33.9062470809735 ], [ -92.104621766999969, 33.906857480811297 ], [ -92.104001767780062, 33.906610280749547 ], [ -92.10416556753745, 33.904521080597448 ], [ -92.105925967559742, 33.904476480894736 ], [ -92.10623556715943, 33.903970680515975 ], [ -92.105365167128909, 33.903652013823397 ], [ -92.105213100343136, 33.90282748097826 ], [ -92.104349300301408, 33.9024814141004 ], [ -92.103169167068572, 33.902707214001282 ], [ -92.103116167704016, 33.902223414447555 ], [ -92.101731500936822, 33.901762013932334 ], [ -92.101717900717333, 33.90104741368485 ], [ -92.100906900603292, 33.900651814030148 ], [ -92.100622967830716, 33.899821813624577 ], [ -92.097339167494425, 33.898547213827115 ], [ -92.097351700927604, 33.896980413699339 ], [ -92.095821701003715, 33.895513014170845 ], [ -92.096612567472576, 33.895001480544437 ], [ -92.096163967311128, 33.894303414250963 ], [ -92.095451967881772, 33.894287081105169 ], [ -92.095293501269822, 33.893495480817222 ], [ -92.095714567694486, 33.891466813859061 ], [ -92.095318901148772, 33.891010614464363 ], [ -92.095984567820238, 33.890752013653795 ], [ -92.095826301265362, 33.890345213970008 ], [ -92.095034967524299, 33.889933081045136 ], [ -92.094817301305653, 33.889224013759367 ], [ -92.094105367854368, 33.889422013692375 ], [ -92.092430700426519, 33.888707813888381 ], [ -92.09378156746763, 33.887481480407665 ], [ -92.091849767402735, 33.886294480370964 ], [ -92.092211967677173, 33.885249813942004 ], [ -92.091275900384346, 33.88500821389195 ], [ -92.090563500984942, 33.883523880760002 ], [ -92.088467100804365, 33.88263381413023 ], [ -92.088624967145563, 33.881715680362852 ], [ -92.087392100531943, 33.880907814149097 ], [ -92.08741150129498, 33.879159480513884 ], [ -92.084095367189008, 33.876708214495274 ], [ -92.084013368017764, 33.873944680690897 ], [ -92.082629167526832, 33.873450214185333 ], [ -92.082332900354857, 33.874918081072764 ], [ -92.080632367848168, 33.874374014347275 ], [ -92.080296100990864, 33.873978280653269 ], [ -92.080678100476462, 33.872367414467178 ], [ -92.079471967656801, 33.872142080917421 ], [ -92.08011110137744, 33.871372414466336 ], [ -92.079339967418122, 33.871037213950821 ], [ -92.079754967952582, 33.870064014200665 ], [ -92.078410500631975, 33.869789281148677 ], [ -92.077428567757948, 33.870322680604495 ], [ -92.077487700907326, 33.868546880906031 ], [ -92.078482901175477, 33.868959214204402 ], [ -92.078706900963965, 33.868662214156316 ], [ -92.078291500770831, 33.867496813673327 ], [ -92.077190767701182, 33.866765680553669 ], [ -92.078726167711707, 33.866072880829691 ], [ -92.077875967209366, 33.865611213913411 ], [ -92.076366900372818, 33.865979680794752 ], [ -92.075688100803845, 33.865331014090465 ], [ -92.075035567716768, 33.865380481192055 ], [ -92.074560967723059, 33.864627413742866 ], [ -92.075384701334329, 33.863945614269582 ], [ -92.07469270136346, 33.863082480960095 ], [ -92.075608701395211, 33.863247280575358 ], [ -92.07579316722159, 33.862829480578597 ], [ -92.073928100683389, 33.861917080407551 ], [ -92.075746900896505, 33.861894881101357 ], [ -92.075186567973148, 33.860317214009349 ], [ -92.075746701037943, 33.860097214033118 ], [ -92.075700500317552, 33.859289080862894 ], [ -92.076477967858452, 33.858563280988875 ], [ -92.077729967232301, 33.8582992803465 ], [ -92.074520567428706, 33.856589814170107 ], [ -92.076490367446993, 33.85351101451041 ], [ -92.075778701168247, 33.85213121369285 ], [ -92.076358500858177, 33.851729814083988 ], [ -92.07619356758957, 33.851152480465707 ], [ -92.077615563708449, 33.850950008807352 ] ] } },
{ "type": "Feature", "properties": { "stream_name": "Bayou Bartholomew", "gnis_name": "Bayou Bartholomew", "county": "Lincoln", "trib_of": null }, "geometry": { "type": "MultiLineString", "coordinates": [ [ [ -91.695304501194869, 33.935176481025998 ], [ -91.694026901334297, 33.933623613641082 ], [ -91.694782367784583, 33.932599480400491 ], [ -91.696512568343991, 33.932161414107163 ], [ -91.699760767879638, 33.932527213838497 ], [ -91.702066968330485, 33.932282880609563 ], [ -91.709724501270969, 33.927286613831512 ], [ -91.715595968584452, 33.925912813901839 ], [ -91.721717367577298, 33.925333214011559 ], [ -91.725960501922984, 33.922780214128231 ], [ -91.727715501293076, 33.920813080583855 ], [ -91.72707690097107, 33.918654081016953 ], [ -91.728864301528702, 33.917828481083767 ], [ -91.729346901599058, 33.916453013677028 ], [ -91.72858490163749, 33.913898014076786 ], [ -91.727110101410716, 33.911701680301782 ], [ -91.7208065017916, 33.910984880963483 ], [ -91.714962901872681, 33.911863213852428 ], [ -91.71308470114171, 33.910254414182646 ], [ -91.711548901147864, 33.90796501412283 ], [ -91.711710168427189, 33.905849813851745 ], [ -91.713367900946423, 33.90321588092214 ], [ -91.718253901473787, 33.899597413638723 ], [ -91.718965701703127, 33.899592413999187 ], [ -91.719015967814897, 33.900670414244694 ], [ -91.719510301467992, 33.900824880480243 ], [ -91.721104567823488, 33.898256214013806 ], [ -91.720294300888909, 33.894981413882569 ], [ -91.719042367539558, 33.893386680317427 ], [ -91.718603700864293, 33.891847081099591 ], [ -91.716831167798162, 33.890431480396821 ], [ -91.716063368497402, 33.88800328076907 ], [ -91.713855568261067, 33.887005813714971 ], [ -91.712102567992574, 33.884131014475336 ], [ -91.710490701937672, 33.883002880338545 ], [ -91.708058567734497, 33.883375680815945 ], [ -91.705842901223093, 33.881958414439865 ], [ -91.703892501499809, 33.883176813906147 ], [ -91.702448167704816, 33.884807614214267 ], [ -91.702023301304891, 33.886702480987736 ], [ -91.700870767610837, 33.887611213719858 ], [ -91.700534301580504, 33.889567014102433 ], [ -91.699481701576914, 33.88978721410966 ], [ -91.698826167720185, 33.890686280507886 ], [ -91.699534101199589, 33.891565414045047 ], [ -91.697979701160151, 33.893504880626821 ], [ -91.697964101660659, 33.896070013939372 ], [ -91.698470301085379, 33.896727813934042 ], [ -91.698073901100287, 33.89747868043608 ], [ -91.698992168266699, 33.899986280502858 ], [ -91.699771101305814, 33.900794080929465 ], [ -91.698716500946361, 33.903460480527166 ], [ -91.696738901754188, 33.905291814193873 ], [ -91.694277501454934, 33.906417281115665 ], [ -91.693817101145058, 33.907726481060507 ], [ -91.692748967857156, 33.908343214454256 ], [ -91.690879101105793, 33.910939814031678 ], [ -91.689101501147874, 33.91244561414976 ], [ -91.687753101195909, 33.914797414203242 ], [ -91.687526167742149, 33.916354681102909 ], [ -91.685528168081547, 33.916906013905972 ], [ -91.684826768566722, 33.918077413755697 ], [ -91.680797901612365, 33.918872013713568 ], [ -91.679357301999616, 33.919956280377221 ], [ -91.677062367662927, 33.920651614125894 ], [ -91.676277568115339, 33.921576014402646 ], [ -91.674918301681387, 33.921453414264001 ], [ -91.67302570101981, 33.922063680645216 ], [ -91.668469367821587, 33.925355814372416 ], [ -91.665220968139622, 33.924645280713186 ], [ -91.664460167673781, 33.922511213795957 ], [ -91.666034701217384, 33.919218880814768 ], [ -91.668709100969821, 33.916320214418633 ], [ -91.669019767744032, 33.913224014254126 ], [ -91.667970967748218, 33.909046481028426 ], [ -91.665737901307551, 33.906467813679789 ], [ -91.664463368331781, 33.903707481136159 ], [ -91.664332701343795, 33.899418813876032 ], [ -91.663935301385905, 33.898728813657463 ], [ -91.662912968221249, 33.898554613723014 ], [ -91.662093167779432, 33.896727880659327 ], [ -91.662020101304549, 33.894878414204634 ], [ -91.658764968117225, 33.891730814254068 ], [ -91.656716101674775, 33.890824014156649 ], [ -91.655525300977743, 33.889359881091814 ], [ -91.653885568543473, 33.888603813983934 ], [ -91.651798968395426, 33.885980880491879 ], [ -91.649435767691415, 33.884328614439497 ], [ -91.647749368376054, 33.884017681165858 ], [ -91.648188501950543, 33.882698081003909 ], [ -91.647925301787211, 33.882086880819195 ], [ -91.645955501726931, 33.881319081025907 ], [ -91.645016168209949, 33.881961080456698 ], [ -91.643199901059575, 33.88100368062333 ], [ -91.641885967948269, 33.880817280372568 ], [ -91.638405568495116, 33.879030413809637 ], [ -91.637557967674923, 33.877744080873605 ], [ -91.637900701405826, 33.876961814247991 ], [ -91.639611368282786, 33.87593668115214 ], [ -91.643101568153554, 33.875351480614142 ], [ -91.647159101807063, 33.876923880857596 ], [ -91.649742101268572, 33.878425013761188 ], [ -91.652313368396349, 33.878843013837987 ], [ -91.657109101583259, 33.881679013768412 ], [ -91.658870368551661, 33.881555813719075 ], [ -91.659563568661085, 33.880940013830745 ], [ -91.65956050196543, 33.879987214307391 ], [ -91.656889901847464, 33.876126681151419 ], [ -91.656678368658788, 33.874744280575158 ], [ -91.658097500979736, 33.869368613789781 ], [ -91.658881768132019, 33.869192880909729 ], [ -91.658987368577741, 33.868681680922556 ], [ -91.657676568473761, 33.867356480357998 ], [ -91.654165101670856, 33.865486480540788 ], [ -91.650983968143407, 33.862071813963432 ], [ -91.64652376791534, 33.860597080638954 ], [ -91.645074768063083, 33.859310280403839 ], [ -91.643388101238614, 33.859282080704276 ], [ -91.64159696775252, 33.857165014354742 ], [ -91.639984568326852, 33.85424001432898 ], [ -91.639590701546837, 33.85186508093922 ], [ -91.640133901014636, 33.846764013686567 ], [ -91.638402701044299, 33.844416080539034 ], [ -91.635708967973699, 33.843183480909204 ], [ -91.634357901691757, 33.844331813870816 ], [ -91.63296816834584, 33.843726480896947 ], [ -91.632447568655223, 33.844012080675945 ], [ -91.632571768182032, 33.845463414396143 ], [ -91.631615901532882, 33.846386413981485 ], [ -91.631865501552042, 33.847518880595658 ], [ -91.630618768624501, 33.849618214150354 ], [ -91.630347502063259, 33.851168213722744 ], [ -91.627850368529991, 33.851370414128226 ], [ -91.625499101335024, 33.850440214518834 ], [ -91.623926701829404, 33.848744214361886 ], [ -91.623464501083816, 33.847067813998031 ], [ -91.624259568664414, 33.84413208069757 ], [ -91.625569812783226, 33.842215074739499 ] ], [ [ -91.628844296718228, 33.840336914670836 ], [ -91.632371501111948, 33.839603413775571 ], [ -91.635843301416756, 33.839374214392492 ], [ -91.637252568675095, 33.839946413832351 ], [ -91.638207967822154, 33.839617014126979 ], [ -91.63926936783227, 33.838276214506614 ], [ -91.63804668478133, 33.835058660710963 ] ], [ [ -91.609240351506131, 33.851581235246705 ], [ -91.609552101907539, 33.853985414483802 ], [ -91.608366102092418, 33.856344014243703 ], [ -91.607077901884011, 33.856589681205755 ], [ -91.604186301526184, 33.858674013678907 ], [ -91.599646501840965, 33.858680814229473 ], [ -91.597898365976562, 33.858086707481071 ] ] ] } },
{ "type": "Feature", "properties": { "stream_name": "Cousart Bayou", "gnis_name": null, "county": "Jefferson", "trib_of": "Jacks Bayou" }, "geometry": { "type": "LineString", "coordinates": [ [ -91.922117767926196, 34.201404613171626 ], [ -91.921791567824499, 34.200647013702465 ], [ -91.920031967483439, 34.199497880424659 ], [ -91.919073367987409, 34.197150480438623 ], [ -91.918174901394437, 34.192235813843681 ], [ -91.918334101522078, 34.190091880404232 ], [ -91.920525167675294, 34.183237213834843 ], [ -91.918666767779399, 34.181978080307516 ], [ -91.917747367737789, 34.182065880223853 ], [ -91.90761476774837, 34.179606413741482 ], [ -91.905723900995696, 34.177610413224393 ], [ -91.899687167921357, 34.173183413415948 ], [ -91.897790168182354, 34.17075301355149 ], [ -91.89746710072923, 34.16855961364891 ], [ -91.89502770135266, 34.166805213952465 ], [ -91.89391090067933, 34.165139080286735 ], [ -91.891907901425313, 34.163786013367023 ], [ -91.889904367731177, 34.163230013885148 ], [ -91.887928101346063, 34.161602080334774 ], [ -91.883338968192689, 34.161099880069344 ], [ -91.877116101565619, 34.161371680465244 ], [ -91.87513630086903, 34.159487013792436 ], [ -91.872734967848032, 34.158245880342506 ], [ -91.87339410118517, 34.155211079894322 ], [ -91.872742567415656, 34.150313413521097 ], [ -91.873654101308659, 34.148850680100054 ], [ -91.873580501170892, 34.147718414106926 ], [ -91.869181768235322, 34.144845413315146 ], [ -91.868227301288783, 34.141052680673873 ], [ -91.865832367973709, 34.138448213836867 ], [ -91.863145901201534, 34.134414414124208 ], [ -91.859469568213299, 34.133168013917519 ], [ -91.85305690131274, 34.132450080485633 ], [ -91.85136410159032, 34.131389680271553 ], [ -91.850622900747624, 34.12955928052606 ], [ -91.850932367902104, 34.126843680068056 ], [ -91.847292500753881, 34.122745280498989 ], [ -91.846339701080339, 34.12023328030228 ], [ -91.844819101472496, 34.11894728019945 ], [ -91.843858901096326, 34.113532813389945 ], [ -91.832417700853711, 34.109043680816136 ], [ -91.827559700895961, 34.104206813852009 ], [ -91.824142968218183, 34.102233613525563 ], [ -91.806929301644033, 34.095153280816568 ], [ -91.803863300832361, 34.095493880563211 ], [ -91.801729300952914, 34.094207280302221 ], [ -91.79876256756944, 34.093723280177784 ], [ -91.797183568406794, 34.092695080300615 ], [ -91.79510316788722, 34.088978680721937 ], [ -91.794336901647583, 34.088533213458931 ], [ -91.783547567655361, 34.088338613340184 ], [ -91.779609301166616, 34.089629280528861 ], [ -91.775057301696421, 34.089072680860866 ], [ -91.773511768430225, 34.087599013964351 ], [ -91.767420501851873, 34.08718448016706 ], [ -91.764751967477679, 34.085979614016615 ] ] } },
{ "type": "Feature", "properties": { "stream_name": "Nevins Creek", "gnis_name": "Nevins Creek", "county": "Jefferson", "trib_of": "Bayou Bartholomew" }, "geometry": { "type": "LineString", "coordinates": [ [ -92.145062567852662, 34.202686013940344 ], [ -92.142541566906047, 34.202833613978157 ], [ -92.141787700907955, 34.20213508052143 ], [ -92.141119500613428, 34.20209641314716 ], [ -92.140689901116517, 34.201304480100632 ], [ -92.139082367181018, 34.200748613850521 ], [ -92.138117767788685, 34.198323880313659 ], [ -92.137509300348654, 34.198202680439763 ], [ -92.137483367782707, 34.19730661342826 ], [ -92.136088167220379, 34.195986613798524 ], [ -92.135188300313303, 34.196107080065957 ], [ -92.13450710041262, 34.195716479860856 ], [ -92.13320350103632, 34.196210680148468 ], [ -92.132285300819078, 34.194143280118041 ], [ -92.130651901011348, 34.192933079965655 ], [ -92.129943766947235, 34.193433013455284 ], [ -92.127072701163002, 34.19324468061432 ], [ -92.123646501192582, 34.195301880187387 ], [ -92.120675100819838, 34.193934413160456 ], [ -92.119285901022906, 34.194116480707734 ], [ -92.118736567463785, 34.19370441366096 ], [ -92.117532367125264, 34.193694013444215 ], [ -92.116175500307847, 34.192584013570588 ], [ -92.112529900494934, 34.19171141403455 ], [ -92.108388500800388, 34.191751480531678 ], [ -92.107640301207681, 34.190624813742502 ], [ -92.10291070134889, 34.191571880288393 ], [ -92.102374501018971, 34.190676013200417 ], [ -92.099450967139276, 34.19218321374629 ], [ -92.098279967731273, 34.192007613989247 ], [ -92.098227300835603, 34.19267828003052 ], [ -92.096547167970641, 34.19332748010266 ], [ -92.094006567883142, 34.192728880126062 ], [ -92.092391967868494, 34.191563813512808 ], [ -92.091604766967137, 34.191695880409384 ], [ -92.090459900615244, 34.190657213805267 ], [ -92.08811136699768, 34.190421280696697 ], [ -92.086722300466761, 34.190905279960575 ], [ -92.085921167372632, 34.188761480039524 ], [ -92.085220101370496, 34.189228880563725 ], [ -92.084168300680602, 34.188822279827114 ], [ -92.083843301123082, 34.185991080637329 ], [ -92.082202767091218, 34.185793480084101 ], [ -92.081428101388951, 34.182566679977725 ], [ -92.080224101135116, 34.181362880631468 ], [ -92.077842567549979, 34.18067048047326 ], [ -92.073774566994487, 34.180478413464428 ], [ -92.072590567451314, 34.181490080617507 ], [ -92.06901210100817, 34.181682680320982 ], [ -92.067656100614798, 34.182771213229657 ], [ -92.066266967008801, 34.183227479981738 ], [ -92.063191101056745, 34.182595280095832 ], [ -92.06137210046829, 34.180467880483022 ], [ -92.06053196762538, 34.180445813344853 ], [ -92.060115300580932, 34.180907613634297 ], [ -92.057985367805244, 34.180467680707487 ], [ -92.056734967846197, 34.182611613423973 ], [ -92.055398900941412, 34.182149813687523 ], [ -92.054691100520586, 34.182408079953412 ], [ -92.054829901011402, 34.183051279915098 ], [ -92.052389167365078, 34.18270468069818 ], [ -92.052316300975264, 34.183468880482636 ], [ -92.05078150095828, 34.184441813604714 ], [ -92.047077300881426, 34.183649680523295 ], [ -92.046759567143866, 34.184446813479198 ], [ -92.045297567610348, 34.184677414051947 ], [ -92.044808301107466, 34.183984679964439 ], [ -92.044153300565085, 34.184550813274605 ], [ -92.043399301029552, 34.183940480709587 ], [ -92.042433368083437, 34.184446080531309 ], [ -92.040270501009473, 34.183967413796871 ] ] } },
{ "type": "Feature", "properties": { "stream_name": "Main Street Ditch", "gnis_name": null, "county": "Jefferson", "trib_of": "Bayou Bartholomew" }, "geometry": { "type": "LineString", "coordinates": [ [ -92.031468300793165, 34.195520813656934 ], [ -92.029847901045187, 34.19410761327044 ], [ -92.028730100933146, 34.193870813965432 ], [ -92.02867096766289, 34.192721880179697 ], [ -92.024496568037918, 34.192698613344241 ], [ -92.024450701342943, 34.191725613874148 ], [ -92.022823367242282, 34.19151608066344 ], [ -92.021804967646204, 34.190916614020274 ], [ -92.014785967934714, 34.19092488064387 ], [ -92.013185700855288, 34.189797413690975 ], [ -92.011386701305995, 34.189219280206665 ], [ -92.009072701465541, 34.187206280572475 ], [ -92.007769567089156, 34.187062814018198 ], [ -92.005402167421238, 34.18589068050828 ], [ -92.004549501100072, 34.184972280218119 ], [ -92.000871501086181, 34.185162813809811 ], [ -91.999307701384396, 34.184697280400087 ], [ -91.998836967854615, 34.183323213496621 ], [ -91.997560167806554, 34.182889414042556 ], [ -91.997665100841161, 34.181685480378547 ], [ -91.995249767821122, 34.180284813222038 ], [ -91.994090967199611, 34.178196413921412 ], [ -91.994585300967074, 34.175689413782266 ], [ -91.996252167834825, 34.175743480150409 ], [ -91.995993567746496, 34.174776213551461 ], [ -91.997130301017819, 34.174294213663984 ] ] } },
{ "type": "Feature", "properties": { "stream_name": "Harding Creek", "gnis_name": "Harding Drain", "county": "Jefferson", "trib_of": "Bayou Bartholomew" }, "geometry": { "type": "LineString", "coordinates": [ [ -91.998591568123274, 34.220248679829304 ], [ -92.000137767253676, 34.219487613553589 ], [ -92.001878367601492, 34.219263213538248 ], [ -92.004644367406215, 34.219413013795837 ], [ -92.009626701405324, 34.220657680031835 ], [ -92.011764767157331, 34.219630613273011 ], [ -92.015344767270591, 34.219879480359019 ], [ -92.01895310088338, 34.216818880569186 ], [ -92.020370300887137, 34.214796413319213 ], [ -92.021832700530908, 34.214698013228215 ], [ -92.025290967505015, 34.215497013242711 ], [ -92.027715501229622, 34.214732880218413 ], [ -92.029198300449906, 34.213210613500429 ], [ -92.029280900544947, 34.20583321330362 ], [ -92.03429630084635, 34.205526679807257 ], [ -92.042258767883595, 34.194836013421309 ], [ -92.043635900856785, 34.190729813452663 ], [ -92.042756767401528, 34.187502680711589 ] ] } },
{ "type": "Feature", "properties": { "stream_name": "Melton's Creek", "gnis_name": null, "county": "Lincoln", "trib_of": "Bayou Bartholomew" }, "geometry": { "type": "LineString", "coordinates": [ [ -91.879344367703254, 34.036269080259466 ], [ -91.878030300694945, 34.036428013829209 ], [ -91.876181900852941, 34.035690413880069 ], [ -91.873645501426097, 34.035934280675498 ], [ -91.871830701491234, 34.037181280331389 ], [ -91.866852567847403, 34.038559680828193 ], [ -91.864660101672769, 34.03840668072263 ], [ -91.863061568249904, 34.037467280354726 ], [ -91.859865101037599, 34.036506480320064 ], [ -91.857990101143159, 34.037128413404332 ], [ -91.856293901596274, 34.038508813496655 ], [ -91.85616210167575, 34.039163013759165 ], [ -91.854762501496666, 34.039911213912418 ], [ -91.854175368033552, 34.041236214253168 ], [ -91.854763101209471, 34.042158013854873 ], [ -91.861310701082147, 34.043000613683155 ], [ -91.864628167498225, 34.045199213937423 ], [ -91.865736500967557, 34.046752880547288 ], [ -91.865810501085392, 34.048934813477352 ], [ -91.86532656804701, 34.049922213890952 ], [ -91.863323700958873, 34.051237413745191 ], [ -91.85643576790936, 34.049775280540707 ], [ -91.853934567451404, 34.050190680580165 ], [ -91.851573568174942, 34.051624214028038 ], [ -91.850160700965631, 34.050958280575387 ], [ -91.848466968257611, 34.053288213759544 ], [ -91.844007367735557, 34.05469708053861 ], [ -91.843826901746382, 34.055542613849802 ], [ -91.842381967562773, 34.055416813956988 ], [ -91.840807967348027, 34.056043880791734 ], [ -91.839645300782934, 34.055208613564986 ], [ -91.834902968289398, 34.054154013403242 ], [ -91.834150167478754, 34.054258613505212 ], [ -91.833529501186305, 34.055099813687136 ], [ -91.832162367379354, 34.05541881411105 ], [ -91.830504501105807, 34.054517480584344 ], [ -91.829493767686529, 34.053016880392946 ] ] } },
{ "type": "Feature", "properties": { "stream_name": "Jacks Bayou", "gnis_name": "Jacks Bayou", "county": "Jefferson", "trib_of": "Deep Bayou" }, "geometry": { "type": "LineString", "coordinates": [ [ -91.801961368415164, 34.151481680232195 ], [ -91.800864701671856, 34.145649080238563 ], [ -91.802954167742328, 34.143725414017034 ], [ -91.803774168269598, 34.141878413961521 ], [ -91.802531568272698, 34.13887141407816 ], [ -91.792919767484108, 34.136308613892417 ], [ -91.791849567744549, 34.133493880469608 ], [ -91.789014301627461, 34.13130548013163 ], [ -91.782240501195986, 34.119116413270156 ], [ -91.768991901813422, 34.113021280697872 ], [ -91.76254830130199, 34.102381880803343 ], [ -91.759581967937251, 34.09124901401978 ], [ -91.764751967477679, 34.085979614016615 ], [ -91.764277101671894, 34.084753613520533 ], [ -91.761318501120186, 34.082910813311273 ], [ -91.759212767785556, 34.080034813835482 ], [ -91.759345701486751, 34.078963013904392 ], [ -91.760886301514333, 34.076814280372083 ], [ -91.760280501116782, 34.073768680115876 ], [ -91.760736968010775, 34.072735414177096 ], [ -91.76066570147502, 34.07062448072498 ], [ -91.761419167749764, 34.069717813910891 ], [ -91.760568300822101, 34.067897880151719 ], [ -91.760681367473751, 34.066534680142333 ] ] } },
{ "type": "Feature", "properties": { "stream_name": "Cross Bayou", "gnis_name": null, "county": "Lincoln", "trib_of": "Wells Bayou" }, "geometry": { "type": "LineString", "coordinates": [ [ -91.656475701894962, 33.931770414427945 ], [ -91.658011701181934, 33.933035013684872 ], [ -91.660854301420102, 33.932497013554048 ], [ -91.662206101760574, 33.933008481044617 ], [ -91.664672368680414, 33.933075014415913 ], [ -91.666617567829348, 33.934114281005648 ], [ -91.667138367788496, 33.934950013975786 ], [ -91.669360768166328, 33.935192280813553 ], [ -91.675183167992969, 33.940536213858117 ], [ -91.675730701160177, 33.940327414135226 ], [ -91.677327167956477, 33.937804414206703 ], [ -91.680802901642835, 33.936936213636173 ], [ -91.682253901017702, 33.935682880604411 ], [ -91.683440967640422, 33.935523613727668 ], [ -91.684317901931536, 33.939212080540543 ], [ -91.685122368489999, 33.9404160807754 ], [ -91.686524701446857, 33.940979281067477 ] ] } },
{ "type": "Feature", "properties": { "stream_name": "Cane Creek", "gnis_name": "Cane Creek", "county": "Lincoln", "trib_of": "Bayou Bartholomew" }, "geometry": { "type": "MultiLineString", "coordinates": [ [ [ -91.74636195565958, 33.925013038627327 ], [ -91.747919701630309, 33.927270414449303 ] ], [ [ -91.880269901356002, 33.964199480885554 ], [ -91.879142767547748, 33.962599213958448 ], [ -91.876662567609785, 33.962163680610026 ], [ -91.876043167924678, 33.96108588076077 ], [ -91.873602901099375, 33.959466414095189 ], [ -91.871141767813768, 33.959071680788632 ], [ -91.869722968055342, 33.958319214208949 ], [ -91.868654301052658, 33.958374680852067 ], [ -91.868304301357597, 33.9576712143759 ], [ -91.867466367701226, 33.95773201439517 ], [ -91.863248767789301, 33.955045880509388 ], [ -91.859660301126326, 33.955258080719915 ], [ -91.859048501494939, 33.954087013680798 ], [ -91.858195567373201, 33.953750080300935 ], [ -91.855596501218002, 33.953778413599167 ], [ -91.854020368045354, 33.955065280504812 ], [ -91.851936167951408, 33.955725680362733 ], [ -91.850761768048187, 33.955495080554563 ], [ -91.849409901094305, 33.95678741399032 ], [ -91.847047900823625, 33.955820480194248 ], [ -91.845675901181792, 33.95645301437969 ], [ -91.844527968359884, 33.956332413688678 ], [ -91.843848301520154, 33.955299013916957 ], [ -91.840384768280373, 33.954761080387982 ], [ -91.83966576790894, 33.95509108038781 ], [ -91.838887167379895, 33.954387480223559 ], [ -91.838319967374389, 33.954953814339859 ], [ -91.837653701006218, 33.954827614339287 ], [ -91.837726501005449, 33.955575214008057 ], [ -91.835971701449722, 33.955399613988746 ], [ -91.835490168410104, 33.955916413821555 ], [ -91.83487650169296, 33.955262413773795 ], [ -91.834599567535889, 33.955608680252212 ], [ -91.833352701089353, 33.955130613926883 ], [ -91.833511101312894, 33.955729880919144 ], [ -91.832594168016271, 33.955944413972283 ], [ -91.832343701141681, 33.957192281063158 ], [ -91.830364701513886, 33.957220013561148 ], [ -91.829480567897406, 33.956681414249459 ], [ -91.82948070150529, 33.957198080325675 ], [ -91.828728701055041, 33.957703880793396 ], [ -91.826122967709452, 33.958270413779815 ], [ -91.825397167658096, 33.957572414119362 ], [ -91.824539701065461, 33.958270613854872 ], [ -91.821353168007761, 33.956192880371141 ], [ -91.821504767565472, 33.954549214293422 ], [ -91.820845101058964, 33.954593213698985 ], [ -91.819340967653858, 33.953180480572989 ], [ -91.81674190101775, 33.953906213786574 ], [ -91.815745767589576, 33.953164080337082 ], [ -91.814809101338284, 33.953279480524714 ], [ -91.814222101580171, 33.95291121355509 ], [ -91.812816967914415, 33.953345414238015 ], [ -91.812170501758686, 33.952823213989447 ], [ -91.811952768439966, 33.953070614284989 ], [ -91.810033101182697, 33.952520813900364 ], [ -91.809868168387851, 33.953070480626792 ], [ -91.808509301574574, 33.953922480696434 ], [ -91.808766567679854, 33.954329414060886 ], [ -91.808001301129863, 33.954224813695369 ], [ -91.80739436844425, 33.954824013546194 ], [ -91.806503700789705, 33.954928413897996 ], [ -91.806107900871993, 33.955862880192605 ], [ -91.806609167964581, 33.956956881026755 ], [ -91.805817501123713, 33.956709413557277 ], [ -91.805388701128564, 33.957182080946076 ], [ -91.80590316829705, 33.957638480513985 ], [ -91.805408368058224, 33.958089213626096 ], [ -91.80345550090945, 33.95889708021172 ], [ -91.802960901222619, 33.958297880577732 ], [ -91.802221901262854, 33.959248814091794 ], [ -91.800988367586555, 33.958369213763362 ], [ -91.800321967555689, 33.958655014221108 ], [ -91.799787701752336, 33.958176614152208 ], [ -91.799259901173187, 33.958561414275003 ], [ -91.799378767736471, 33.957670814228806 ], [ -91.798765367545855, 33.957093480655999 ], [ -91.799398767676905, 33.956582413961016 ], [ -91.798429301099617, 33.955262880771542 ], [ -91.798528701262299, 33.953377413926447 ], [ -91.797941567565658, 33.953020014228585 ], [ -91.798297900750484, 33.952585680845338 ], [ -91.797509930552522, 33.949828667863549 ] ] ] } },
{ "type": "Feature", "properties": { "stream_name": "Walker Branch", "gnis_name": "Walker Branch", "county": "Lincoln", "trib_of": "Bayou Bartholomew" }, "geometry": { "type": "LineString", "coordinates": [ [ -91.960806900651207, 34.056468080417851 ], [ -91.95927430157154, 34.055242013731544 ], [ -91.957325767436643, 34.054527680624815 ], [ -91.957404767824528, 34.053999813761628 ], [ -91.956440501237651, 34.053543680278914 ], [ -91.955997768152756, 34.052779680612481 ], [ -91.953355901353419, 34.051862014015597 ], [ -91.951103500843587, 34.050224013721511 ], [ -91.949908101536948, 34.050169080411408 ], [ -91.949392900731695, 34.049471013855161 ], [ -91.947107768081381, 34.049344813449039 ], [ -91.944479301450059, 34.050411414169936 ], [ -91.942748901398645, 34.04954288084825 ], [ -91.942418700810052, 34.04996608053181 ], [ -91.941064901298589, 34.049850813572 ], [ -91.938046701109499, 34.047987213692522 ], [ -91.936970167839746, 34.048240080541667 ], [ -91.937095701527454, 34.048619413770361 ], [ -91.936659900896231, 34.048729280226169 ], [ -91.936256967334288, 34.048405013449674 ], [ -91.935801301567054, 34.04889968019976 ], [ -91.932631167984709, 34.048905080037365 ], [ -91.932650967838526, 34.049487813485889 ], [ -91.93198390084207, 34.04963621360907 ], [ -91.929428300709546, 34.048443080036598 ], [ -91.928424301213212, 34.049515080444067 ], [ -91.927275300964979, 34.048926680134876 ], [ -91.926713767265923, 34.049514814241874 ], [ -91.926661167394158, 34.048585813981568 ], [ -91.926053500922023, 34.048288880507286 ], [ -91.925419500747665, 34.048745080643521 ], [ -91.924739300825735, 34.048563613896299 ], [ -91.923702300639548, 34.049470614063218 ], [ -91.923754967371607, 34.050014813377636 ], [ -91.922374568006461, 34.050690813398326 ], [ -91.922605500795939, 34.051707814223548 ], [ -91.922143100744961, 34.052444413365635 ], [ -91.924329967983638, 34.054123814055949 ], [ -91.92374090070453, 34.055176813772917 ], [ -91.923991367343874, 34.057562680748006 ], [ -91.92265696767349, 34.058667480512511 ], [ -91.923304167913102, 34.059822013698316 ], [ -91.921949901417619, 34.060465013772408 ], [ -91.921685567950774, 34.061064213574163 ], [ -91.921711901053612, 34.061537013399942 ], [ -91.92348316736296, 34.062212213881082 ], [ -91.914589301366163, 34.069435414168908 ], [ -91.914634767733645, 34.071898080790085 ], [ -91.920698767379548, 34.073339613588338 ], [ -91.92284550061801, 34.074813213443726 ], [ -91.923571700898691, 34.077303413525328 ] ] } },
{ "type": "Feature", "properties": { "stream_name": "Wells Bayou", "gnis_name": null, "county": "Lincoln", "trib_of": "Choctaw Bayou" }, "geometry": { "type": "LineString", "coordinates": [ [ -91.672804768059891, 33.960512013562891 ], [ -91.670119901573457, 33.960522613655883 ], [ -91.667428167713993, 33.96134668052165 ], [ -91.665772368614284, 33.960945080686365 ], [ -91.664426901131236, 33.959955280776136 ], [ -91.665524101204255, 33.952913880328637 ], [ -91.667022101691515, 33.950682414366696 ], [ -91.666541101875296, 33.948637413855863 ], [ -91.664391568302861, 33.946025880365809 ], [ -91.662762767838885, 33.944810814140773 ], [ -91.660757967978469, 33.944260613952899 ], [ -91.658351102022522, 33.942880213805125 ], [ -91.658826367997335, 33.941555613915185 ], [ -91.657626901773796, 33.939274014135279 ], [ -91.655912968122664, 33.9370638137664 ], [ -91.65409336814065, 33.93579348034492 ], [ -91.653566768351311, 33.933237214242702 ], [ -91.65581596824542, 33.932396814300866 ], [ -91.65696536784246, 33.93036641414762 ], [ -91.654721701943842, 33.926777880494868 ], [ -91.654936167991536, 33.925817414176755 ], [ -91.656581501232935, 33.924370681006181 ], [ -91.656191768019283, 33.922772813605377 ], [ -91.656749368187974, 33.919198280738684 ], [ -91.65649736795082, 33.917939680395691 ], [ -91.6547303679435, 33.915259814232947 ], [ -91.652308900975456, 33.914101681071735 ], [ -91.648408501854234, 33.915419414190993 ], [ -91.649095967730645, 33.917992214395802 ], [ -91.64723956833393, 33.92169568043812 ], [ -91.644511301076548, 33.923881481031628 ], [ -91.640545768331563, 33.925049880323144 ], [ -91.637504101500923, 33.925269413691588 ], [ -91.632839701128901, 33.924634280725819 ], [ -91.63063230106107, 33.92347708077623 ], [ -91.627631567791809, 33.92095541416046 ], [ -91.625009768204038, 33.92168328110742 ], [ -91.622980968439478, 33.923697280339198 ], [ -91.620834568520181, 33.924688414257581 ], [ -91.619801501372876, 33.925673680321019 ], [ -91.618173101720458, 33.926118280640992 ], [ -91.61749110167095, 33.9271812803835 ], [ -91.616697967852701, 33.927503880996674 ], [ -91.612684302037451, 33.927659680687157 ], [ -91.61121670203886, 33.92657101440053 ], [ -91.604112567926819, 33.925490680419742 ], [ -91.600166901773449, 33.922579614361702 ], [ -91.599194968641214, 33.920599880501356 ], [ -91.598821768334417, 33.91646148080693 ], [ -91.597275968549624, 33.911986281148842 ], [ -91.595651167764984, 33.909033413758046 ], [ -91.594171968173683, 33.907842080636982 ], [ -91.592952768288725, 33.907736013948977 ], [ -91.590798767913782, 33.908826213742252 ], [ -91.589434967843872, 33.908156414167586 ], [ -91.587499901637145, 33.908705480565594 ], [ -91.586067301372751, 33.908264480524167 ], [ -91.585498101888007, 33.907394814351349 ], [ -91.584345101072856, 33.907930814319215 ], [ -91.583732101675878, 33.907153881131144 ], [ -91.582864701381425, 33.907606013783635 ], [ -91.582271701716067, 33.906182681015018 ], [ -91.577609902054633, 33.905028080626103 ], [ -91.577127501999442, 33.904631480643033 ], [ -91.577245901859683, 33.903836014190276 ], [ -91.575800968262342, 33.903356413710611 ], [ -91.574346701766459, 33.90108328041245 ], [ -91.572874768368266, 33.90098488082544 ], [ -91.571280968718227, 33.901774080341717 ], [ -91.570875101131818, 33.902598614156751 ], [ -91.569305568417789, 33.901273481142397 ], [ -91.564890501593837, 33.899938880407895 ], [ -91.563358568298241, 33.901288614342903 ], [ -91.562517901624517, 33.901456480734282 ], [ -91.557891368611223, 33.898925680378518 ], [ -91.556703501721188, 33.899055280674588 ], [ -91.555135568364051, 33.898071614394112 ], [ -91.554522301990389, 33.896698414493954 ], [ -91.555125901917407, 33.896095480609993 ], [ -91.555422301280601, 33.894180213738132 ], [ -91.556544568263362, 33.893623414471406 ], [ -91.556991702189791, 33.892667880612827 ], [ -91.555917768564981, 33.890745214325335 ], [ -91.553534502104725, 33.890409280914646 ], [ -91.553213968820799, 33.889723613627588 ], [ -91.551440968165522, 33.889201214302581 ], [ -91.551401501722466, 33.888558080850821 ], [ -91.549239768613504, 33.887628880937839 ], [ -91.548430769894892, 33.886460052868507 ] ] } },
{ "type": "Feature", "properties": { "stream_name": "Cypress Creek", "gnis_name": null, "county": "Jefferson, Lincoln", "trib_of": "Oak Log Bayou/Oak Bayou" }, "geometry": { "type": "LineString", "coordinates": [ [ -91.79625376784773, 34.1584732799666 ], [ -91.793536367563107, 34.157098613793181 ], [ -91.790216301716157, 34.159505613807298 ], [ -91.788563167496733, 34.159334880626503 ], [ -91.787929368212957, 34.155882679958211 ], [ -91.786911701511201, 34.154189280575444 ], [ -91.785662301241828, 34.153370013262027 ], [ -91.779334368147104, 34.153615813942544 ], [ -91.775861700920501, 34.156632613271817 ], [ -91.774777167520114, 34.156769680032717 ], [ -91.774129301817936, 34.15641221355942 ], [ -91.773706567709922, 34.155290680049035 ], [ -91.775010368313758, 34.152707480345754 ], [ -91.774719900986938, 34.151827880679917 ], [ -91.767143168492922, 34.147206280617056 ], [ -91.765241901186712, 34.146601280385461 ], [ -91.761558567912289, 34.146699813920776 ], [ -91.756004968490629, 34.148824013694465 ], [ -91.754246367896499, 34.148516213941591 ], [ -91.752817701584377, 34.147339013221107 ], [ -91.755516967891921, 34.14463568056172 ], [ -91.755867968076132, 34.14111801330192 ], [ -91.757034500997733, 34.140278679899211 ], [ -91.761306901618511, 34.138596079982442 ], [ -91.762208567711994, 34.137559213369158 ], [ -91.761499501041115, 34.13704561332063 ], [ -91.758332367587414, 34.136389613702399 ], [ -91.754710368245725, 34.134320813907465 ], [ -91.753601368438737, 34.134866280054268 ], [ -91.75295590108027, 34.13884068071691 ], [ -91.750691567759176, 34.141905613375009 ], [ -91.750005501192646, 34.147466480038332 ], [ -91.749165968115065, 34.150076480021035 ], [ -91.747491167906404, 34.150622813553575 ], [ -91.744901368229932, 34.149256479898163 ], [ -91.742652301408171, 34.146291813781474 ], [ -91.736316301146502, 34.139643480074007 ], [ -91.735284968133016, 34.138872013310881 ], [ -91.732950167510964, 34.138593813712333 ], [ -91.732066168090483, 34.138051879900658 ], [ -91.734208101743704, 34.136207679938721 ], [ -91.737403568400779, 34.134821613275193 ], [ -91.745918901784421, 34.132681013817205 ], [ -91.748637768389798, 34.130519213618896 ], [ -91.748674367557427, 34.127684279981615 ], [ -91.746872101771174, 34.125239680566878 ], [ -91.74550290153249, 34.122035214015959 ], [ -91.737593568355507, 34.115240480513791 ], [ -91.734253301420793, 34.115225613336882 ], [ -91.732264568484212, 34.11588641340029 ], [ -91.731849901742606, 34.116615480305896 ], [ -91.732926701052449, 34.119717213281014 ], [ -91.732292701656817, 34.120563613315866 ], [ -91.72998610133186, 34.121268413661291 ], [ -91.726508368002698, 34.12118768001956 ], [ -91.725561501698536, 34.121843280626194 ], [ -91.724887768537968, 34.123504080195218 ], [ -91.724871701415267, 34.125280680100374 ], [ -91.725503101232036, 34.126912280279541 ], [ -91.727519768483887, 34.129451880283426 ], [ -91.728512567722376, 34.132119013503043 ], [ -91.728309300995065, 34.132852880401423 ], [ -91.726236368512417, 34.134333280781156 ], [ -91.724327901784505, 34.134470480375349 ], [ -91.722857501409749, 34.133882480672021 ], [ -91.721343501581003, 34.131454413698776 ], [ -91.720162368604619, 34.1259396804804 ], [ -91.719999168129206, 34.12298321409456 ], [ -91.720462567856799, 34.121799280812198 ], [ -91.721892368331382, 34.120488013924401 ], [ -91.725874368046533, 34.119508013950295 ], [ -91.728459968034684, 34.117913013840457 ], [ -91.732025168283542, 34.112321680360921 ], [ -91.732187901277186, 34.111074414071609 ], [ -91.731588968287483, 34.110198414141045 ], [ -91.728029367597728, 34.108580280810102 ], [ -91.727876701358284, 34.107433613678509 ], [ -91.730213301692459, 34.104776680298251 ], [ -91.730220101186021, 34.104118414079537 ], [ -91.728985901424053, 34.101980480113077 ], [ -91.727328901571212, 34.100864813761937 ], [ -91.725508501232454, 34.100864813815882 ], [ -91.723025368255591, 34.101492880116972 ], [ -91.718612501864911, 34.103935813695607 ], [ -91.716579967632896, 34.106334213974989 ], [ -91.714783701546139, 34.110351613335531 ], [ -91.713405100953395, 34.111880813337542 ], [ -91.712016301568596, 34.112196013540334 ], [ -91.709670168398674, 34.111368413555574 ], [ -91.708011500899289, 34.111310014055526 ], [ -91.707422101263873, 34.11267108034513 ], [ -91.70768876766769, 34.116466680446401 ], [ -91.707197300940265, 34.117534814010085 ], [ -91.703549167928799, 34.1174604140745 ], [ -91.698516968424386, 34.120645880510089 ], [ -91.692307167620555, 34.122539880144821 ], [ -91.690424367811289, 34.124038413534052 ], [ -91.689108768209238, 34.12645741384857 ], [ -91.687934168176284, 34.127114480042714 ], [ -91.684349901506536, 34.127022213518764 ], [ -91.679306568377726, 34.125005413710049 ], [ -91.67849996839432, 34.125187880034723 ], [ -91.677303368042757, 34.127175880451219 ], [ -91.678416901958613, 34.131320613906773 ], [ -91.677688101272921, 34.132544013375792 ], [ -91.67523030146053, 34.133503480224647 ], [ -91.672996168105442, 34.133231480353089 ], [ -91.67162670201364, 34.132480680224148 ], [ -91.670747368090943, 34.13100008041657 ], [ -91.671115302000899, 34.127481813913569 ], [ -91.667522168451242, 34.123418413493816 ], [ -91.666231100971814, 34.118593680129486 ], [ -91.668337901628476, 34.11775708072728 ], [ -91.674242701664667, 34.11137128076269 ], [ -91.674101767863235, 34.099351480049968 ], [ -91.630735301517333, 34.074740013519474 ], [ -91.598411168484077, 34.060827813647428 ], [ -91.597721301844771, 34.051142680898216 ], [ -91.592988967788457, 34.046554413518422 ], [ -91.592857568117665, 34.044080213889572 ], [ -91.591305968122441, 34.04206941382116 ], [ -91.589195368111334, 34.04111181341613 ], [ -91.587390368467481, 34.0396932802078 ], [ -91.585762301301301, 34.03975848059855 ], [ -91.580118101566669, 34.042837080916463 ], [ -91.577454168234269, 34.041550080582482 ], [ -91.574622901698362, 34.041656080635569 ], [ -91.563776968848728, 34.038967013975871 ], [ -91.562202367946313, 34.037209880603456 ], [ -91.556329301411651, 34.03496681411184 ], [ -91.555605701989535, 34.03337388048314 ], [ -91.555283768759196, 34.030576280626221 ], [ -91.551931768001197, 34.028899214017876 ], [ -91.550121902065925, 34.025850613662691 ], [ -91.548111368137612, 34.024851080150555 ], [ -91.542884101295428, 34.024562013984102 ], [ -91.530480168281713, 34.021119080822459 ], [ -91.525760701245915, 34.008475080218517 ], [ -91.526203768216547, 33.999041813520634 ], [ -91.525575767923684, 33.997124013970144 ], [ -91.51270190120384, 33.979646213583351 ], [ -91.493231368757122, 33.955050080520216 ], [ -91.485920968691076, 33.944073880599248 ], [ -91.483783701757588, 33.935127880258065 ], [ -91.48186256869144, 33.931338614387904 ], [ -91.481370901285544, 33.927572880506659 ], [ -91.480317768105962, 33.926128614045631 ], [ -91.478260981389525, 33.924889800351401 ] ] } },
{ "type": "Feature", "properties": { "stream_name": "Choctaw Bayou", "gnis_name": "Wagon Bayou", "county": "Lincoln", "trib_of": "Bayou Macon" }, "geometry": { "type": "LineString", "coordinates": [ [ -91.718923168077524, 34.099333880503181 ], [ -91.721919101267332, 34.096114080224744 ], [ -91.722642968225983, 34.090288680288502 ], [ -91.722402101341942, 34.086986480666553 ], [ -91.721696568396695, 34.084815680501251 ], [ -91.721742101707932, 34.081715680783894 ], [ -91.723802100892698, 34.077404880459063 ], [ -91.721721900889733, 34.073613680246225 ], [ -91.715502768614357, 34.070294214147332 ], [ -91.714350168562319, 34.067471214093466 ], [ -91.711274768140584, 34.066120480545358 ], [ -91.708184167995839, 34.060206413353853 ], [ -91.705858900926685, 34.051584080194779 ], [ -91.704501501336779, 34.049722880442722 ], [ -91.704309768050663, 34.048293280601946 ], [ -91.703705701296968, 34.047984813676401 ], [ -91.703250368129645, 34.046865413570409 ], [ -91.697220568349096, 34.041613480156357 ], [ -91.68146990163396, 34.031375014065766 ], [ -91.670208501684257, 34.021570013845377 ], [ -91.663351767864043, 34.021506480918859 ], [ -91.662260501476396, 34.02051708079086 ], [ -91.661805301609448, 34.018951080331583 ], [ -91.660026501491345, 34.016292080921033 ], [ -91.660151968608645, 34.014096680987763 ], [ -91.661451501169992, 34.012373880429578 ], [ -91.661599167876474, 34.010965080880318 ], [ -91.66408196869115, 34.006977214032538 ], [ -91.664562101784227, 34.004808213453863 ], [ -91.665778368679042, 34.002501880782624 ], [ -91.661119301448764, 34.001803813488714 ], [ -91.653909968641145, 34.002571880655438 ], [ -91.654098101946502, 34.000736880856927 ], [ -91.652099901409585, 33.997985480716949 ], [ -91.651896167838387, 33.996133080993495 ], [ -91.653434567639181, 33.994462480894384 ], [ -91.652769367898372, 33.991488414243285 ], [ -91.654551567856629, 33.990494014239133 ], [ -91.655482901856544, 33.988663814105429 ], [ -91.655285167903173, 33.988235014034565 ], [ -91.656783768238697, 33.986481880991356 ], [ -91.655708701659478, 33.985327213661741 ], [ -91.6536833012036, 33.98423821406633 ], [ -91.653169168294355, 33.982918814338191 ], [ -91.654020968439809, 33.981478813992481 ], [ -91.655822501028254, 33.98124848028241 ], [ -91.657940501163992, 33.981567881019508 ], [ -91.660046101652725, 33.98004028042088 ], [ -91.662427768397308, 33.980761013795828 ], [ -91.664512301074495, 33.982828413619096 ], [ -91.666439168628685, 33.982471413826687 ], [ -91.667383167700393, 33.980866480155271 ], [ -91.666974768093496, 33.978310280781201 ], [ -91.667477101915992, 33.975408014092856 ], [ -91.665557501129356, 33.973994880968277 ], [ -91.662087301043272, 33.973076213781532 ], [ -91.660880167812977, 33.972229280810033 ], [ -91.657858768558853, 33.971266480654975 ], [ -91.65699476794525, 33.970452814372678 ], [ -91.654436967867468, 33.96556528078986 ], [ -91.654661768189953, 33.964465880588037 ], [ -91.653917901379685, 33.960727814035735 ], [ -91.653212501867799, 33.959782080175401 ], [ -91.653155101622204, 33.95507108082861 ], [ -91.651857301249834, 33.951492213850337 ], [ -91.647959368406958, 33.950666413622287 ], [ -91.646488968275492, 33.949527880321995 ], [ -91.643982768413238, 33.949021280612776 ], [ -91.642557968377375, 33.949185681069515 ], [ -91.641390901265453, 33.948520080241813 ], [ -91.634841701742332, 33.947549880780016 ], [ -91.633615168365907, 33.947010614261018 ], [ -91.626815368195551, 33.946474080328414 ], [ -91.616681901293632, 33.94468181414603 ], [ -91.615253567765421, 33.945163280952961 ], [ -91.595260168364675, 33.943659614104021 ], [ -91.59522630118596, 33.942037480907914 ], [ -91.594041568497403, 33.94029501427206 ], [ -91.600849501224047, 33.93891421427297 ], [ -91.601576568250053, 33.937582813571538 ], [ -91.601745901770769, 33.935952613707435 ], [ -91.600333101061054, 33.933520413817611 ], [ -91.598254968407389, 33.932584280475773 ], [ -91.59640496805973, 33.932628080871986 ], [ -91.594445901251802, 33.933548680721195 ], [ -91.59136770192076, 33.936694214178807 ], [ -91.589091301791171, 33.937602614102076 ], [ -91.585763701153468, 33.937426680685086 ], [ -91.583991501509871, 33.93644541359815 ], [ -91.58214470129991, 33.93467821395334 ], [ -91.579580367840407, 33.930501613596213 ], [ -91.579442702003405, 33.926972413890851 ], [ -91.580607701117486, 33.922889280767642 ], [ -91.580190168524879, 33.921414880339533 ], [ -91.577029168032425, 33.921247413673193 ], [ -91.572529768220292, 33.923655413855357 ], [ -91.57050370178672, 33.923585280716324 ], [ -91.56792156862906, 33.922736413736217 ], [ -91.564889301783211, 33.921131614267935 ], [ -91.563186301796975, 33.919298413622947 ], [ -91.561280901947157, 33.911383880599764 ], [ -91.558426302072206, 33.910903414130807 ], [ -91.551728101771289, 33.911808880487911 ], [ -91.546048101699796, 33.908625813660009 ], [ -91.543270102217249, 33.90876288035183 ], [ -91.539462502151366, 33.910061614029175 ], [ -91.537601501819665, 33.912041013913495 ], [ -91.536082901936652, 33.918008814219746 ], [ -91.535799568327946, 33.921504413934706 ], [ -91.537102968275263, 33.923664413825264 ], [ -91.539412702061256, 33.925697280622238 ], [ -91.54768296827109, 33.930332213810416 ], [ -91.548093701973158, 33.931528080468951 ], [ -91.547608768671054, 33.932829880369574 ], [ -91.545835501416448, 33.934038213786266 ], [ -91.543498701314448, 33.934188880475439 ], [ -91.540658968583756, 33.933211280515735 ], [ -91.538094368598095, 33.931865880300556 ], [ -91.532166901921229, 33.925584413936477 ], [ -91.531060101266903, 33.922701480377924 ], [ -91.530804968681835, 33.919778414103448 ], [ -91.53137570162157, 33.916138481091892 ], [ -91.534169901794115, 33.910072480406015 ], [ -91.537484567904187, 33.907445013761489 ], [ -91.542476168316909, 33.906262413605297 ], [ -91.542798567985059, 33.904918614456506 ], [ -91.542223368281128, 33.902765080856504 ], [ -91.54055636859043, 33.900971681024984 ], [ -91.532187373480326, 33.895631347985933 ] ] } },
{ "type": "Feature", "properties": { "stream_name": "Canal No. 43", "gnis_name": null, "county": "Lincoln", "trib_of": "Canal Number 81" }, "geometry": { "type": "LineString", "coordinates": [ [ -91.514011501451577, 34.048516880319241 ], [ -91.511687368655927, 34.044568680870213 ], [ -91.512135101705979, 34.041886813956303 ], [ -91.495505101405385, 34.041506814060703 ], [ -91.495426301340288, 34.034193213787788 ], [ -91.474432301850555, 34.034024813837227 ], [ -91.474118968209012, 34.008867413473887 ], [ -91.468979968568433, 33.997037880411156 ], [ -91.467119768015039, 33.995356613781091 ], [ -91.465120768459613, 33.994944013888016 ], [ -91.453932768984586, 33.996625213590185 ], [ -91.448209368860589, 33.995073213971921 ], [ -91.447527568009846, 33.994264480818082 ], [ -91.447198768289724, 33.992270613854245 ], [ -91.445474768843525, 33.991283014061587 ], [ -91.445098301885466, 33.990618080540074 ], [ -91.445305168371391, 33.989661280915733 ], [ -91.446765702200878, 33.988526280814646 ], [ -91.444804968004604, 33.985683480400958 ], [ -91.442225568603362, 33.984007014176406 ], [ -91.444212901843258, 33.980510680448347 ], [ -91.447539368369348, 33.978306413852884 ], [ -91.446204101863273, 33.974298214028188 ], [ -91.442124568931789, 33.969488014294221 ], [ -91.44188936840618, 33.967907813656375 ], [ -91.443796102285177, 33.963587214217839 ], [ -91.443607168500463, 33.961538680918039 ], [ -91.444557568115158, 33.957367280698996 ], [ -91.444127701845119, 33.955066881061981 ], [ -91.440349368100414, 33.948989814054187 ], [ -91.440071683442994, 33.945556647136257 ] ] } },
{ "type": "Feature", "properties": { "stream_name": "Lake Langhofer", "gnis_name": null, "county": "Jefferson", "trib_of": "Arkansas River" }, "geometry": { "type": "MultiLineString", "coordinates": [ [ [ -91.953618968113474, 34.250553280000297 ], [ -91.949622929616552, 34.258000604323954 ] ], [ [ -91.980364900856117, 34.233344813606116 ], [ -91.976474167430297, 34.233210080626179 ], [ -91.9732237006302, 34.234243480218439 ], [ -91.972129967378322, 34.235065080271546 ], [ -91.970375768139277, 34.235111679801712 ], [ -91.968573367810578, 34.236087680071137 ], [ -91.960088767567967, 34.242597413287925 ], [ -91.953618968113474, 34.250553280000297 ] ], [ [ -91.987772715097293, 34.272226912962275 ], [ -91.985365992580654, 34.266814610014613 ], [ -91.981696398438402, 34.261296331125067 ], [ -91.978955370458365, 34.255069874756295 ], [ -91.980289968005238, 34.251714213325094 ], [ -91.980645300914716, 34.244850480073524 ], [ -91.981243301374931, 34.244298213172144 ], [ -91.982058901346164, 34.240387013408686 ], [ -91.982800900491924, 34.239588879874013 ], [ -91.982996167446458, 34.236659013139047 ], [ -91.982623767660641, 34.235392680047511 ], [ -91.980364900856117, 34.233344813606116 ] ] ] } },
{ "type": "Feature", "properties": { "stream_name": "Lorance Creek", "gnis_name": null, "county": "Saline", "trib_of": "Pennington Bayou" }, "geometry": { "type": "LineString", "coordinates": [ [ -92.258867714324708, 34.581793833675547 ], [ -92.258290566967858, 34.582881613362062 ], [ -92.256489167649974, 34.583293012994858 ], [ -92.254110300161329, 34.582357413351673 ], [ -92.252336900469388, 34.580789813411265 ], [ -92.250848300278037, 34.580525213036509 ], [ -92.243989700124416, 34.582734013405116 ], [ -92.24138410014811, 34.582460279253787 ], [ -92.239476966979197, 34.583456012781603 ], [ -92.237071300215092, 34.583957213088723 ], [ -92.236220300534043, 34.583561812952574 ], [ -92.235335500107666, 34.582231813177557 ], [ -92.233913100074915, 34.582023479300773 ], [ -92.232663166818355, 34.581193812999409 ], [ -92.226747567223356, 34.580876879889153 ], [ -92.225537767361615, 34.580096679244889 ], [ -92.220392967381699, 34.578866812991677 ], [ -92.219135966770381, 34.576624213183585 ], [ -92.218902700278704, 34.574573812721418 ], [ -92.219732900608449, 34.573034413209896 ], [ -92.222609901050333, 34.571587879404241 ], [ -92.220908300531093, 34.570604279814688 ], [ -92.221120700384972, 34.569944613084431 ], [ -92.22026016702398, 34.570003279677429 ], [ -92.219650100377663, 34.567191479264423 ], [ -92.218125300321816, 34.565996613162788 ], [ -92.218957567422038, 34.565164480097842 ], [ -92.218839166804912, 34.563898279908045 ], [ -92.219550901112882, 34.563823479349026 ], [ -92.220454967761327, 34.562420880004872 ], [ -92.222917967202648, 34.56089581279597 ], [ -92.221900901140671, 34.55972521288713 ], [ -92.221547967782072, 34.557988079409 ], [ -92.221726567817527, 34.555981613240967 ], [ -92.222875367172719, 34.554288079616114 ] ] } },
{ "type": "Feature", "properties": { "stream_name": "Clear Creek", "gnis_name": "Clear Creek", "county": "Pulaski, Saline", "trib_of": "Pennington Bayou" }, "geometry": { "type": "LineString", "coordinates": [ [ -92.260336317773678, 34.533957969435214 ], [ -92.259345567252197, 34.534501813241654 ], [ -92.25762510059198, 34.534545013064985 ], [ -92.25782330057487, 34.536117213492822 ], [ -92.256613967298037, 34.536754412698897 ], [ -92.257244300157211, 34.537793680128758 ], [ -92.25696510065508, 34.538024279744654 ], [ -92.254301300632633, 34.538144079412817 ], [ -92.252765767379969, 34.53944067972769 ], [ -92.251370501116355, 34.539813813407591 ], [ -92.251137567758292, 34.540401813267536 ], [ -92.248910567470034, 34.539820412787385 ], [ -92.247766900837846, 34.53821567946693 ], [ -92.246378366846372, 34.538024012650482 ], [ -92.246284567380187, 34.536864212959138 ], [ -92.244250900816354, 34.534326212937899 ], [ -92.243911567700522, 34.530835279502156 ], [ -92.241887700747313, 34.530244679602127 ], [ -92.241637167784347, 34.530637879808928 ], [ -92.240614167284875, 34.530467879761368 ], [ -92.240202700094358, 34.530924413137676 ], [ -92.238714500652733, 34.530579612875698 ], [ -92.237312300163794, 34.531393479667408 ], [ -92.236128966761669, 34.531319479932634 ], [ -92.235235167392418, 34.530717879471588 ], [ -92.233040767196727, 34.530647079626448 ], [ -92.229747100551236, 34.529681479306504 ], [ -92.227636366958663, 34.527895013285004 ], [ -92.222202500627134, 34.524855413006946 ], [ -92.22027896711721, 34.523004279500228 ], [ -92.21996636734805, 34.521937879771485 ], [ -92.218199367118501, 34.521036812891609 ], [ -92.217893500373918, 34.51994287968018 ], [ -92.216631300932889, 34.518981212983768 ], [ -92.215097301173998, 34.519690679441837 ], [ -92.21327736763817, 34.51932827954947 ], [ -92.211849767152529, 34.520318079574274 ], [ -92.206619700395478, 34.51905147998233 ], [ -92.203495500492224, 34.520918679397987 ], [ -92.202242300488876, 34.521052612844819 ], [ -92.202089567555163, 34.522698612862825 ], [ -92.200572967459394, 34.52404527995715 ], [ -92.199596967507574, 34.52422827943473 ] ] } },
{ "type": "Feature", "properties": { "stream_name": "Unnamed Trib", "gnis_name": null, "county": "Jefferson", "trib_of": "Arkansas River" }, "geometry": { "type": "LineString", "coordinates": [ [ -92.092797567257392, 34.306953013389411 ], [ -92.092963567823574, 34.308206413676515 ], [ -92.09045316746311, 34.309273413586936 ], [ -92.087484767545632, 34.307701813313862 ], [ -92.084676100807499, 34.308021080244828 ], [ -92.082092300637001, 34.307087013553073 ], [ -92.080873301098705, 34.307109213113819 ], [ -92.078872967265212, 34.308676213434779 ], [ -92.075421567045709, 34.309006413212671 ], [ -92.074388167800564, 34.309446279782478 ], [ -92.07324216714332, 34.310842613484176 ], [ -92.071539700953593, 34.310870279739483 ], [ -92.069494700964526, 34.313538279673814 ], [ -92.066871367297466, 34.315132613589711 ], [ -92.065891967448863, 34.314562280228344 ], [ -92.06196010136631, 34.314185413314206 ], [ -92.060992767341929, 34.313206813139693 ], [ -92.060747768060637, 34.311348679845366 ], [ -92.06003230098807, 34.310821013859403 ], [ -92.056938368047781, 34.311870813208948 ], [ -92.053851167862334, 34.311931080038129 ], [ -92.053725501295759, 34.310078479922595 ], [ -92.052804767325057, 34.308495279864879 ], [ -92.053692701416324, 34.308297413337534 ], [ -92.052864700525447, 34.307082413067093 ], [ -92.05088376770388, 34.307687013226079 ], [ -92.050373901303161, 34.306713813549138 ], [ -92.049539167322664, 34.306906213560822 ], [ -92.046896167909722, 34.306295613076259 ], [ -92.044810100422168, 34.30345327965771 ], [ -92.036194967279712, 34.301199613740934 ], [ -92.032311767793587, 34.300852280415356 ], [ -92.026926167811993, 34.301599413121892 ], [ -92.020497500963685, 34.303026680403846 ], [ -92.019629500556135, 34.303713213629564 ], [ -92.019554501254603, 34.304319412979844 ] ] } },
{ "type": "Feature", "properties": { "stream_name": "Arkansas River", "gnis_name": "Arkansas River", "county": "Jefferson", "trib_of": "Mississippi River" }, "geometry": { "type": "MultiLineString", "coordinates": [ [ [ -92.019554501254603, 34.304319412979844 ], [ -92.013020500584986, 34.303522613478975 ], [ -92.008534700919853, 34.301255880288728 ], [ -92.003450367096988, 34.296998813834563 ], [ -92.000739701389193, 34.293467813557989 ], [ -91.998005768015659, 34.29128847992628 ], [ -91.990090100844711, 34.28163328050335 ], [ -91.984297100734565, 34.277565680302963 ], [ -91.978481101462251, 34.275645613481139 ], [ -91.975249968023164, 34.27542628031027 ], [ -91.968987900627539, 34.275352480407726 ], [ -91.965593525634432, 34.27638063899073 ] ], [ [ -91.91382346659158, 34.271144910207852 ], [ -91.913537300649921, 34.268258813025817 ], [ -91.912474967359842, 34.265965213377797 ], [ -91.912546501109603, 34.26460681354277 ], [ -91.911709567453002, 34.263861080247835 ], [ -91.911071100789229, 34.261009413573547 ], [ -91.908421968234521, 34.255580013431697 ], [ -91.902713101441705, 34.246711813288513 ], [ -91.901938300948657, 34.243962613442271 ], [ -91.897187901566085, 34.237706480188457 ], [ -91.891081501026193, 34.232261679797389 ], [ -91.883868901385767, 34.232006280601865 ], [ -91.883199768322555, 34.231409613242938 ], [ -91.867919701585308, 34.229685013355336 ], [ -91.865603100682364, 34.228778813149596 ], [ -91.859523567335629, 34.227810080031524 ], [ -91.855162501162212, 34.225827879889003 ] ] ] } },
{ "type": "Feature", "properties": { "stream_name": "Plum Bayou", "gnis_name": "Old Channel Plum Bayou", "county": "Jefferson", "trib_of": "Arkansas River" }, "geometry": { "type": "LineString", "coordinates": [ [ -91.909592061409114, 34.286420101633951 ], [ -91.907976701118244, 34.286470679745293 ], [ -91.905324567868973, 34.284407613318692 ], [ -91.904560967723185, 34.282267813686516 ], [ -91.900550101313073, 34.281875680116627 ], [ -91.900142168128582, 34.27964088006415 ], [ -91.896701367855854, 34.277585613649968 ], [ -91.893647500756131, 34.278158213231784 ], [ -91.891327367746385, 34.278112013655814 ], [ -91.885211300975513, 34.276104879840041 ], [ -91.877861101351272, 34.2709380137428 ], [ -91.870374967534673, 34.263402080582992 ], [ -91.863825367819928, 34.258047680218105 ], [ -91.86119696761169, 34.250648013855603 ], [ -91.859284168126138, 34.240515880017618 ], [ -91.857173301565126, 34.235748880375894 ], [ -91.855104167690811, 34.232666613275512 ], [ -91.853185701624099, 34.227583880593329 ], [ -91.853358901293348, 34.226802080518702 ], [ -91.855162501162212, 34.225827879889003 ] ] } },
{ "type": "Feature", "properties": { "stream_name": "Plum Bayou", "gnis_name": "Plum Bayou", "county": "Pulaski", "trib_of": "Arkansas River" }, "geometry": { "type": "LineString", "coordinates": [ [ -92.04434154479631, 34.476505685642053 ], [ -92.046531767737662, 34.476425479938655 ], [ -92.047965700697532, 34.475810079878684 ], [ -92.050488101028947, 34.475508013223653 ], [ -92.053468901067745, 34.472913812732465 ], [ -92.053821100673161, 34.469346079530901 ], [ -92.05238296214705, 34.466456863486748 ] ] } },
{ "type": "Feature", "properties": { "stream_name": "Arkansas River", "gnis_name": "Arkansas River", "county": "Jefferson", "trib_of": "Mississippi River" }, "geometry": { "type": "LineString", "coordinates": [ [ -92.122684167447687, 34.433017813637669 ], [ -92.12240870036814, 34.429750613187316 ], [ -92.120128901323014, 34.425306679600531 ], [ -92.113374167897433, 34.419066613136273 ], [ -92.107966767228859, 34.415735280170807 ], [ -92.103260167397295, 34.411567813072729 ], [ -92.086806100426685, 34.403640413454973 ], [ -92.083346167550062, 34.402628880286301 ], [ -92.081693500546237, 34.401463412826537 ], [ -92.08042476740637, 34.401384813493564 ], [ -92.077817367989226, 34.400008080090693 ], [ -92.075089167821815, 34.397553013663618 ], [ -92.075145300876699, 34.39644488023167 ], [ -92.068756167345526, 34.39003507973085 ], [ -92.06660636775409, 34.384842280392945 ], [ -92.066160301197598, 34.382392413188583 ], [ -92.066738301096692, 34.373959213627572 ], [ -92.067948700384107, 34.369989812917339 ], [ -92.068654700416587, 34.358663079860769 ], [ -92.066865767740282, 34.349830013224377 ], [ -92.060627367053939, 34.336227013407061 ], [ -92.057609701314576, 34.331756213313653 ], [ -92.05515256744448, 34.329202080355067 ], [ -92.053990500448378, 34.327050080482167 ], [ -92.050224167709288, 34.323520413163187 ], [ -92.048294567989117, 34.320948280023707 ], [ -92.041835567586674, 34.315214079787047 ], [ -92.033982567640592, 34.31018387968917 ], [ -92.028328900749045, 34.307591679725647 ], [ -92.019554501254603, 34.304319412979844 ] ] } },
{ "type": "Feature", "properties": { "stream_name": "Arkansas River", "gnis_name": "Arkansas River", "county": "Jefferson", "trib_of": "Mississippi River" }, "geometry": { "type": "LineString", "coordinates": [ [ -92.145207300637054, 34.512240613535667 ], [ -92.144883167441535, 34.509043680210397 ], [ -92.146365500789017, 34.507517612840033 ], [ -92.146491167850286, 34.505875012666493 ], [ -92.147634301213245, 34.504982013056839 ], [ -92.147924901116809, 34.498614879915834 ], [ -92.145723367286735, 34.495177013497162 ], [ -92.144756700670229, 34.492531613411785 ], [ -92.136538967771216, 34.485520479841298 ], [ -92.126300967168106, 34.480284679850122 ], [ -92.123092900282984, 34.480110479557581 ], [ -92.122074967016047, 34.478915280238759 ], [ -92.111757167095888, 34.473145479608661 ], [ -92.108815100630721, 34.470505413448969 ], [ -92.105493300450746, 34.465811879919357 ], [ -92.105250767189489, 34.461901413003943 ], [ -92.105730700965182, 34.456726212891382 ], [ -92.107023700980434, 34.451971880040269 ], [ -92.112240767703611, 34.446024013156254 ], [ -92.112420767904212, 34.445063280019561 ], [ -92.12288270033406, 34.436067613127591 ], [ -92.122684167447687, 34.433017813637669 ] ] } },
{ "type": "Feature", "properties": { "stream_name": "Arkansas River", "gnis_name": "Arkansas River", "county": "Pulaski", "trib_of": "Mississippi River" }, "geometry": { "type": "MultiLineString", "coordinates": [ [ [ -92.170899767191727, 34.629143613066688 ], [ -92.169540100561662, 34.627273479561445 ], [ -92.167127567327682, 34.625333012555892 ], [ -92.167221967536136, 34.624078079820073 ], [ -92.163926501161882, 34.620426279685375 ], [ -92.163756500429045, 34.619418479907303 ], [ -92.155100300449661, 34.611187412625576 ], [ -92.154110500549905, 34.60897127977907 ], [ -92.153866767941295, 34.602377012646919 ], [ -92.155373100544807, 34.598632279587434 ], [ -92.156081500361609, 34.595004479767539 ], [ -92.157767967010145, 34.59205321276761 ], [ -92.162626367277568, 34.587237412716831 ], [ -92.164904767504808, 34.583875879866341 ], [ -92.166235101143656, 34.582774212988753 ], [ -92.16720596726654, 34.580049813252359 ], [ -92.168170701032565, 34.579222279885762 ], [ -92.168561367135766, 34.573114013148107 ], [ -92.167943500441936, 34.572270413117486 ], [ -92.167919500721425, 34.570981012652716 ], [ -92.165611567322088, 34.56696761258295 ], [ -92.159416500227536, 34.561537613129623 ], [ -92.150761366998168, 34.556956680141724 ], [ -92.149576100851164, 34.556917613108666 ], [ -92.148228167874251, 34.555727613332849 ], [ -92.147218500640179, 34.555694279956718 ], [ -92.144266566898324, 34.553162479541179 ], [ -92.142830018904775, 34.552753274009604 ] ], [ [ -92.13559728400196, 34.536960335510692 ], [ -92.135886966887256, 34.534306213232995 ], [ -92.136712567799989, 34.533617613244054 ], [ -92.139164300860003, 34.525894812724594 ], [ -92.144888100940648, 34.516883879922446 ], [ -92.145207300637054, 34.512240613535667 ] ] ] } },
{ "type": "Feature", "properties": { "stream_name": "Arkansas River", "gnis_name": "Arkansas River", "county": "Pulaski", "trib_of": "Mississippi River" }, "geometry": { "type": "LineString", "coordinates": [ [ -92.183643967104075, 34.726254479607135 ], [ -92.178404900376648, 34.722090479805743 ], [ -92.175297367697937, 34.720772012607235 ], [ -92.173900500880691, 34.719616813012543 ], [ -92.171132767410612, 34.718559879857949 ], [ -92.163858300474473, 34.717748812931418 ], [ -92.161319567076589, 34.716520212897422 ], [ -92.155916500588035, 34.711761479803542 ], [ -92.153221567767147, 34.707485412584283 ], [ -92.150866967083928, 34.699927479431786 ], [ -92.151312966895986, 34.684802279321453 ], [ -92.152291700485037, 34.683725013137433 ], [ -92.152683767187511, 34.681160812605697 ], [ -92.15351316747531, 34.679541679529208 ], [ -92.153609367715831, 34.677612079183021 ], [ -92.154815900229863, 34.674609412980061 ], [ -92.157314700718345, 34.672186212610114 ], [ -92.157497967433571, 34.668505613224305 ], [ -92.159198500873714, 34.665304412541801 ], [ -92.159490900276481, 34.661197812684115 ], [ -92.163478300443103, 34.655387213250698 ], [ -92.166086767011848, 34.653396813002864 ], [ -92.169342767587494, 34.649888479140579 ], [ -92.171186367805504, 34.647336079365317 ], [ -92.172534300733545, 34.644123012776078 ], [ -92.173149300235337, 34.63526641276983 ], [ -92.170899767191727, 34.629143613066688 ] ] } },
{ "type": "Feature", "properties": { "stream_name": "Arkansas River", "gnis_name": "Arkansas River", "county": "Pulaski", "trib_of": "Mississippi River" }, "geometry": { "type": "LineString", "coordinates": [ [ -92.253300114089924, 34.748930286911801 ], [ -92.249590700712787, 34.748235679704514 ], [ -92.24674150044055, 34.74721667909926 ], [ -92.22703610020254, 34.746789079586542 ], [ -92.225249167002062, 34.746373612306755 ], [ -92.222465500849736, 34.744709012456987 ], [ -92.215251501059797, 34.744404279350547 ], [ -92.212480501098639, 34.743384079621492 ], [ -92.204944500409013, 34.742459879567605 ], [ -92.196959900994827, 34.739015279449411 ], [ -92.190264700472653, 34.733572212707848 ], [ -92.190289367586928, 34.733072012578369 ], [ -92.187758900274602, 34.729875812423721 ], [ -92.183643967104075, 34.726254479607135 ] ] } },
{ "type": "Feature", "properties": { "stream_name": "Fourche Creek", "gnis_name": "Fourche Creek", "county": "Pulaski", "trib_of": "Arkansas River" }, "geometry": { "type": "LineString", "coordinates": [ [ -92.254301399467366, 34.715420828415184 ], [ -92.254317900670173, 34.713490612919848 ], [ -92.253578700863557, 34.713288013178513 ], [ -92.251670167402281, 34.714479479102287 ], [ -92.252199300602456, 34.716285879447796 ], [ -92.251821300920483, 34.716810612505171 ], [ -92.249999966988753, 34.716093413218054 ], [ -92.248514500877164, 34.714840479671857 ], [ -92.244107966857356, 34.717562212680761 ], [ -92.2417357669094, 34.717414413169031 ], [ -92.239218100243022, 34.71844287982703 ], [ -92.236750700482759, 34.717756412578652 ], [ -92.221706500763148, 34.71791427988807 ], [ -92.218681501092149, 34.717601813046372 ], [ -92.212534900126855, 34.718941812817867 ], [ -92.206220700206714, 34.716965479621081 ], [ -92.203477300803101, 34.71854067979951 ], [ -92.201435967196176, 34.720621812985762 ], [ -92.199357567600146, 34.72434801280464 ], [ -92.199489501166752, 34.727036479399494 ], [ -92.197704767689714, 34.730163812755166 ], [ -92.195510100205809, 34.72998507982151 ], [ -92.19152196775093, 34.728638412391597 ], [ -92.187418100352446, 34.726071012424498 ], [ -92.183643967104075, 34.726254479607135 ] ] } },
{ "type": "Feature", "properties": { "stream_name": "Pennington Bayou", "gnis_name": "Pennington Bayou", "county": "Pulaski", "trib_of": "Arkansas River" }, "geometry": { "type": "LineString", "coordinates": [ [ -92.199596967507574, 34.52422827943473 ], [ -92.196202301143657, 34.520860079802773 ], [ -92.192965767121521, 34.518749813217276 ], [ -92.187208901219364, 34.516346213063855 ], [ -92.181670300607735, 34.514695213472926 ], [ -92.177644500284885, 34.51248107988927 ], [ -92.176859901242111, 34.512571012899969 ], [ -92.173260301086913, 34.51099301284669 ], [ -92.170013967638866, 34.509134613530271 ], [ -92.167110900459065, 34.508083213019916 ], [ -92.166260167530808, 34.508154079453341 ], [ -92.164104367015469, 34.507074413526574 ], [ -92.160150367477357, 34.50701907984687 ], [ -92.15802070032727, 34.506135413459788 ], [ -92.156520500488782, 34.506181479325988 ], [ -92.145207300637054, 34.512240613535667 ] ] } },
{ "type": "Feature", "properties": { "stream_name": "Tar Camp Creek", "gnis_name": "Tar Camp Creek", "county": "Jefferson", "trib_of": "Arkansas River" }, "geometry": { "type": "LineString", "coordinates": [ [ -92.173698901064427, 34.419054279591727 ], [ -92.175474901102817, 34.420201013370388 ], [ -92.175375166869088, 34.421487279680036 ], [ -92.174147700341692, 34.423015413009878 ], [ -92.174996566882825, 34.42430188032845 ], [ -92.173988167586458, 34.424554613191511 ], [ -92.174857100351645, 34.425285879509545 ], [ -92.175009367062444, 34.427341879830685 ], [ -92.176389100234744, 34.428738412792427 ], [ -92.175592967795112, 34.429139480185285 ], [ -92.175672367874128, 34.43043688017152 ], [ -92.176607767004313, 34.430645880113573 ], [ -92.176275967762976, 34.431217613564151 ], [ -92.17678016702007, 34.431162613049963 ], [ -92.177290900694771, 34.432157679742822 ], [ -92.177788500412177, 34.432130279739738 ], [ -92.177005500184009, 34.432905412964544 ], [ -92.177144700210832, 34.434230213576633 ], [ -92.176580700833583, 34.434301613192929 ], [ -92.176189167464287, 34.434983213287325 ], [ -92.1759699676808, 34.436451012987284 ], [ -92.176387900763672, 34.43681381305263 ], [ -92.176175501242454, 34.437396479479411 ], [ -92.176692966885867, 34.437918813517562 ], [ -92.177376367300255, 34.43791881296049 ], [ -92.175538301087727, 34.439166613297225 ], [ -92.174297101033133, 34.44172821313304 ], [ -92.172890167782541, 34.442970413009967 ], [ -92.173294901060629, 34.443190280251329 ], [ -92.172399100573898, 34.443382613591233 ], [ -92.172033900667088, 34.44418508015044 ], [ -92.171483167208706, 34.444295013177239 ], [ -92.171516301182848, 34.444932679495388 ], [ -92.170620367575154, 34.44468508010138 ], [ -92.170427900563595, 34.445267812840221 ], [ -92.170056500378351, 34.444531080228501 ], [ -92.169571967644444, 34.444767480302616 ], [ -92.16972470057226, 34.444316680018851 ], [ -92.167866901157979, 34.444019479790249 ], [ -92.16746190101577, 34.444937480308205 ], [ -92.166818300447744, 34.444734013003206 ], [ -92.16569010058025, 34.445519880183184 ], [ -92.16546450119607, 34.445195480174803 ], [ -92.164150567909843, 34.445316213016604 ], [ -92.163719101197771, 34.446239613451617 ], [ -92.161064766857024, 34.44616207946811 ], [ -92.160334700599108, 34.4467556136049 ], [ -92.159405767495258, 34.446409080281093 ], [ -92.159014567811383, 34.445469013418851 ], [ -92.158244900737444, 34.445732679709998 ], [ -92.158178567253159, 34.445303879473578 ], [ -92.15695736751897, 34.445908213152336 ], [ -92.155982300336746, 34.445424279854642 ], [ -92.154800966951029, 34.445572279578947 ], [ -92.154568367706204, 34.446616680055961 ], [ -92.154057700199786, 34.445962412999471 ], [ -92.15441630064015, 34.445297413389987 ], [ -92.15305596711859, 34.445291479584114 ], [ -92.152405501181491, 34.445747479465091 ], [ -92.15265090040397, 34.446159880192788 ], [ -92.151920967498569, 34.445983813587702 ], [ -92.151741766992174, 34.446291613110759 ], [ -92.151078367804814, 34.445895613621296 ], [ -92.151675766995922, 34.445137079818991 ], [ -92.150746966939408, 34.444960879772857 ], [ -92.148232101242058, 34.444855680298495 ], [ -92.147753966987622, 34.445531679614753 ], [ -92.146095300887993, 34.445289213195387 ], [ -92.145551100278325, 34.445415480035891 ], [ -92.145550967309845, 34.44582781354822 ], [ -92.144847700572129, 34.445437212888159 ], [ -92.144595300267568, 34.445942813188644 ], [ -92.144144301093291, 34.445508412981383 ], [ -92.140745567305771, 34.447865479751698 ], [ -92.139670567863632, 34.447777013147594 ], [ -92.13899990069072, 34.448650812992675 ], [ -92.138555300576556, 34.448601212844729 ], [ -92.138892900843345, 34.450195480197024 ], [ -92.137844367573535, 34.450200480099475 ], [ -92.137399167560005, 34.450876480298902 ], [ -92.137730567327267, 34.451723213158303 ], [ -92.136277500264896, 34.451475279687244 ], [ -92.136051501050304, 34.452046880164083 ], [ -92.134771100267116, 34.451491013184494 ], [ -92.133642500857107, 34.45216667960716 ], [ -92.134179500609065, 34.45300247981767 ], [ -92.133462500793286, 34.453469413519365 ], [ -92.133229901274973, 34.453936613055205 ], [ -92.133667500906711, 34.45453047963148 ], [ -92.133229300314298, 34.454832679999875 ], [ -92.13090010048036, 34.454606213511461 ], [ -92.130561167266421, 34.455139280295242 ], [ -92.129433566970761, 34.454479080286212 ], [ -92.128457900455714, 34.454726013107994 ], [ -92.126699900585535, 34.453867480072631 ], [ -92.123018166905766, 34.453638279718106 ], [ -92.121040367531577, 34.454444412972919 ], [ -92.119947900631303, 34.454336413592834 ], [ -92.11877576708612, 34.453187479749218 ], [ -92.119085367098549, 34.452267012871047 ], [ -92.118617501278791, 34.451964879657524 ], [ -92.118387700320824, 34.450417813516204 ], [ -92.11544576703163, 34.451286412881224 ], [ -92.114330301329176, 34.449888679441358 ], [ -92.11640250046905, 34.448848013013908 ], [ -92.117977167141945, 34.447217813274833 ], [ -92.11948210061793, 34.446981480132067 ], [ -92.123323700904635, 34.443923012812697 ], [ -92.124609300944286, 34.441925079939942 ], [ -92.125340367288345, 34.441551480273404 ], [ -92.125832367286193, 34.4404938132678 ], [ -92.125759767030686, 34.435801279794802 ], [ -92.125190901060947, 34.434887280320666 ], [ -92.124086767829894, 34.434818813005066 ], [ -92.122684167447687, 34.433017813637669 ] ] } },
{ "type": "Feature", "properties": { "stream_name": "Pennington Bayou", "gnis_name": "Pennington Bayou", "county": "Pulaski", "trib_of": "Arkansas River" }, "geometry": { "type": "LineString", "coordinates": [ [ -92.222875367172719, 34.554288079616114 ], [ -92.22256290042597, 34.553683613453366 ], [ -92.22046316719414, 34.553557613262967 ], [ -92.220031167433817, 34.552870679730162 ], [ -92.218190300716586, 34.551848613145879 ], [ -92.214715767689341, 34.552789413435391 ], [ -92.213267166769981, 34.551932213240093 ], [ -92.213280100833131, 34.550871213351662 ], [ -92.212276700328957, 34.550283212801368 ], [ -92.210635700390824, 34.550399013466226 ], [ -92.210276500864154, 34.548865279441941 ], [ -92.207731700263736, 34.547837679477041 ], [ -92.207087100314268, 34.546947413088503 ], [ -92.206083967084282, 34.547497212838095 ], [ -92.204575767490127, 34.546964079535137 ], [ -92.205751500280371, 34.545958013085986 ], [ -92.205791100366042, 34.544732080108624 ], [ -92.204243167637159, 34.544913813421502 ], [ -92.202402701099913, 34.543682613487427 ], [ -92.202860966802362, 34.542825013416106 ], [ -92.201910567726827, 34.540719613261857 ], [ -92.199937567310258, 34.540626413099432 ], [ -92.197459567277818, 34.539422679518673 ], [ -92.198967500267273, 34.538180280137077 ], [ -92.199232900500093, 34.536602479964152 ], [ -92.200714100687378, 34.535090613326503 ], [ -92.201284967174686, 34.532776279587807 ], [ -92.200195301167426, 34.530478612779184 ], [ -92.201297700721028, 34.528807279387571 ], [ -92.201324101095921, 34.527592412721781 ], [ -92.199596967507574, 34.52422827943473 ] ] } },
{ "type": "Feature", "properties": { "stream_name": "Fish Creek", "gnis_name": "Fish Creek", "county": "Pulaski", "trib_of": "Lorance Creek" }, "geometry": { "type": "LineString", "coordinates": [ [ -92.25511316726552, 34.658438012580426 ], [ -92.254601300674295, 34.657970412560218 ], [ -92.253343967435399, 34.657832412857168 ], [ -92.253377767443098, 34.657040879469655 ], [ -92.252553700144404, 34.656023479700451 ], [ -92.250498900817718, 34.654989013235316 ], [ -92.250287167275062, 34.653422212496103 ], [ -92.248293967070651, 34.651549679639437 ], [ -92.247176100993443, 34.650995079676036 ], [ -92.244754700950651, 34.651023679372884 ], [ -92.243650167342466, 34.650447013055093 ], [ -92.243030301129522, 34.648649679539581 ], [ -92.243389167804523, 34.648044879615519 ], [ -92.243023167771113, 34.647968079655421 ], [ -92.243614367008533, 34.646714479163364 ], [ -92.243208901093084, 34.646934479344509 ], [ -92.242988967084841, 34.646439879252249 ], [ -92.243986500296941, 34.646159079931955 ], [ -92.243813100236679, 34.645461013274144 ], [ -92.244304900198941, 34.64485061297038 ], [ -92.243911967075334, 34.644070213121694 ], [ -92.243373300284219, 34.644070413337964 ], [ -92.243964900797167, 34.64362487983184 ], [ -92.243645366770608, 34.643361213119164 ], [ -92.244337300522162, 34.643536812739363 ], [ -92.243791366942816, 34.642794879627388 ], [ -92.244097101049732, 34.64245941333624 ], [ -92.243531766873915, 34.642470679655837 ], [ -92.243359167631013, 34.642987613032545 ], [ -92.242680100406801, 34.642141279758128 ], [ -92.243351766823963, 34.641904612633247 ], [ -92.242446767049657, 34.64131681276487 ], [ -92.243038500194572, 34.640854679999357 ], [ -92.242825567691881, 34.640607479867079 ], [ -92.240989700872888, 34.640404879749923 ], [ -92.240869701047217, 34.63985521319394 ], [ -92.240351100591639, 34.640284212765714 ], [ -92.237969700659292, 34.639834479180095 ], [ -92.23765616777024, 34.638235012816601 ], [ -92.237210501124167, 34.637998813043815 ], [ -92.237615767348174, 34.637498279748193 ], [ -92.237289700481966, 34.637152079739522 ], [ -92.23801430053939, 34.636569212693949 ], [ -92.23755530043465, 34.636349479240245 ], [ -92.237920766877409, 34.635821613055512 ], [ -92.237521701046717, 34.635788679538813 ], [ -92.237527900909043, 34.635129080010493 ], [ -92.238252900718095, 34.635073879893866 ], [ -92.238232567759354, 34.634639479433645 ], [ -92.23777370112839, 34.634617813289317 ], [ -92.238525100361528, 34.634315079219675 ], [ -92.237733366768268, 34.633947212454594 ], [ -92.238058766773705, 34.633106013178136 ], [ -92.237559767617867, 34.632886212916652 ], [ -92.237167767675459, 34.633331679975683 ], [ -92.237532900119447, 34.632358479627328 ], [ -92.236288701119207, 34.631248679577531 ], [ -92.236939966904359, 34.630429279843 ], [ -92.23773130029268, 34.630291479588855 ], [ -92.236999100647722, 34.629362879559842 ], [ -92.238242567035755, 34.629098479510318 ], [ -92.237218100622329, 34.628560079995623 ], [ -92.238900367271711, 34.628152679492636 ], [ -92.239232167586252, 34.626921213220683 ], [ -92.23849390020942, 34.626800613267108 ], [ -92.238208167026087, 34.627130479698565 ], [ -92.238167967701699, 34.626597279204603 ], [ -92.239145300120356, 34.626278013314788 ], [ -92.238659300401963, 34.625365679692074 ], [ -92.239235567768688, 34.62476741315453 ], [ -92.239707766818981, 34.624844213321083 ], [ -92.23907550098626, 34.624041813350445 ], [ -92.240199367174242, 34.624079812995532 ], [ -92.240504766791801, 34.623332079332926 ], [ -92.239932900932317, 34.623178412882581 ], [ -92.239692966774982, 34.62230447951903 ], [ -92.240928900418197, 34.620962612754802 ], [ -92.239339700304896, 34.620864412545465 ], [ -92.240156900244131, 34.619814079652294 ], [ -92.239631300457134, 34.619341479884852 ], [ -92.239550767153119, 34.618027679858805 ], [ -92.237774967587811, 34.617379813017131 ], [ -92.238379501035098, 34.616269080022469 ], [ -92.237614567004798, 34.615829613243868 ], [ -92.238186167333694, 34.615428079875819 ], [ -92.23817250047982, 34.614807013038522 ], [ -92.236629500302115, 34.613961012854865 ], [ -92.236834100652857, 34.611228813196917 ], [ -92.236248767135351, 34.611047612701597 ], [ -92.23580370058589, 34.611707479205755 ], [ -92.235616967330103, 34.610663012799108 ], [ -92.23465290023627, 34.610674412544327 ], [ -92.234892100215234, 34.610328013303103 ], [ -92.234273567441249, 34.609866413316283 ], [ -92.233588900486652, 34.610273479613213 ], [ -92.233422300620518, 34.609504013023674 ], [ -92.232398567008389, 34.609724212559584 ], [ -92.232125500095066, 34.608817213082659 ], [ -92.231301101141284, 34.608993479976732 ], [ -92.231959101091434, 34.608498479956218 ], [ -92.231174500932369, 34.608223879989289 ], [ -92.231340367145336, 34.607806079364593 ], [ -92.230535900879786, 34.607861279248525 ], [ -92.231712567237722, 34.607470613142837 ], [ -92.23125350034222, 34.606844079270779 ], [ -92.231964567441395, 34.606288613009603 ], [ -92.230368767389237, 34.605904412880079 ], [ -92.230580967064867, 34.604749879451951 ], [ -92.229888966993855, 34.603375812954077 ], [ -92.230712900287998, 34.602375079983801 ], [ -92.228711300213192, 34.601397212533428 ], [ -92.229096700329805, 34.600984813122345 ], [ -92.228112766778452, 34.60096307931407 ], [ -92.228099166874671, 34.600364013250818 ], [ -92.22906270039131, 34.599423612593277 ], [ -92.228265300317048, 34.597931679197742 ], [ -92.229185567322602, 34.597102279637689 ], [ -92.229026700163331, 34.59494947966332 ], [ -92.230082300767975, 34.594053013139707 ], [ -92.230136300370759, 34.592945080063984 ], [ -92.22912856711018, 34.590156413273434 ], [ -92.229563100413316, 34.589198813046863 ], [ -92.228241367734043, 34.581007413025297 ] ] } },
{ "type": "Feature", "properties": { "stream_name": "Deep Bayou", "gnis_name": "Deep Bayou", "county": "Jefferson", "trib_of": null }, "geometry": { "type": "LineString", "coordinates": [ [ -91.928655368012912, 34.177620080690772 ], [ -91.927907968065441, 34.176844813494526 ], [ -91.928371367883074, 34.173975280486424 ], [ -91.927762967831285, 34.173211213635717 ], [ -91.926645301584969, 34.173343013697441 ], [ -91.924012701310261, 34.174832480069739 ], [ -91.921651567236978, 34.174161480269717 ], [ -91.920567100838056, 34.173325813593337 ], [ -91.919370700571051, 34.17029668007531 ], [ -91.919642700616251, 34.166432080728448 ], [ -91.922143701462602, 34.160753813373056 ], [ -91.925966500710814, 34.156543413611764 ], [ -91.937941968073588, 34.150486013961356 ], [ -91.938907301425701, 34.149529480057879 ], [ -91.940275901132296, 34.146407013902873 ], [ -91.94003130093185, 34.14399928043391 ], [ -91.939158368247575, 34.142465614049542 ], [ -91.933082767229777, 34.137539880039625 ], [ -91.928593967655146, 34.135868480493286 ], [ -91.923629101197108, 34.135977880224239 ], [ -91.91254870092196, 34.137603280550366 ], [ -91.906440168314873, 34.13723361375154 ], [ -91.90543556746826, 34.13654068053107 ], [ -91.902746368102655, 34.132906280308866 ], [ -91.899454701300542, 34.131910280340001 ], [ -91.896824367690158, 34.1304252139374 ], [ -91.891554701398604, 34.13242428047149 ], [ -91.891586567666153, 34.13459021381594 ], [ -91.890461701372374, 34.136469813984206 ], [ -91.890030567339565, 34.138910413487281 ], [ -91.889157567918105, 34.139481880593337 ], [ -91.887841967497323, 34.139426280532817 ], [ -91.887195367892559, 34.137249079898069 ], [ -91.883145300915857, 34.133564280696518 ], [ -91.881303367978404, 34.129666013296202 ], [ -91.880677501436523, 34.126554213433835 ], [ -91.877696167683595, 34.123317280380107 ], [ -91.876012701017999, 34.120611679978119 ], [ -91.875385167559457, 34.120083680463658 ], [ -91.873888567999074, 34.119943080756165 ], [ -91.873372368368962, 34.119019813532496 ], [ -91.871303900876441, 34.119405613370702 ], [ -91.8704769009328, 34.118103080137899 ], [ -91.866125968218512, 34.115158413570882 ], [ -91.86140456819453, 34.110592080818172 ], [ -91.858753568115645, 34.108921880545381 ], [ -91.85591690151324, 34.105789480409385 ], [ -91.855526168318846, 34.103981014102686 ], [ -91.853205501660156, 34.101266079981684 ], [ -91.851658700918208, 34.10023861365633 ], [ -91.847118368352426, 34.098579680499896 ], [ -91.845294101085685, 34.097299280247121 ], [ -91.843231054878046, 34.093253782390605 ] ] } },
{ "type": "Feature", "properties": { "stream_name": "Johnson Creek", "gnis_name": "Johnson Creek", "county": "Grant,Jefferson", "trib_of": "Derrieusseaux Creek" }, "geometry": { "type": "MultiLineString", "coordinates": [ [ [ -92.171604700886093, 34.218904680104913 ], [ -92.172650300215153, 34.218855413944866 ], [ -92.176144567484783, 34.217234013755245 ], [ -92.177143967818211, 34.21722868016969 ], [ -92.179572700211779, 34.216228413188936 ], [ -92.18176336761536, 34.214249413991382 ], [ -92.182001567725379, 34.213490813655255 ], [ -92.184608767123066, 34.212930213410402 ], [ -92.185991900904398, 34.213188613453681 ] ], [ [ -92.205532367378751, 34.210504813520807 ], [ -92.206816101075319, 34.210482680622263 ], [ -92.207265966839358, 34.210053813953074 ], [ -92.207682901142974, 34.210367079835727 ], [ -92.207960700619708, 34.209646813665344 ], [ -92.209164767004381, 34.208849480080666 ], [ -92.209853167829237, 34.209701480256939 ], [ -92.210772967098691, 34.209822279842328 ], [ -92.211414567204045, 34.208607279923939 ], [ -92.211970500262126, 34.208645680582947 ], [ -92.212201767089823, 34.208139880607561 ], [ -92.212744567530507, 34.208315680054682 ], [ -92.212327367266568, 34.207408613316758 ], [ -92.214107500526495, 34.207864614002041 ] ], [ [ -92.185991900904398, 34.213188613453681 ], [ -92.187447700390663, 34.213029213804113 ], [ -92.187527167802173, 34.213381013604796 ], [ -92.18831456724142, 34.213018279797154 ], [ -92.188063100523934, 34.212545480117662 ], [ -92.189770367623197, 34.212490480410104 ], [ -92.189763767514009, 34.211957213336909 ], [ -92.190339367810225, 34.211979213253706 ], [ -92.190630700963894, 34.212528879910728 ], [ -92.19164956756444, 34.211984679893483 ], [ -92.192913566934308, 34.212204613218525 ] ], [ [ -92.250339900951829, 34.196778879896513 ], [ -92.249949100129882, 34.195053879939472 ], [ -92.250817767724371, 34.194866013807129 ], [ -92.250573167385895, 34.194453479820382 ], [ -92.2513935673432, 34.194503480245736 ], [ -92.251413900451169, 34.19383821340282 ], [ -92.252273900369204, 34.19389921383079 ], [ -92.251414367071789, 34.193129079953955 ], [ -92.251871367379735, 34.192486013841574 ], [ -92.2526983002507, 34.192563413255414 ], [ -92.252811167737036, 34.192024680560465 ], [ -92.256515767049194, 34.192339880699272 ] ], [ [ -92.235643300368281, 34.20348227980439 ], [ -92.236933566799067, 34.203558813312299 ] ], [ [ -92.214107500526495, 34.207864614002041 ], [ -92.214147100158527, 34.207452213745135 ], [ -92.215344567331627, 34.207056213352629 ], [ -92.21490096700829, 34.206253613788512 ], [ -92.216429500529372, 34.206154413133227 ], [ -92.217130567195284, 34.205274613143978 ], [ -92.217090700415014, 34.20448848001832 ], [ -92.220094900579554, 34.2054608806517 ], [ -92.220075300427212, 34.206126013136156 ], [ -92.220565100380043, 34.206279813342647 ], [ -92.221312566771502, 34.205779413682585 ], [ -92.221861900240839, 34.206285013887339 ], [ -92.223337167325468, 34.205597413382534 ], [ -92.224131166950059, 34.20567961323119 ], [ -92.225905100485789, 34.206960013806189 ], [ -92.226606300423214, 34.206245080501368 ], [ -92.227625500284418, 34.206899080327034 ], [ -92.227962900688908, 34.206673613760593 ], [ -92.227724300887502, 34.205772013792483 ], [ -92.229113567552858, 34.205474679995724 ], [ -92.229668967043992, 34.204507013731558 ], [ -92.231773501020399, 34.205275880308491 ], [ -92.232507900491271, 34.205066813726418 ], [ -92.233221967051833, 34.20415941368509 ], [ -92.233751367646462, 34.204252680435488 ], [ -92.234346566890864, 34.203735679992619 ], [ -92.234803300127297, 34.204048880161146 ], [ -92.235643300368281, 34.20348227980439 ] ], [ [ -92.20352076770493, 34.210779880035297 ], [ -92.203236101122158, 34.210037880484791 ], [ -92.204195700689453, 34.210120213754657 ], [ -92.204420700529482, 34.210768813116651 ], [ -92.205532367378751, 34.210504813520807 ] ], [ [ -92.236933566799067, 34.203558813312299 ], [ -92.237792766934291, 34.201903680133498 ], [ -92.239135567428434, 34.201298413654847 ], [ -92.239890100919425, 34.201803880029566 ], [ -92.240061701013602, 34.201056080052467 ], [ -92.241477300964959, 34.200439813272141 ], [ -92.241496700947948, 34.199796679910222 ], [ -92.243892167315295, 34.200213413269793 ], [ -92.244288900948064, 34.199938279899655 ], [ -92.244487767434819, 34.200625413206282 ], [ -92.245526367359815, 34.200135680529613 ] ], [ [ -92.256515767049194, 34.192339880699272 ], [ -92.258189167566613, 34.192829880477483 ], [ -92.258791700880607, 34.192181480537997 ] ], [ [ -92.245526367359815, 34.200135680529613 ], [ -92.245750567628178, 34.199124013231433 ], [ -92.246227367405581, 34.199673613800584 ], [ -92.247259567128779, 34.199777480631433 ], [ -92.246617166974914, 34.19885421317813 ], [ -92.247053700840453, 34.198557213867495 ], [ -92.247913900586141, 34.198661213344842 ], [ -92.248238500341174, 34.199238279895198 ], [ -92.248330367741204, 34.198226813747453 ], [ -92.249772700840666, 34.198336013329069 ], [ -92.250339900951829, 34.196778879896513 ] ], [ [ -92.192913566934308, 34.212204613218525 ], [ -92.19415756775625, 34.211522880110472 ], [ -92.196003767525411, 34.21193501342438 ], [ -92.195818500899591, 34.210951013762859 ], [ -92.197783766876114, 34.210692479864854 ], [ -92.197294100635446, 34.210340679956488 ], [ -92.197492500177404, 34.209565480555355 ], [ -92.198319567224019, 34.209796413782229 ], [ -92.198584167306038, 34.20914761344379 ], [ -92.19941150053026, 34.209840213238095 ], [ -92.202150900770349, 34.209867479868443 ], [ -92.202534900714397, 34.210807480329542 ], [ -92.20352076770493, 34.210779880035297 ] ] ] } },
{ "type": "Feature", "properties": { "stream_name": "Flat Creek", "gnis_name": "Flat Creek", "county": "Lincoln,Cleveland", "trib_of": "Walker Branch" }, "geometry": { "type": "MultiLineString", "coordinates": [ [ [ -91.91477516802486, 34.04293828018443 ], [ -91.914921501585283, 34.043618613518646 ] ], [ [ -91.959027101027743, 34.01642488020245 ], [ -91.95843936817306, 34.016276614253492 ], [ -91.95799730124547, 34.016705480685751 ], [ -91.957501967297006, 34.016210813450364 ], [ -91.956247700897961, 34.016315413584508 ], [ -91.95544216810751, 34.015870280606464 ], [ -91.954419168032246, 34.016772013835691 ], [ -91.954036167347496, 34.016590614253175 ] ], [ [ -91.918969167552831, 34.048164080643907 ], [ -91.916322567386572, 34.054092480876982 ], [ -91.915875700873343, 34.057561414245171 ], [ -91.916590700798977, 34.05954108043732 ], [ -91.921711901053612, 34.061537013399942 ] ], [ [ -91.914921501585283, 34.043618613518646 ], [ -91.916726100890898, 34.047315013516538 ], [ -91.918969167552831, 34.048164080643907 ] ], [ [ -91.954036167347496, 34.016590614253175 ], [ -91.951936967883981, 34.017547413978626 ], [ -91.951362567621771, 34.017283613868635 ], [ -91.950821500949488, 34.018559013843088 ], [ -91.949481167597099, 34.017861013698848 ], [ -91.94765930124376, 34.019224614023599 ], [ -91.94789036725075, 34.019609414241557 ], [ -91.946649167444988, 34.019713880546703 ], [ -91.945837301569696, 34.020318680191799 ], [ -91.945718500711948, 34.021165213715939 ], [ -91.944266100920203, 34.022204280958654 ], [ -91.943150367607544, 34.022583680926758 ], [ -91.942575900622771, 34.022209880893762 ], [ -91.940846167739494, 34.023337014189636 ], [ -91.939829501276293, 34.023188613684567 ], [ -91.93873336749968, 34.024271480416786 ], [ -91.93714230122545, 34.024288013559321 ], [ -91.936303768207921, 34.025491880515432 ], [ -91.936647100854401, 34.026464880594247 ], [ -91.936033100635271, 34.027058680762394 ], [ -91.935933967993876, 34.028279213724261 ] ], [ [ -91.935933967993876, 34.028279213724261 ], [ -91.935861300905785, 34.028773880285421 ] ], [ [ -91.921154968070184, 34.040273213869625 ], [ -91.919543301012212, 34.041740680188219 ], [ -91.918116967959179, 34.04146021365645 ], [ -91.916360167459331, 34.042405280788202 ], [ -91.914563901346227, 34.042608480806599 ] ], [ [ -91.935861300905785, 34.028773880285421 ], [ -91.934685967867082, 34.029180680500787 ], [ -91.934256767655057, 34.030725413862619 ], [ -91.932949367499134, 34.031626880192348 ], [ -91.933035167370988, 34.032182080630172 ], [ -91.932031500941946, 34.032385480399775 ], [ -91.930790101063465, 34.033413480757631 ], [ -91.929013900730112, 34.033539814048126 ], [ -91.924107368179833, 34.036337413925686 ], [ -91.923796701576762, 34.038261480873267 ], [ -91.921154968070184, 34.040273213869625 ] ], [ [ -91.968068300710613, 34.026323880077477 ], [ -91.967539700963286, 34.024872680683231 ], [ -91.967876167460972, 34.024377880946751 ], [ -91.967023900877166, 34.02273428022675 ], [ -91.965815567600686, 34.02227281402871 ], [ -91.965894567926284, 34.021662613418329 ], [ -91.964369300670299, 34.021047213840362 ], [ -91.964487900975172, 34.020277480477226 ], [ -91.963286301011806, 34.02018441381842 ], [ -91.96129870090158, 34.018519013505674 ], [ -91.960361168178679, 34.018475213523956 ], [ -91.960261968219143, 34.017799013484733 ], [ -91.958914968174895, 34.017233080267616 ], [ -91.959377101030611, 34.016716213501276 ], [ -91.959027101027743, 34.01642488020245 ] ], [ [ -91.914563901346227, 34.042608480806599 ], [ -91.91477516802486, 34.04293828018443 ] ] ] } },
{ "type": "Feature", "properties": { "stream_name": "Deep Bayou", "gnis_name": "Deep Bayou", "county": "Jefferson", "trib_of": "Bayou Bartholomew" }, "geometry": { "type": "LineString", "coordinates": [ [ -91.686524701446857, 33.940979281067477 ], [ -91.68694330187752, 33.940619680331928 ], [ -91.688134101057841, 33.940926880543493 ], [ -91.68993550114773, 33.940529880415724 ], [ -91.690225768481497, 33.938986013557262 ], [ -91.692662701756021, 33.938923813768589 ], [ -91.695400167867831, 33.937595614190094 ], [ -91.695388500908251, 33.937132880607265 ], [ -91.693743967713161, 33.936375480713728 ], [ -91.695304501194869, 33.935176481025998 ] ] } }
]
}
