{
"type": "FeatureCollection",
"name": "quapaw-treaty-lands",
"crs": { "type": "name", "properties": { "name": "urn:ogc:def:crs:OGC:1.3:CRS84" } },
"features": [
{ "type": "Feature", "properties": { "stage": "1818", "royce": "94", "kind": "ceded", "title": "1818 — Royce Cession 94", "description": "Land ceded by the Quapaw to the United States under the treaty of August 24, 1818." }, "geometry": { "type": "Polygon", "coordinates": [ [ [ -98.765875839999978, 35.876185701 ], [ -98.726564521, 35.844389017000026 ], [ -98.682952655, 35.809809785000027 ], [ -98.660548956000014, 35.799341793 ], [ -98.656040468000015, 35.79723433800001 ], [ -98.643871138, 35.782436175999976 ], [ -98.62640256100002, 35.757272955000019 ], [ -98.608876853000027, 35.740155276 ], [ -98.594729288, 35.728703817 ], [ -98.580496090999986, 35.71466656299998 ], [ -98.573942435, 35.698439119 ], [ -98.567976105000014, 35.678749892999974 ], [ -98.563574018999986, 35.663478506 ], [ -98.557509059999973, 35.650975104999986 ], [ -98.54249336700002, 35.623735192000026 ], [ -98.538291325999978, 35.614061994999986 ], [ -98.527440332000026, 35.605401976 ], [ -98.516143006, 35.593877921 ], [ -98.498579575, 35.575920509000014 ], [ -98.487002959, 35.564078096 ], [ -98.478937468000026, 35.554202450999981 ], [ -98.463378413999976, 35.540901395999981 ], [ -98.455641335, 35.540785288999984 ], [ -98.449033787000019, 35.542942166999978 ], [ -98.441475869999977, 35.548279835000017 ], [ -98.434610083, 35.553314533999981 ], [ -98.419568975, 35.555654007999976 ], [ -98.407198001999973, 35.553624147 ], [ -98.395095665999975, 35.54900146 ], [ -98.386498382000013, 35.544015017999982 ], [ -98.377615346000027, 35.541045129 ], [ -98.363304894, 35.544223231999979 ], [ -98.352354976000015, 35.553648894999981 ], [ -98.341293622000023, 35.559628291000024 ], [ -98.329329524, 35.559304989999987 ], [ -98.318231326999978, 35.552929200999984 ], [ -98.303786307, 35.540588722999985 ], [ -98.280548163, 35.527852810000013 ], [ -98.261689149, 35.520194326000023 ], [ -98.247758678000025, 35.512720464999973 ], [ -98.231114592999973, 35.496681321999972 ], [ -98.214743128, 35.477761973999975 ], [ -98.20206127199998, 35.46704336900001 ], [ -98.193492918, 35.459798953000018 ], [ -98.182154632999982, 35.456287988999975 ], [ -98.154310026000019, 35.452522858 ], [ -98.136519129000021, 35.444249056999979 ], [ -98.124691529000017, 35.435714953 ], [ -98.114640802, 35.427863984 ], [ -98.106248216999973, 35.416533854000022 ], [ -98.098249325999973, 35.406632001999981 ], [ -98.087951385999986, 35.402230448000012 ], [ -98.067215964000013, 35.400895248999973 ], [ -98.046386521999978, 35.396111147 ], [ -98.028882685999974, 35.39042261100002 ], [ -98.027982577999978, 35.390129989 ], [ -98.016538247000028, 35.382009013000015 ], [ -98.008585997000012, 35.373249343999987 ], [ -98.002357045999986, 35.363309238999989 ], [ -97.995178553000017, 35.357119806000014 ], [ -97.993231017000028, 35.35620953199998 ], [ -97.982752865, 35.351311115999977 ], [ -97.971867498999984, 35.350643553 ], [ -97.961362984, 35.351117041 ], [ -97.944440537, 35.360893063999981 ], [ -97.932897944999979, 35.361956454 ], [ -97.916448520000017, 35.363103525999975 ], [ -97.901151146000018, 35.354463233 ], [ -97.891266267, 35.351760147999983 ], [ -97.878702057999988, 35.353984149999974 ], [ -97.866086716999973, 35.35419712700002 ], [ -97.855101822, 35.349498905000019 ], [ -97.842581769999981, 35.339368305999983 ], [ -97.831628793999982, 35.335816156000021 ], [ -97.818616969, 35.334019932999979 ], [ -97.804519997, 35.330803876 ], [ -97.794031070000017, 35.331835676000026 ], [ -97.780134606999979, 35.336941992999982 ], [ -97.768964224, 35.338843939000014 ], [ -97.754821123, 35.333611938999979 ], [ -97.745544041000016, 35.326578536 ], [ -97.735274746000016, 35.322001084000021 ], [ -97.722578101000011, 35.318465623 ], [ -97.711409022, 35.320361736999985 ], [ -97.697495952999986, 35.324883467 ], [ -97.682121530000018, 35.32684092300002 ], [ -97.669484511, 35.325883174000012 ], [ -97.655401923, 35.322935277999989 ], [ -97.640862632999983, 35.315110257000015 ], [ -97.621460753, 35.309077748 ], [ -97.604569113000025, 35.30559021800002 ], [ -97.593005763, 35.305469824 ], [ -97.581381498999974, 35.302477328 ], [ -97.56824861299998, 35.294335857000021 ], [ -97.556965235, 35.290761702999987 ], [ -97.54279863, 35.283206232 ], [ -97.539475555000024, 35.274924586 ], [ -97.541012210000019, 35.264565281999978 ], [ -97.550391312999977, 35.260988463999979 ], [ -97.552560315, 35.247461502000021 ], [ -97.551839819, 35.229667864000021 ], [ -97.546454891999986, 35.223138667 ], [ -97.533060814, 35.218443346000015 ], [ -97.515500083, 35.215239301999986 ], [ -97.497929329999977, 35.211458347000018 ], [ -97.491349061999983, 35.197333538 ], [ -97.481667184, 35.185403670000028 ], [ -97.469304610999984, 35.179251463000014 ], [ -97.452466265, 35.176602382 ], [ -97.441478206999989, 35.168993463999982 ], [ -97.434298839, 35.159324334000019 ], [ -97.430693341999984, 35.153628463000018 ], [ -97.422283067000023, 35.15258839400002 ], [ -97.414304131, 35.155849064999984 ], [ -97.405920873000014, 35.156243034999989 ], [ -97.398483913, 35.151169031999984 ], [ -97.392386988, 35.142919367 ], [ -97.389801739, 35.135486742000012 ], [ -97.395505974, 35.122781735999979 ], [ -97.396720881000022, 35.113004499 ], [ -97.389891288, 35.102754534999974 ], [ -97.375724387, 35.09230872 ], [ -97.363448833, 35.089589737999972 ], [ -97.349645079000027, 35.079566969999973 ], [ -97.340047433999985, 35.070209454 ], [ -97.338178382000024, 35.063341768999976 ], [ -97.340374898, 35.049534634 ], [ -97.345127037, 35.04201251500001 ], [ -97.351633420999974, 35.035042966999981 ], [ -97.356451162999974, 35.012017109999988 ], [ -97.355004023999982, 34.989929841999981 ], [ -97.349950466, 34.980518320999977 ], [ -97.343149685000014, 34.970840881000015 ], [ -97.335399578000022, 34.96648535700001 ], [ -97.325965741, 34.965450816999976 ], [ -97.31797222900002, 34.96698188 ], [ -97.309654857, 34.969951537999975 ], [ -97.304469931000028, 34.972596534 ], [ -97.296759211999984, 34.970390845999987 ], [ -97.290035524000018, 34.964728318000027 ], [ -97.283268544, 34.956482371 ], [ -97.272771362000015, 34.954307433999986 ], [ -97.260241297999983, 34.95559946100002 ], [ -97.251836454, 34.953398632000017 ], [ -97.240247300000021, 34.948362428 ], [ -97.234561285999973, 34.941823891000013 ], [ -97.225720895, 34.934171994 ], [ -97.213476744, 34.931436812000015 ], [ -97.201311808000014, 34.933579286 ], [ -97.191255520000027, 34.936845877 ], [ -97.18006675700002, 34.934669692999989 ], [ -97.167779411000026, 34.92905943 ], [ -97.154483954999989, 34.925754778999988 ], [ -97.139508585999977, 34.926484555 ], [ -97.124868459000027, 34.926347740999972 ], [ -97.110666300999981, 34.932232547000012 ], [ -97.098128732000021, 34.932932129 ], [ -97.083786047, 34.929342341999984 ], [ -97.072199609, 34.92342762200002 ], [ -97.058589349999977, 34.922123837000015 ], [ -97.045271900999978, 34.91679704 ], [ -97.033381669, 34.913751628 ], [ -97.019444978000024, 34.913881300000014 ], [ -97.012480499, 34.914232477999974 ], [ -97.005453656999975, 34.918006720999983 ], [ -96.997257064999985, 34.922408232 ], [ -96.972406626, 34.941000743000018 ], [ -96.959294317, 34.951449159999981 ], [ -96.945078020999972, 34.957599818 ], [ -96.928354695999985, 34.958602886999984 ], [ -96.913237456, 34.948395319999975 ], [ -96.893921334000026, 34.936497673000019 ], [ -96.882710863999989, 34.931708243 ], [ -96.869806105, 34.930949608 ], [ -96.856286705, 34.937370209999983 ], [ -96.838153276000014, 34.936648312999978 ], [ -96.823756065999987, 34.926997459 ], [ -96.816350186000022, 34.919015537 ], [ -96.807906844, 34.911614862000022 ], [ -96.79493925700001, 34.904533339000011 ], [ -96.778523447999987, 34.900632041999984 ], [ -96.776474536000023, 34.899364708 ], [ -96.766758465, 34.893353854 ], [ -96.757972682, 34.88576065 ], [ -96.751481625999986, 34.875281020999978 ], [ -96.74503045, 34.868627738999976 ], [ -96.736400254999978, 34.876339496000014 ], [ -96.72722496199998, 34.887881170000014 ], [ -96.727879872000017, 34.895530781 ], [ -96.733222129000012, 34.907454796000025 ], [ -96.732767887000023, 34.92037413700001 ], [ -96.724711285000012, 34.928081549000012 ], [ -96.703842048000013, 34.932522152999979 ], [ -96.687023429000021, 34.935498495 ], [ -96.674196558, 34.930315323 ], [ -96.661358785, 34.923695611000028 ], [ -96.642707635000022, 34.91615172500002 ], [ -96.628745847, 34.913361907000024 ], [ -96.608416901999988, 34.912997518999987 ], [ -96.593899060000012, 34.913076632000013 ], [ -96.58003233, 34.922239602 ], [ -96.570169893000013, 34.923726151999972 ], [ -96.566185096000027, 34.923228951999988 ], [ -96.559124005, 34.922347539999976 ], [ -96.553865055000017, 34.918068656 ], [ -96.55319238200002, 34.905634291000013 ], [ -96.551946422000015, 34.894159691000027 ], [ -96.541975456999978, 34.890242702000023 ], [ -96.532961770999975, 34.888133997000011 ], [ -96.523406537000028, 34.891528296999979 ], [ -96.510694785999988, 34.900437647 ], [ -96.502572531, 34.901431689 ], [ -96.493598030999976, 34.905299163 ], [ -96.480021573999977, 34.916122444 ], [ -96.471017054000015, 34.915682881 ], [ -96.466178483000022, 34.914024225999981 ], [ -96.457922613999983, 34.91119347 ], [ -96.448605532999977, 34.90692642099998 ], [ -96.436410020999972, 34.906736159 ], [ -96.427436931999978, 34.911554989000024 ], [ -96.416204869000012, 34.928101868999988 ], [ -96.406403364000028, 34.941533107999987 ], [ -96.396028689, 34.957118478999973 ], [ -96.38334089, 34.975820782000028 ], [ -96.375602672000014, 34.997375722000015 ], [ -96.37158533600001, 35.007914455 ], [ -96.362564940000027, 35.017334414 ], [ -96.355758687, 35.022978025999976 ], [ -96.345450630000016, 35.026240116 ], [ -96.333957044999977, 35.024720574000014 ], [ -96.323756421999974, 35.019488272999979 ], [ -96.31107984099998, 35.012826803999985 ], [ -96.296222250000028, 35.00545218000002 ], [ -96.283422379, 35.003332902000011 ], [ -96.271352599000011, 35.001927975 ], [ -96.256969561, 35.00586327000002 ], [ -96.245806316000028, 35.006041772 ], [ -96.238354035999976, 35.002996256000017 ], [ -96.228106043000025, 34.99811895900001 ], [ -96.21730218099998, 34.993548014 ], [ -96.209293807, 34.990348584 ], [ -96.199992192000025, 34.990212731999975 ], [ -96.193854199999976, 34.990529858 ], [ -96.181596276, 34.998664505000022 ], [ -96.175653986999976, 35.003419959999974 ], [ -96.166167813000015, 35.004659377 ], [ -96.158352326, 35.004211581999982 ], [ -96.151841199999978, 35.004680002999976 ], [ -96.144782777999978, 35.010813188999975 ], [ -96.140337085999988, 35.021535508999989 ], [ -96.135888449, 35.031339192000019 ], [ -96.128829895000024, 35.039614889 ], [ -96.117490089, 35.049272730999974 ], [ -96.110425991999989, 35.056322604 ], [ -96.103926317, 35.068500455999981 ], [ -96.090528931, 35.077086001 ], [ -96.078611957000021, 35.079391672999975 ], [ -96.070423618, 35.086286889 ], [ -96.062793508000027, 35.094252974000028 ], [ -96.059262263999983, 35.104513087999976 ], [ -96.054425261, 35.114161409000019 ], [ -96.044927159999986, 35.122280495999973 ], [ -96.021080401, 35.145177887999978 ], [ -96.000388911000016, 35.158960248000028 ], [ -95.991812294999988, 35.160337991 ], [ -95.980811804999973, 35.160489746 ], [ -95.968692638999983, 35.16048698100002 ], [ -95.958997475999979, 35.160177579999981 ], [ -95.951541151000015, 35.157724708999979 ], [ -95.942781089, 35.154198865000012 ], [ -95.928239172000019, 35.154343504999986 ], [ -95.921340978999979, 35.154491931 ], [ -95.913318819999972, 35.159232528000018 ], [ -95.900620751000019, 35.174074233999988 ], [ -95.894084298999985, 35.18080540699998 ], [ -95.887548745, 35.186158157000023 ], [ -95.87876012800001, 35.200006366000025 ], [ -95.869799710999985, 35.203518012000018 ], [ -95.858045512999979, 35.204116058000011 ], [ -95.844986172, 35.204251666 ], [ -95.835094207, 35.206227978000015 ], [ -95.824815275999981, 35.213868397 ], [ -95.816972829, 35.216305708 ], [ -95.808018189, 35.215678046 ], [ -95.800376761, 35.212448913 ], [ -95.792376494999985, 35.204318630999978 ], [ -95.78604012, 35.202009719999978 ], [ -95.780826563, 35.19863082 ], [ -95.773555086999977, 35.19739120600002 ], [ -95.764603086000022, 35.196760042999983 ], [ -95.757880734000025, 35.198889260999977 ], [ -95.753571503999979, 35.204545306999989 ], [ -95.749989845000016, 35.207536028 ], [ -95.739507001999982, 35.206395256 ], [ -95.72307257, 35.204632726999989 ], [ -95.711170595999988, 35.206899177000025 ], [ -95.705900848, 35.212627474999977 ], [ -95.699173213, 35.229021449000015 ], [ -95.697061706999989, 35.23557266 ], [ -95.693882764000023, 35.242741842999976 ], [ -95.689291207999986, 35.252778236999973 ], [ -95.681222283000011, 35.257062135000012 ], [ -95.672813712999982, 35.258760355999982 ], [ -95.669336140999974, 35.253581834999977 ], [ -95.672514122, 35.247274628000014 ], [ -95.676402715999984, 35.238385393999977 ], [ -95.675783094999986, 35.229911378 ], [ -95.671553949999975, 35.226886507000017 ], [ -95.664211217, 35.225716033000026 ], [ -95.656442700000014, 35.23064347899998 ], [ -95.641058757, 35.237989379 ], [ -95.627412072000027, 35.237657195999986 ], [ -95.608360585000014, 35.236515452999981 ], [ -95.596972653000023, 35.23640215 ], [ -95.590303213000027, 35.240110214000026 ], [ -95.584581884999977, 35.245854769 ], [ -95.584244336999973, 35.245987291 ], [ -95.580794534, 35.250698078000028 ], [ -95.576566679999985, 35.255563079000012 ], [ -95.569810514999972, 35.263040559999979 ], [ -95.561832872000025, 35.270283163999977 ], [ -95.554788909000024, 35.273615362999976 ], [ -95.554125397, 35.273929204000012 ], [ -95.550597286000027, 35.275597891000018 ], [ -95.543308174, 35.279089852000027 ], [ -95.540296196999975, 35.280532553 ], [ -95.524420298999985, 35.280848401000014 ], [ -95.516935519000015, 35.283113077999985 ], [ -95.510368982999978, 35.28767837800001 ], [ -95.512189003, 35.294960462 ], [ -95.522415422999984, 35.302279102 ], [ -95.529836725999985, 35.310350684000014 ], [ -95.530737068, 35.315714436 ], [ -95.526501645999986, 35.320673538999984 ], [ -95.513419852000027, 35.320999758000028 ], [ -95.495261878, 35.312112924000019 ], [ -95.483614494, 35.307847905000017 ], [ -95.472402918, 35.308177967 ], [ -95.462100441000018, 35.31195698800002 ], [ -95.436302007, 35.326377388000026 ], [ -95.409085785, 35.341550219999988 ], [ -95.39644223900001, 35.344927935999976 ], [ -95.38430282500002, 35.343712606999986 ], [ -95.348760065000022, 35.324479817 ], [ -95.337931866000019, 35.316692866999972 ], [ -95.329805215000022, 35.311379736999982 ], [ -95.318719273999989, 35.310594306999974 ], [ -95.30554564, 35.314580440999976 ], [ -95.295328438000013, 35.314515971 ], [ -95.284571082000014, 35.309900621999986 ], [ -95.270681652, 35.297367281 ], [ -95.253099399, 35.275236281 ], [ -95.240867225999978, 35.272999645000027 ], [ -95.228573868000012, 35.276743216999989 ], [ -95.219445047000022, 35.284695211999974 ], [ -95.20527529200001, 35.29990869300002 ], [ -95.189350838999985, 35.314868518000026 ], [ -95.161665519, 35.33643827100002 ], [ -95.155757658000027, 35.342375853000021 ], [ -95.158918581000023, 35.346946517 ], [ -95.171773824000013, 35.346564664000027 ], [ -95.181602356999974, 35.345248363999985 ], [ -95.189280747999987, 35.348129798 ], [ -95.187768295000012, 35.352904688000024 ], [ -95.173544545000027, 35.371225775000028 ], [ -95.167366803, 35.37500843700002 ], [ -95.159711476999973, 35.375717767000026 ], [ -95.147803511, 35.373902680000015 ], [ -95.139637185000026, 35.372643133999986 ], [ -95.134027998000022, 35.377624890999982 ], [ -95.136866374000022, 35.384826184000019 ], [ -95.134431434000021, 35.393182986999989 ], [ -95.132349593000015, 35.396277747 ], [ -95.126749371000017, 35.400302092 ], [ -95.11505078, 35.400927358999979 ], [ -95.104865093, 35.397256014999982 ], [ -95.095843491999972, 35.394071849999989 ], [ -95.089388163000024, 35.396172861000025 ], [ -95.085896398999978, 35.402532169999972 ], [ -95.086346579, 35.411572332999981 ], [ -95.084714366000014, 35.422586530999979 ], [ -95.077307432999987, 35.431408684000019 ], [ -95.074978204, 35.438128534999976 ], [ -95.076928338000016, 35.446875193999972 ], [ -95.078324986999974, 35.455004624000026 ], [ -95.075826952999989, 35.460191561999977 ], [ -95.071817558000021, 35.466438032999974 ], [ -95.068491124, 35.477897915000028 ], [ -95.06609462, 35.495060599999988 ], [ -95.051407763999975, 35.477927277 ], [ -95.036081157000012, 35.458992228999989 ], [ -95.027298718999987, 35.450302717999989 ], [ -95.012911047999978, 35.439682607 ], [ -94.999633894999988, 35.434954098 ], [ -94.972529517, 35.433493509000016 ], [ -94.953590678000012, 35.431133094000018 ], [ -94.943415211, 35.427518808 ], [ -94.930461934999983, 35.421329416999981 ], [ -94.922306488, 35.411424727 ], [ -94.923064157999988, 35.400029394 ], [ -94.920654118000016, 35.39254577600002 ], [ -94.913158595000027, 35.388469599000018 ], [ -94.903884896000022, 35.384496674 ], [ -94.89576453799998, 35.382717916999979 ], [ -94.88627360800001, 35.383472181 ], [ -94.880583829999978, 35.387539248 ], [ -94.875286443, 35.395006549000016 ], [ -94.868589628999985, 35.397000661 ], [ -94.858689432, 35.39532232 ], [ -94.845591297999988, 35.389728117 ], [ -94.830021308000028, 35.381316345000016 ], [ -94.824616567000021, 35.376528375000021 ], [ -94.821843053, 35.364611274000026 ], [ -94.822459912, 35.353700681000021 ], [ -94.822125175999986, 35.346782992999977 ], [ -94.819413677999989, 35.340385920000017 ], [ -94.817405082, 35.336361641999986 ], [ -94.808234691999985, 35.335899569 ], [ -94.792043432000014, 35.339363366999976 ], [ -94.78054744100001, 35.34530257 ], [ -94.765518966, 35.349867056 ], [ -94.758348837000028, 35.353668676999973 ], [ -94.745895384999983, 35.354620290000014 ], [ -94.735520355, 35.355230313 ], [ -94.719250674000023, 35.354194523 ], [ -94.706551132000016, 35.35222761 ], [ -94.695977769000024, 35.347251687999972 ], [ -94.684519888000011, 35.342142976 ], [ -94.669911531000025, 35.331172867000021 ], [ -94.658064863, 35.315018464 ], [ -94.644622632999983, 35.297387905999983 ], [ -94.633933253, 35.283246849000022 ], [ -94.62634562, 35.277573430000018 ], [ -94.617929826000022, 35.276741007999988 ], [ -94.612397273999989, 35.279946861999974 ], [ -94.60645051900002, 35.289454707 ], [ -94.604466671000012, 35.300589192000018 ], [ -94.597033223999972, 35.310320628 ], [ -94.584883666999986, 35.31889987 ], [ -94.57550167, 35.32193356800002 ], [ -94.562910263999981, 35.322498887999984 ], [ -94.547514319000015, 35.322662166999976 ], [ -94.53656455700002, 35.322518176000017 ], [ -94.530037151999977, 35.323280946000011 ], [ -94.52108907500002, 35.326679752000018 ], [ -94.503231203999974, 35.338813211 ], [ -94.492145945, 35.352552634 ], [ -94.474975167000025, 35.366753581000012 ], [ -94.456118595000021, 35.38335493400001 ], [ -94.445367584, 35.387450741 ], [ -94.438634558, 35.390631643 ], [ -94.430119511999976, 35.401005132000023 ], [ -94.42721101799998, 35.406286583 ], [ -94.426310124, 35.407922327 ], [ -94.422406231000025, 35.414551024 ], [ -94.416000218000022, 35.426298603000021 ], [ -94.414526135000017, 35.429001273999972 ], [ -94.412679932, 35.433283712 ], [ -94.409094412, 35.436823088999972 ], [ -94.407247703, 35.441105467999989 ], [ -94.403230597, 35.444279425 ], [ -94.399213148, 35.447453246 ], [ -94.394325723, 35.450255283999979 ], [ -94.388576078000028, 35.452326458000016 ], [ -94.383272632, 35.454044760999977 ], [ -94.37756155400001, 35.454320548 ], [ -94.371842572999981, 35.454955004 ], [ -94.366186603000017, 35.452717463 ], [ -94.361416261999977, 35.450133626000024 ], [ -94.356646252000019, 35.44754959 ], [ -94.353670933999979, 35.443196592 ], [ -94.351573202, 35.438856558999987 ], [ -94.349037122000027, 35.434509982 ], [ -94.347386452000023, 35.429817470999978 ], [ -94.346613064, 35.425138022999988 ], [ -94.346278284, 35.420465122 ], [ -94.345513047999987, 35.415426756999977 ], [ -94.344739926999978, 35.410747357999981 ], [ -94.344405329999972, 35.406074514000011 ], [ -94.342747584999984, 35.401741002 ], [ -94.341974780999976, 35.397061641999983 ], [ -94.338181766, 35.390182743000025 ], [ -94.33817375000001, 35.390541682999981 ], [ -94.335640098999988, 35.386194994 ], [ -94.330436791000011, 35.383603408999988 ], [ -94.325672121000025, 35.381018202 ], [ -94.321808584999985, 35.377369255000019 ], [ -94.317044614, 35.374783692999983 ], [ -94.312280972999986, 35.372197931000017 ], [ -94.307063127999982, 35.370323148000011 ], [ -94.302300119999984, 35.367736969000021 ], [ -94.296181820000015, 35.366925052999989 ], [ -94.290956508000022, 35.365408450000018 ], [ -94.285731409, 35.363891602000024 ], [ -94.280043479000028, 35.363444496 ], [ -94.274818739000011, 35.361927137 ], [ -94.269594212000015, 35.360409534999974 ], [ -94.263915016, 35.359602680000023 ], [ -94.257781002, 35.359506501 ], [ -94.251647004, 35.359409981999988 ], [ -94.245504563, 35.359672047 ], [ -94.239791734, 35.360299649000012 ], [ -94.234078808, 35.360926957 ], [ -94.227936178999983, 35.36118804900002 ], [ -94.222223085999985, 35.361814747999972 ], [ -94.216509896, 35.362441150999985 ], [ -94.211629809999977, 35.364876001000027 ], [ -94.206319871, 35.366944636000028 ], [ -94.200580119999984, 35.368646991 ], [ -94.195699107, 35.371081155000013 ], [ -94.190388281000025, 35.373149039 ], [ -94.185068408, 35.375575595999976 ], [ -94.180177656000012, 35.378368016000024 ], [ -94.175724799000022, 35.381167436 ], [ -94.172560001000022, 35.385065124999983 ], [ -94.16767293700002, 35.388215084000024 ], [ -94.158391030000018, 35.397156591999988 ], [ -94.154694827000014, 35.404754352999987 ], [ -94.151451566, 35.417625346000023 ], [ -94.14600434099998, 35.428645957000015 ], [ -94.144209757, 35.434934974999976 ], [ -94.140791982999986, 35.440622377000011 ], [ -94.135569621, 35.443598597 ], [ -94.130170696, 35.444273759999987 ], [ -94.118475683999975, 35.444076197000015 ], [ -94.109178128, 35.441620392 ], [ -94.101656334999973, 35.439840667999988 ], [ -94.098711771000012, 35.439143796 ], [ -94.08723183799998, 35.439712567000015 ], [ -94.080750626999986, 35.441515611 ], [ -94.073181857, 35.444639849 ], [ -94.059460901000023, 35.450337127000012 ], [ -94.047659576, 35.454151609 ], [ -94.037137920000021, 35.45377463 ], [ -94.025726421, 35.451657392000016 ], [ -94.015474908999977, 35.449942699000019 ], [ -94.002131657, 35.450086410999972 ], [ -93.993877607, 35.452427030000024 ], [ -93.98226496, 35.457770016999973 ], [ -93.973016256999983, 35.462197527 ], [ -93.961166619999972, 35.467534086 ], [ -93.952707006000026, 35.468718966999973 ], [ -93.94125851299998, 35.467932839000014 ], [ -93.931533218000027, 35.464113627000017 ], [ -93.920735589, 35.456826487 ], [ -93.908341813, 35.452344481000011 ], [ -93.897579630999985, 35.452747903999978 ], [ -93.890423614999975, 35.456707232999975 ], [ -93.883607185000017, 35.461734289 ], [ -93.878573554000013, 35.469221769 ], [ -93.873887863, 35.477474113000028 ], [ -93.86733902200001, 35.485993934000021 ], [ -93.856996625000022, 35.490951828 ], [ -93.847830902, 35.493656472 ], [ -93.835041117, 35.493407972 ], [ -93.82594618600001, 35.487315003 ], [ -93.818049273999975, 35.478363012999978 ], [ -93.815298047, 35.471028572000023 ], [ -93.812995783000019, 35.454754283 ], [ -93.810080829000015, 35.440439788 ], [ -93.80587369, 35.435089717999972 ], [ -93.802381261999983, 35.430647836 ], [ -93.791365335000023, 35.417502942999988 ], [ -93.78129478, 35.403179086000023 ], [ -93.774154699, 35.397530561999986 ], [ -93.760566945, 35.392469748999986 ], [ -93.741956845, 35.389220119000015 ], [ -93.729680066000014, 35.389208952999979 ], [ -93.72201144600001, 35.391445492 ], [ -93.712822797, 35.395565181999984 ], [ -93.700607917000013, 35.402972745999989 ], [ -93.687273831000027, 35.408680097 ], [ -93.675481069, 35.411785027 ], [ -93.665291131, 35.410374221999973 ], [ -93.657491933000017, 35.407337300999984 ], [ -93.647154526, 35.401373477999982 ], [ -93.639986866000015, 35.396912429999986 ], [ -93.631829438000011, 35.396020486999987 ], [ -93.619193329999973, 35.396228833 ], [ -93.609221858000012, 35.397211331999983 ], [ -93.598188294000011, 35.403915153000014 ], [ -93.587706113000024, 35.411587493000013 ], [ -93.580584231999978, 35.414783875000012 ], [ -93.57325536899998, 35.415342028 ], [ -93.566581282000016, 35.413759560000017 ], [ -93.559164319, 35.408090759 ], [ -93.550532552999982, 35.403830977999974 ], [ -93.540882968, 35.403856940000026 ], [ -93.532338574999983, 35.405821756000023 ], [ -93.52515119100002, 35.41092826900001 ], [ -93.517266587, 35.419370265999987 ], [ -93.506361299, 35.430616738000026 ], [ -93.496831389000022, 35.435668983000028 ], [ -93.489491766000015, 35.436460830999977 ], [ -93.480722918000026, 35.436262175000024 ], [ -93.473781023000015, 35.433949821999988 ], [ -93.465917687, 35.428647448 ], [ -93.454188835000025, 35.42095770100002 ], [ -93.44608030500001, 35.418616828999973 ], [ -93.428538828, 35.418451182000013 ], [ -93.419237639000016, 35.416798888000017 ], [ -93.414728559000025, 35.411905955 ], [ -93.410102811, 35.401982777 ], [ -93.40840777, 35.39188857 ], [ -93.409158059999982, 35.378739462 ], [ -93.412127715999986, 35.368993768 ], [ -93.413603417, 35.360170821 ], [ -93.410716093000019, 35.350767373 ], [ -93.404785267000022, 35.344883482 ], [ -93.391448812000021, 35.341937297000015 ], [ -93.375351357999989, 35.34275433800002 ], [ -93.35881735800001, 35.347628254000028 ], [ -93.343474615, 35.351810151 ], [ -93.328191968999988, 35.352639937 ], [ -93.32031790000002, 35.352210545 ], [ -93.313646242, 35.350852154999984 ], [ -93.302965712, 35.347241385000018 ], [ -93.292020407, 35.342904931000021 ], [ -93.283738319, 35.337675092999973 ], [ -93.273749984, 35.331205727999986 ], [ -93.26581502099998, 35.324546737 ], [ -93.25580356, 35.318793353999979 ], [ -93.248632000999976, 35.315264104 ], [ -93.234148791999985, 35.31203094 ], [ -93.226341922000017, 35.309920713999986 ], [ -93.214037258000019, 35.303148535999981 ], [ -93.200666834, 35.293714779000027 ], [ -93.191723087000014, 35.290855183000019 ], [ -93.18511147800001, 35.286031087000026 ], [ -93.176111478, 35.274578030999976 ], [ -93.159793714999978, 35.25626323900002 ], [ -93.144408920999979, 35.246615545 ], [ -93.136577191000015, 35.243531526000027 ], [ -93.130762176000019, 35.236100723 ], [ -93.127313872, 35.229641099 ], [ -93.123968973999979, 35.225307467999983 ], [ -93.108622614000012, 35.211136047000025 ], [ -93.101532508999981, 35.203367148999973 ], [ -93.098188483, 35.194331100999989 ], [ -93.093785191999984, 35.184053862999974 ], [ -93.08824049499998, 35.174656479000021 ], [ -93.08453036100002, 35.165610561 ], [ -93.082986646, 35.153133491 ], [ -93.079527895000012, 35.142425915 ], [ -93.073161275000018, 35.135281223 ], [ -93.061411739999983, 35.133604677 ], [ -93.053356023999982, 35.136575193 ], [ -93.048082819, 35.143865998000024 ], [ -93.042028685, 35.152197401000024 ], [ -93.036223893999988, 35.158866935999981 ], [ -93.028829996000013, 35.163673567999979 ], [ -93.022267321000015, 35.166246075 ], [ -93.017214670999977, 35.170131455999979 ], [ -93.010950615000013, 35.175132921999989 ], [ -93.003830585, 35.178195876000018 ], [ -92.994185537000021, 35.180232309000019 ], [ -92.983910585999979, 35.180527209 ], [ -92.970226111999978, 35.17862128500002 ], [ -92.959625675999973, 35.175457909999977 ], [ -92.958120732999987, 35.175271383999984 ], [ -92.941757141999972, 35.173241863999976 ], [ -92.929160606999972, 35.172934828 ], [ -92.918996031, 35.176392611999972 ], [ -92.90680349500002, 35.180391292000024 ], [ -92.894630646999985, 35.181696104000025 ], [ -92.876045525, 35.181621775999986 ], [ -92.868105578999973, 35.179751494000016 ], [ -92.860392080999986, 35.176839724 ], [ -92.854894722999973, 35.173242336999976 ], [ -92.847565347, 35.169891721999988 ], [ -92.835200050000026, 35.160711135999975 ], [ -92.824159779000013, 35.154709197999978 ], [ -92.811833017000026, 35.149866009999982 ], [ -92.798611511, 35.152326844000015 ], [ -92.784960829, 35.156269861 ], [ -92.77262770599998, 35.159202349 ], [ -92.762555045999989, 35.160404210000024 ], [ -92.753853361999973, 35.159401061999972 ], [ -92.746036176000018, 35.154832297999974 ], [ -92.74045541800001, 35.149131931 ], [ -92.736363408999978, 35.14189417 ], [ -92.73555203, 35.140458860000024 ], [ -92.733335228999977, 35.132014638999976 ], [ -92.729895302999978, 35.123235019999981 ], [ -92.724767093000025, 35.115602285000023 ], [ -92.716971600000022, 35.106543596 ], [ -92.710960624, 35.102474850000021 ], [ -92.704695942, 35.100043997 ], [ -92.687995880000017, 35.09894635 ], [ -92.673996746, 35.098525956 ], [ -92.665585374999978, 35.095280133000017 ], [ -92.657295154999986, 35.089344192 ], [ -92.648326806999989, 35.086379419000025 ], [ -92.640292402, 35.086135437999985 ], [ -92.628429965, 35.08682147899998 ], [ -92.617092327000023, 35.087971181 ], [ -92.613900492000027, 35.090117734999978 ], [ -92.601797314, 35.100070163 ], [ -92.587292991000027, 35.110695486999987 ], [ -92.575663185, 35.118116414999974 ], [ -92.564089982999974, 35.120300994 ], [ -92.556198892999987, 35.117661391000013 ], [ -92.546851566999976, 35.111085392 ], [ -92.542638110999974, 35.103771542 ], [ -92.542100974, 35.091784614 ], [ -92.546991596999987, 35.072636057000011 ], [ -92.551107431, 35.05445103400001 ], [ -92.553977022000026, 35.039578791 ], [ -92.56072416, 35.027371026000026 ], [ -92.563307727999984, 35.018654176999974 ], [ -92.563774906, 35.008495084 ], [ -92.558994801999972, 34.993833963999975 ], [ -92.554209688000014, 34.979322255 ], [ -92.544850216999976, 34.969454747999976 ], [ -92.539277885999979, 34.964193501000011 ], [ -92.531933016999972, 34.961120360999985 ], [ -92.509264363, 34.956216478999977 ], [ -92.489522670999975, 34.950952230999974 ], [ -92.477348615999972, 34.943233399 ], [ -92.471226523999974, 34.934360547999972 ], [ -92.466426951000017, 34.920592839999983 ], [ -92.461339489000011, 34.901430177 ], [ -92.461499318999984, 34.870800584999984 ], [ -92.45918315900002, 34.868921897 ], [ -92.431083871, 34.846114651999983 ], [ -92.405635698000026, 34.845526689 ], [ -92.399038195, 34.845371081 ], [ -92.391692023000019, 34.842677343999981 ], [ -92.386896587000024, 34.83827164600001 ], [ -92.38380168499998, 34.833227459999989 ], [ -92.376976230000025, 34.821304887 ], [ -92.371083280999983, 34.814887791 ], [ -92.365920067, 34.810895932999983 ], [ -92.362902205000012, 34.810413343999983 ], [ -92.320777357999987, 34.810162855999977 ], [ -92.310458770000025, 34.803029164 ], [ -92.300577114000021, 34.79619541400001 ], [ -92.289668526000014, 34.793243336999979 ], [ -92.284669568000027, 34.790489756999989 ], [ -92.267631334999976, 34.774331685999982 ], [ -92.252755227000023, 34.76715356 ], [ -92.253285732999984, 34.749411380000026 ], [ -92.253394356, 34.745777595999982 ], [ -92.254320291, 34.71478857 ], [ -92.254563082, 34.706658822 ], [ -92.255995284, 34.675355637 ], [ -92.261140731000012, 34.507756341 ], [ -92.263467688999981, 34.428565172 ], [ -92.266347887, 34.326867344999982 ], [ -92.270999954, 34.152770927 ], [ -92.272541226999977, 34.0341444 ], [ -92.266506733000028, 34.032742375999987 ], [ -92.260901714999989, 34.029919935 ], [ -92.259257255000023, 34.026874395 ], [ -92.259891896, 34.014042900999982 ], [ -92.256304651, 34.006746002 ], [ -92.247225621999974, 34.001651423999988 ], [ -92.246115412999984, 33.987863602 ], [ -92.238351267999974, 33.978031181 ], [ -92.229351233999978, 33.971443387000022 ], [ -92.228350004, 33.962740768 ], [ -92.22973513300002, 33.949338579000027 ], [ -92.222991461, 33.940736209000022 ], [ -92.208731807999982, 33.939045465 ], [ -92.202797100999987, 33.928676691000021 ], [ -92.195818476999989, 33.92484664 ], [ -92.188870596000015, 33.920419446999972 ], [ -92.188094894000017, 33.905093691 ], [ -92.181870630999981, 33.898815913000021 ], [ -92.166506374999983, 33.890095546 ], [ -92.157367345000011, 33.885834634999981 ], [ -92.15209371200001, 33.88595140000001 ], [ -92.144559558000026, 33.887654334999979 ], [ -92.136608417, 33.890402435 ], [ -92.132711839000024, 33.888446187999989 ], [ -92.126933468, 33.880666100999974 ], [ -92.12499423700001, 33.872416482 ], [ -92.118285237, 33.861573089999979 ], [ -92.112536476, 33.856823247000023 ], [ -92.104165630000011, 33.853645675999985 ], [ -92.099587973999974, 33.854390686999977 ], [ -92.093326407, 33.859619828 ], [ -92.08785930800002, 33.863513792 ], [ -92.082739681000021, 33.862947135000013 ], [ -92.079474706999974, 33.859577855 ], [ -92.078179106999983, 33.853601565000019 ], [ -92.076704318999987, 33.846662465 ], [ -92.073797706999983, 33.840819400999976 ], [ -92.067640085, 33.840214543 ], [ -92.063651462, 33.841983106999976 ], [ -92.056887228999983, 33.844224844 ], [ -92.052251457000011, 33.840805091999982 ], [ -92.048770119999972, 33.832836459000021 ], [ -92.044076271999984, 33.830274998 ], [ -92.034099309999988, 33.829314115999978 ], [ -92.025304377, 33.826303419 ], [ -92.021438172999979, 33.81809274699998 ], [ -92.020820147999984, 33.80940313100001 ], [ -92.025235661000011, 33.800299933000019 ], [ -92.027863864999972, 33.791131455000027 ], [ -92.024635414999977, 33.784438781 ], [ -92.018067579999979, 33.780014621000021 ], [ -92.016688948000024, 33.772194098999989 ], [ -92.015435949999983, 33.761987499999975 ], [ -92.010330324, 33.757018816000027 ], [ -92.010581306, 33.752246593 ], [ -92.007528687, 33.742272921 ], [ -91.999180527000021, 33.737782308000021 ], [ -91.996639325999979, 33.731712085000026 ], [ -91.989038386, 33.726650550999977 ], [ -91.979811724, 33.725293627999974 ], [ -91.973568102, 33.714902268 ], [ -91.972211061, 33.706783660999974 ], [ -91.978363037, 33.698644501999979 ], [ -91.978448645000014, 33.690280744 ], [ -91.970107918999986, 33.685788231 ], [ -91.960016309000025, 33.680632333 ], [ -91.958447509999985, 33.669816689000015 ], [ -91.955071477999979, 33.666105281 ], [ -91.949017723999987, 33.659007030999987 ], [ -91.894093879000025, 33.690113575999987 ], [ -91.83878452, 33.720881831999975 ], [ -91.653793657, 33.826026601000024 ], [ -91.536949854, 33.893045212 ], [ -91.528949022, 33.897389847 ], [ -91.478466127, 33.924778781999976 ], [ -91.363109303999977, 33.987206265999987 ], [ -91.343486814000016, 33.996656729 ], [ -91.330376581999985, 33.996861464 ], [ -91.319125570999972, 34.007862405000026 ], [ -91.305567027999984, 34.018954561999976 ], [ -91.301025445999983, 34.025457882000012 ], [ -91.292153955, 34.035028103 ], [ -91.281883709, 34.033818645999986 ], [ -91.269089451000013, 34.028862065 ], [ -91.265462688000014, 34.017029103000027 ], [ -91.26890217, 34.002837664000026 ], [ -91.269180945000016, 34.001687199 ], [ -91.276081791000024, 33.986866314999986 ], [ -91.272747152000022, 33.977726338000025 ], [ -91.261651256999983, 33.975521947 ], [ -91.250604096000018, 33.97504105500002 ], [ -91.244926828000018, 33.974793481 ], [ -91.233676387, 33.971048311 ], [ -91.223150438, 33.966759533000015 ], [ -91.216868960999989, 33.968015131000016 ], [ -91.21070759600002, 33.970998215 ], [ -91.209356099, 33.97782908 ], [ -91.208787850000022, 33.986799829 ], [ -91.204289132999975, 33.988898776999974 ], [ -91.197090123, 33.986476367000023 ], [ -91.187553427000012, 33.981079256999976 ], [ -91.181101862, 33.98136838 ], [ -91.173634064999987, 33.986780002999978 ], [ -91.169168435000017, 33.991941489999988 ], [ -91.169107892, 33.991947752999977 ], [ -91.162691456, 33.992611259 ], [ -91.160725163999984, 33.991575889999979 ], [ -91.157134034000023, 33.989684782999973 ], [ -91.156587340999977, 33.980281644 ], [ -91.15489540599998, 33.970827697 ], [ -91.147989973999984, 33.967458006000015 ], [ -91.141355536999981, 33.970607625000014 ], [ -91.134106972999973, 33.972581030000015 ], [ -91.123266541000021, 33.973244852999983 ], [ -91.113149002, 33.969116585999984 ], [ -91.104691613999989, 33.964908829000024 ], [ -91.102022893000026, 33.960003759000017 ], [ -91.103457865, 33.952029306999975 ], [ -91.102132330000018, 33.94412225100001 ], [ -91.095107743000028, 33.93557596 ], [ -91.092236485, 33.930278851000025 ], [ -91.091005261000021, 33.924481435000018 ], [ -91.093962696, 33.921360968999977 ], [ -91.101726985000028, 33.918456768999988 ], [ -91.105395129999977, 33.914985230000013 ], [ -91.103742415999989, 33.908594989999983 ], [ -91.090548001, 33.903216068 ], [ -91.078492817999972, 33.901523455000017 ], [ -91.067448002, 33.894899061999979 ], [ -91.064617536000014, 33.889029037 ], [ -91.067149332999975, 33.881870993 ], [ -91.075186340000016, 33.876493311 ], [ -91.083288691, 33.87097454000002 ], [ -91.08257093200001, 33.863478179000026 ], [ -91.075376125999981, 33.857698447000018 ], [ -91.071582262999982, 33.857526688 ], [ -91.062510557, 33.857115444999977 ], [ -91.057245453, 33.853431527999987 ], [ -91.057225829, 33.845823232999976 ], [ -91.066444429, 33.839865324000016 ], [ -91.066564003, 33.83978803399998 ], [ -91.075399574000016, 33.836169435999977 ], [ -91.078816962000019, 33.82857342 ], [ -91.075940237, 33.822558529999981 ], [ -91.067339190999974, 33.822599415000013 ], [ -91.054048589, 33.824179757000024 ], [ -91.045501323, 33.825195194 ], [ -91.019152475, 33.823130643000013 ], [ -91.006050674999983, 33.815783781 ], [ -90.994141918000025, 33.808633756 ], [ -90.998281575000021, 33.803226463999977 ], [ -91.006145979999985, 33.801291406000018 ], [ -91.010766774, 33.801613552 ], [ -91.025938540000027, 33.800968977000025 ], [ -91.035283949000018, 33.801778787999979 ], [ -91.044720883000025, 33.804697034000014 ], [ -91.051195313999983, 33.803843637 ], [ -91.059721922999984, 33.799638483000024 ], [ -91.066223063, 33.791322175 ], [ -91.069463934999987, 33.776734272999988 ], [ -91.068484919000014, 33.760079959999985 ], [ -91.059624408, 33.748387607999973 ], [ -91.046946892, 33.73556392 ], [ -91.027202154, 33.715335598000024 ], [ -91.017227237999975, 33.706841877999977 ], [ -91.014470330999984, 33.700018229000023 ], [ -91.012676946999989, 33.692473426999982 ], [ -91.02109456, 33.68558864 ], [ -91.031269312, 33.680505805999985 ], [ -91.039421619, 33.681835214999978 ], [ -91.048984895999979, 33.686098410999989 ], [ -91.05708509599998, 33.695268984999984 ], [ -91.068043036, 33.706290852 ], [ -91.083255329999986, 33.718843670000012 ], [ -91.091282979000027, 33.72571235700002 ], [ -91.102798914, 33.731780999000023 ], [ -91.112278917000026, 33.733929940999985 ], [ -91.125454656999977, 33.73203435 ], [ -91.132851872, 33.727391083999976 ], [ -91.134805098000015, 33.721929726999974 ], [ -91.137336937999976, 33.714580926999986 ], [ -91.142391572, 33.707153676000019 ], [ -91.145512956, 33.697726617 ], [ -91.144741580000016, 33.688316998 ], [ -91.140077900999984, 33.675366035000025 ], [ -91.131444402, 33.663691147 ], [ -91.125151295000023, 33.654799264000019 ], [ -91.118217123000022, 33.641669218 ], [ -91.118231948000016, 33.630764823 ], [ -91.123559892, 33.622586545 ], [ -91.136390313999982, 33.61149244500001 ], [ -91.150076704000014, 33.604835434 ], [ -91.15784301399998, 33.601356246000023 ], [ -91.163775601999987, 33.59435141199998 ], [ -91.165282166, 33.585044926000023 ], [ -91.16496526200001, 33.575657288 ], [ -91.159557801, 33.567266959999984 ], [ -91.15587595, 33.553329572 ], [ -91.15702737700002, 33.538843152000027 ], [ -91.160799011999984, 33.529829944000028 ], [ -91.161682176, 33.519540190999976 ], [ -91.161475200999973, 33.508436825999979 ], [ -91.164482396999972, 33.49346039400001 ], [ -91.164735722999978, 33.475109848999978 ], [ -91.161576642, 33.470952209000018 ], [ -91.156293966000021, 33.468612206999978 ], [ -91.149885679000022, 33.468899274000023 ], [ -91.138288117, 33.471822218 ], [ -91.12562508000002, 33.473548413 ], [ -91.119274960999974, 33.465802962 ], [ -91.11461678400002, 33.45660336100002 ], [ -91.109062004, 33.447171880999974 ], [ -91.109576695999976, 33.439162044 ], [ -91.117308474000026, 33.432434295 ], [ -91.123422420999987, 33.426015781 ], [ -91.126473600999987, 33.417546652999988 ], [ -91.129146936999973, 33.404279298 ], [ -91.129789937999988, 33.387095917000011 ], [ -91.124514458000021, 33.376913665000018 ], [ -91.115674737, 33.376132531 ], [ -91.105803547999983, 33.37721647 ], [ -91.097363535, 33.380850586 ], [ -91.088025792999986, 33.384252107 ], [ -91.080481093, 33.388116905 ], [ -91.075584185000025, 33.389806710000016 ], [ -91.068658555000013, 33.394655208000017 ], [ -91.061054720000016, 33.402915026000016 ], [ -91.049976549, 33.411971974999972 ], [ -91.043675871, 33.414170091000017 ], [ -91.034782915, 33.414145088999987 ], [ -91.029777118000027, 33.410472617999972 ], [ -91.030287448000024, 33.402654289999987 ], [ -91.036075966999988, 33.394313238 ], [ -91.05177741, 33.377245626999979 ], [ -91.061222461, 33.368688416 ], [ -91.069233044999976, 33.364655105 ], [ -91.079423357, 33.358616749000021 ], [ -91.086762568999973, 33.354360513000017 ], [ -91.092003343999977, 33.347293068999988 ], [ -91.096356534, 33.339841031 ], [ -91.097098576, 33.324767240000028 ], [ -91.093765195, 33.316393162999987 ], [ -91.090997211, 33.30632368800002 ], [ -91.089298094000014, 33.28674171199998 ], [ -91.084225064, 33.277141347999986 ], [ -91.084790366, 33.268371065 ], [ -91.092666506, 33.259168304000013 ], [ -91.097161658, 33.249429406 ], [ -91.098158203000025, 33.241004125000018 ], [ -91.092780549, 33.236171049 ], [ -91.083350575, 33.234212641 ], [ -91.072473794000018, 33.233525854 ], [ -91.066772841999978, 33.230206346999978 ], [ -91.061158766, 33.225552063 ], [ -91.056588487999989, 33.218842015 ], [ -91.05382455900002, 33.205331283000021 ], [ -91.051593491, 33.194139509000024 ], [ -91.052660434000018, 33.181187094999984 ], [ -91.057020341999987, 33.173547924 ], [ -91.063830755000026, 33.163152982999975 ], [ -91.069866118999983, 33.157693250000023 ], [ -91.072415330000013, 33.153412435 ], [ -91.082160862000023, 33.146783237000022 ], [ -91.088971427999979, 33.139828602000023 ], [ -91.095339879, 33.132662399000026 ], [ -91.10450133, 33.124437461000014 ], [ -91.111429847000011, 33.115575514 ], [ -91.113276595, 33.108012544000019 ], [ -91.113014922, 33.090796094999973 ], [ -91.11065660600002, 33.081513605999987 ], [ -91.105477964999977, 33.070191651000016 ], [ -91.107171714, 33.055660626000019 ], [ -91.115269656, 33.044804535000026 ], [ -91.137178323, 33.04953612700001 ], [ -91.155526625999983, 33.040386275 ], [ -91.168123031999983, 33.028482017999977 ], [ -91.173143706000019, 33.011473292 ], [ -91.169925227000022, 32.99508334 ], [ -91.165060308000022, 32.9851099 ], [ -91.152473566000026, 32.969015727999988 ], [ -91.150741064999977, 32.960576390000028 ], [ -91.156162901000016, 32.951025841999979 ], [ -91.175389263999989, 32.929195118 ], [ -91.178531415, 32.919780845999981 ], [ -91.176679794999984, 32.908709769999973 ], [ -91.167755141999976, 32.89756034200002 ], [ -91.157417797, 32.890885127 ], [ -91.143125578000024, 32.888568920000012 ], [ -91.131964423999989, 32.89045325 ], [ -91.118617004999976, 32.904419884 ], [ -91.111088844999983, 32.920322055999975 ], [ -91.106389116, 32.931813949 ], [ -91.101167729, 32.93372648899998 ], [ -91.094350382000016, 32.929593806000014 ], [ -91.087778276999984, 32.921649663999972 ], [ -91.077507648, 32.905175123 ], [ -91.076738981, 32.895106967 ], [ -91.081112745999974, 32.884318679999978 ], [ -91.089383769999984, 32.861287383 ], [ -91.10279691, 32.841834791 ], [ -91.115951542, 32.821892035000019 ], [ -91.134472142999982, 32.801952819 ], [ -91.143318079999972, 32.787306569 ], [ -91.141151504999982, 32.759027743 ], [ -91.137915304999979, 32.747657104999973 ], [ -91.127721698000016, 32.739075706999984 ], [ -91.108729752999977, 32.735585679999986 ], [ -91.082338545000027, 32.732947794999973 ], [ -91.069014918999983, 32.729232377000017 ], [ -91.064235223000026, 32.724475381 ], [ -91.063864952000017, 32.71705522100001 ], [ -91.069393778, 32.71014498400001 ], [ -91.077836123, 32.706233816 ], [ -91.088126992000014, 32.704317033 ], [ -91.097130955000011, 32.700430153000013 ], [ -91.105053183999985, 32.695776889 ], [ -91.1139101, 32.689732914 ], [ -91.130503369, 32.681890454999973 ], [ -91.134942857999988, 32.674211878999984 ], [ -91.134420289, 32.664636987999984 ], [ -91.1311296, 32.640849162 ], [ -91.126075814999979, 32.63154655400001 ], [ -91.114673956, 32.620044801 ], [ -91.102554218000023, 32.615433204999988 ], [ -91.080833821, 32.615394404000028 ], [ -91.064048284000023, 32.613190724 ], [ -91.054888657999982, 32.610858697000026 ], [ -91.048941007999986, 32.602466268 ], [ -91.048444967000023, 32.592654093000021 ], [ -91.053889643, 32.586936379 ], [ -91.060314682000012, 32.579114864000019 ], [ -91.062433246000012, 32.563693694 ], [ -91.058731259000012, 32.551108407000015 ], [ -91.049788523000018, 32.541146143 ], [ -91.01998382, 32.51827893799998 ], [ -91.009552826, 32.509676683 ], [ -91.009954261000019, 32.503488388999983 ], [ -91.014648713999975, 32.500603486999978 ], [ -91.026448845, 32.505449053 ], [ -91.035303210999984, 32.512305389 ], [ -91.047392428000023, 32.521459148000019 ], [ -91.063821416999986, 32.528901680999979 ], [ -91.077702570999975, 32.532166212 ], [ -91.092443095000021, 32.535229535999974 ], [ -91.102520700000014, 32.531870868999988 ], [ -91.10600542200001, 32.525823182000011 ], [ -91.106193964, 32.518431373 ], [ -91.100574252, 32.509341909 ], [ -91.063814033000028, 32.467550515000028 ], [ -91.177731602, 32.488605867999979 ], [ -91.836026624999988, 32.604031091000024 ], [ -92.265161316, 32.674790615 ], [ -92.859520278, 32.773269828000025 ], [ -93.441805558, 32.864332796999975 ], [ -93.796953652000013, 32.918423421999989 ], [ -93.797651452000025, 32.933517876 ], [ -93.803475328, 32.943563155 ], [ -93.814717733, 32.946273357999985 ], [ -93.826391838, 32.949754669000015 ], [ -93.826709086, 32.954533446000028 ], [ -93.817515927999978, 32.959310983000023 ], [ -93.809049712999979, 32.962384481000015 ], [ -93.798556846999986, 32.96503416500002 ], [ -93.793914938, 32.96894818200002 ], [ -93.794445600000017, 32.974113417000012 ], [ -93.798956196, 32.974778327000024 ], [ -93.809815777999972, 32.975190429 ], [ -93.813974949, 32.980238354999983 ], [ -93.815158983, 32.986371331999976 ], [ -93.808904525, 32.991207987 ], [ -93.800036437000017, 32.992363754999985 ], [ -93.788837867999973, 32.99576195100002 ], [ -93.780520991, 33.001318420000018 ], [ -93.769435504, 33.008535322 ], [ -93.768938606, 33.015412955999977 ], [ -93.77197789600001, 33.023051872999986 ], [ -93.784225455000012, 33.034364174000018 ], [ -93.795647054000028, 33.042920335000019 ], [ -93.800518324, 33.05089545300001 ], [ -93.805047845999979, 33.055999550000024 ], [ -93.814768683000011, 33.057986823000022 ], [ -93.822528506000026, 33.054205828000022 ], [ -93.828850615000022, 33.056123177000018 ], [ -93.832222831000024, 33.060750338 ], [ -93.833351936999975, 33.062299489999987 ], [ -93.835172734000025, 33.073075867 ], [ -93.834909438000011, 33.082378588999973 ], [ -93.841726849999986, 33.086930515 ], [ -93.845826105000015, 33.092382498 ], [ -93.846012375999976, 33.098353035 ], [ -93.840159045, 33.104799652 ], [ -93.835250694000024, 33.107837581000013 ], [ -93.832221118, 33.109712453999975 ], [ -93.827732266, 33.117976058000011 ], [ -93.831098070999985, 33.12430916400001 ], [ -93.834776609000016, 33.132140284 ], [ -93.833640996999975, 33.132955020999987 ], [ -93.827898792999974, 33.137074295 ], [ -93.819063531999973, 33.136001137999983 ], [ -93.809647843999983, 33.130440062 ], [ -93.801154871999984, 33.126452076000021 ], [ -93.790232525000022, 33.125019243 ], [ -93.782486769, 33.125616611 ], [ -93.781492147999984, 33.128923312999973 ], [ -93.783376080999972, 33.132137915999976 ], [ -93.790066992, 33.136963330000015 ], [ -93.795479302999979, 33.142518436999978 ], [ -93.79716706, 33.146333793999986 ], [ -93.791505431000019, 33.149394165999979 ], [ -93.787201824000022, 33.149003606 ], [ -93.779037553000023, 33.145357553 ], [ -93.768074488000025, 33.139082054000028 ], [ -93.754658023, 33.136837861 ], [ -93.742769884999973, 33.137648689 ], [ -93.734977691999973, 33.139754106 ], [ -93.728595408, 33.142796073 ], [ -93.720874412, 33.142482169 ], [ -93.712605451, 33.142458589 ], [ -93.710902491000013, 33.145296068999983 ], [ -93.712060630999986, 33.148647908999976 ], [ -93.716407059, 33.159629349 ], [ -93.719757561, 33.167867335999972 ], [ -93.718098608, 33.175243383 ], [ -93.711579584, 33.182728419999989 ], [ -93.7035113, 33.187850995000019 ], [ -93.697774513000013, 33.193173982000019 ], [ -93.696725211, 33.198142973000017 ], [ -93.697264175999976, 33.210103608 ], [ -93.696797170000025, 33.219622884999978 ], [ -93.690540825000028, 33.224178441999982 ], [ -93.68244381, 33.230055592999975 ], [ -93.676891462000015, 33.235079348 ], [ -93.677265544000022, 33.240532884 ], [ -93.678036831999975, 33.241916428000025 ], [ -93.678972537999982, 33.243594836 ], [ -93.682082193999975, 33.247896979000018 ], [ -93.690115569999989, 33.25608602 ], [ -93.692659129, 33.261283436999975 ], [ -93.690146066000011, 33.266978027999983 ], [ -93.681974712, 33.269223529999977 ], [ -93.671611035000012, 33.272480164 ], [ -93.667139372, 33.277375813999981 ], [ -93.666622260999986, 33.282507979 ], [ -93.668588144000012, 33.288903934000018 ], [ -93.669001445999982, 33.289547991 ], [ -93.67116732300002, 33.29292293200001 ], [ -93.67638819299998, 33.298935013 ], [ -93.680340394999973, 33.305222247000017 ], [ -93.681665888, 33.30903265 ], [ -93.679611737000016, 33.31140910900001 ], [ -93.67068274899998, 33.314696744 ], [ -93.666785779, 33.318394855 ], [ -93.666896216999987, 33.326566569000022 ], [ -93.673014636, 33.334407536000015 ], [ -93.673139734000017, 33.334567834999973 ], [ -93.679573893, 33.342270321 ], [ -93.680794228000025, 33.349558334 ], [ -93.676402037, 33.357633846999988 ], [ -93.669851309000023, 33.365511576000017 ], [ -93.667148280999982, 33.371353856999974 ], [ -93.667471440999975, 33.37847173 ], [ -93.672073937, 33.381294111999978 ], [ -93.677900949, 33.379452354000023 ], [ -93.682063468000024, 33.373035817000016 ], [ -93.687620934999984, 33.368161929999985 ], [ -93.693229780000024, 33.367525098999977 ], [ -93.697255435999978, 33.371544418999974 ], [ -93.698028599999986, 33.375797100999989 ], [ -93.696586200000013, 33.381757736 ], [ -93.69448939199998, 33.385495537 ], [ -93.690567051000016, 33.389950904999978 ], [ -93.689302221999981, 33.395975895 ], [ -93.689240144999985, 33.398023178000017 ], [ -93.689150923, 33.40096558099998 ], [ -93.686309155, 33.405443967 ], [ -93.682672313000012, 33.412326168 ], [ -93.680167333999975, 33.417568216 ], [ -93.682350363000012, 33.422910635999983 ], [ -93.684542890999978, 33.427950636999981 ], [ -93.690281481999989, 33.429132266000011 ], [ -93.701485198, 33.428613971 ], [ -93.712184084, 33.426873415999978 ], [ -93.717756278000024, 33.42759615 ], [ -93.719293275999974, 33.430503328999976 ], [ -93.716618931000028, 33.435440140000026 ], [ -93.704524303000028, 33.441539584999987 ], [ -93.692247356, 33.447633893999978 ], [ -93.687789692000024, 33.451775621000024 ], [ -93.688410282, 33.455117743000017 ], [ -93.693623514000024, 33.455834052 ], [ -93.70392002, 33.455598720000012 ], [ -93.711154212999986, 33.455146475999982 ], [ -93.716732997, 33.455718075999982 ], [ -93.719158977, 33.459098028000028 ], [ -93.719925197, 33.46365355 ], [ -93.716596024000012, 33.466307130000018 ], [ -93.712067205999972, 33.46681689899998 ], [ -93.703893295, 33.468459859 ], [ -93.698434684, 33.469857264999973 ], [ -93.695086179999976, 33.473115088999975 ], [ -93.692475558000012, 33.478115990999981 ], [ -93.692285663, 33.484381083000017 ], [ -93.695665425000016, 33.490423618000023 ], [ -93.700763110000025, 33.498592286000019 ], [ -93.700253771, 33.503656636000017 ], [ -93.699663209, 33.511406181999973 ], [ -93.701913113999979, 33.519514577999985 ], [ -93.70795109300002, 33.521911284999987 ], [ -93.718744476999973, 33.521422303 ], [ -93.728336581, 33.521050401000025 ], [ -93.734427965, 33.523327320000021 ], [ -93.738057712999989, 33.527845432 ], [ -93.742406954999979, 33.53696414 ], [ -93.749561638999978, 33.543848105999984 ], [ -93.755834973, 33.54584101 ], [ -93.761825538999972, 33.545821440999987 ], [ -93.766189817, 33.542901974000017 ], [ -93.772061163999979, 33.538179023999987 ], [ -93.781104685, 33.533205464 ], [ -93.788992022, 33.532649987000013 ], [ -93.79266284800002, 33.535877375999974 ], [ -93.789255387000026, 33.541253501000028 ], [ -93.784120345000019, 33.547167522999985 ], [ -93.78346117000001, 33.552169746 ], [ -93.792351833999987, 33.552494293 ], [ -93.801776437, 33.552112400999988 ], [ -93.806850274999988, 33.554221340000026 ], [ -93.808290775999978, 33.557689778999986 ], [ -93.806680966999977, 33.560093463999976 ], [ -93.804382608000026, 33.562626513 ], [ -93.804569265, 33.573951654999973 ], [ -93.803482099, 33.581955044999972 ], [ -93.799283994, 33.585022875 ], [ -93.795745180999972, 33.588963830000012 ], [ -93.793942390999973, 33.592080106000026 ], [ -93.796063478, 33.595706038 ], [ -93.803177401000028, 33.598429878 ], [ -93.806274948, 33.599862975 ], [ -93.810951751, 33.602026459 ], [ -93.816827451999984, 33.606157594000024 ], [ -93.820575642, 33.612825445 ], [ -93.825392709000027, 33.618081443999984 ], [ -93.830826285, 33.61976661 ], [ -93.844718560999979, 33.619183301000021 ], [ -93.850743228999988, 33.618156162999981 ], [ -93.861372159999974, 33.611773464 ], [ -93.869949190999989, 33.605206271999975 ], [ -93.872346860999983, 33.599090825000019 ], [ -93.87550785000002, 33.596286486 ], [ -93.88186860899998, 33.595407587000011 ], [ -93.886867951999989, 33.59421520799998 ], [ -93.891098350999982, 33.58925295 ], [ -93.892924873000027, 33.585132453000028 ], [ -93.896028316000013, 33.578170565 ], [ -93.901455483, 33.573833123999975 ], [ -93.90898818, 33.573835192999979 ], [ -93.913667041999986, 33.571775648000028 ], [ -93.918579464, 33.567427523 ], [ -93.924817019999978, 33.564680894999981 ], [ -93.930801222000014, 33.564938454000014 ], [ -93.938282569000023, 33.566800467 ], [ -93.946091007, 33.569241364999982 ], [ -93.948388707, 33.566562063999982 ], [ -93.954229008000027, 33.565812489999985 ], [ -93.965353854999989, 33.565878312999985 ], [ -93.971285621999982, 33.561690310000017 ], [ -93.974046429, 33.554433577999987 ], [ -93.977760685000021, 33.549917298000025 ], [ -93.982740342, 33.549293493 ], [ -93.988172481, 33.550970619 ], [ -93.994080288000021, 33.554089248000025 ], [ -93.999616296999989, 33.558347104 ], [ -94.004432765, 33.557432682000012 ], [ -94.010811252, 33.555686905000016 ], [ -94.015418980999982, 33.556201161 ], [ -94.02070824499998, 33.559582364999983 ], [ -94.030538385999989, 33.556886066 ], [ -94.037312400000019, 33.553528383000014 ], [ -94.046375878, 33.552481358000023 ], [ -94.051502253000024, 33.567285068999979 ], [ -94.055213471, 33.570992964000027 ], [ -94.060335322000014, 33.572379744999978 ], [ -94.060613624999974, 33.572455089000016 ], [ -94.064892225, 33.575262464 ], [ -94.067494257000021, 33.579860528999973 ], [ -94.067930795, 33.581913521 ], [ -94.068465826000022, 33.584429558000011 ], [ -94.068870776999972, 33.589898887 ], [ -94.069842557000015, 33.594467970999972 ], [ -94.075279207999984, 33.594564486000024 ], [ -94.079720461000022, 33.591001689999985 ], [ -94.082541920999972, 33.586954967999986 ], [ -94.083743794999975, 33.582424450000019 ], [ -94.086032621000015, 33.577913122999973 ], [ -94.089940298999977, 33.57388544600002 ], [ -94.094888965999985, 33.571696590999977 ], [ -94.100346748, 33.570881918999987 ], [ -94.105804413999977, 33.570066974999975 ], [ -94.111239367999985, 33.570161687 ], [ -94.117172782000011, 33.572085419000018 ], [ -94.123106498000027, 33.574008832 ], [ -94.128508168999986, 33.575467587 ], [ -94.133988186000011, 33.573741282000015 ], [ -94.139989216, 33.572933958000021 ], [ -94.145424414999979, 33.573026958000014 ], [ -94.145531801, 33.573065059999976 ], [ -94.150815383, 33.574939571000016 ], [ -94.15123726500002, 33.57995354000002 ], [ -94.151926280999987, 33.582028321999985 ], [ -94.152757469999983, 33.584531070000025 ], [ -94.153190581999979, 33.589090119 ], [ -94.15580946, 33.593231173 ], [ -94.160614415, 33.596954064999977 ], [ -94.16657311, 33.597965194999972 ], [ -94.17255383600002, 33.598066018999987 ], [ -94.178001774, 33.597702403000028 ], [ -94.183438790000025, 33.597793503 ], [ -94.189462858000013, 33.596073438000019 ], [ -94.193877234000013, 33.593415944000014 ], [ -94.195072575999973, 33.588884155000017 ], [ -94.193006131, 33.584298142000023 ], [ -94.190385537, 33.580158040000015 ], [ -94.186167166000018, 33.577297030000011 ], [ -94.185569331000011, 33.576891532 ], [ -94.185145203, 33.571877719999975 ], [ -94.185796955, 33.567339082999979 ], [ -94.185797243000025, 33.567337087 ], [ -94.191286192, 33.565152941 ], [ -94.196753254999976, 33.563878462 ], [ -94.20219863, 33.56351365 ], [ -94.207665393000013, 33.56223862600001 ], [ -94.213089222, 33.562783207 ], [ -94.218491819, 33.564237459000026 ], [ -94.222765144999983, 33.567493547000026 ], [ -94.228168262, 33.568947329000025 ], [ -94.234104533, 33.570864664999988 ], [ -94.239508105000027, 33.572317888999976 ], [ -94.245486907999975, 33.572414692999985 ], [ -94.250932659, 33.572047431999977 ], [ -94.256399218000013, 33.570769935999976 ], [ -94.261342883, 33.568573506 ], [ -94.265753147999988, 33.565913197999976 ], [ -94.270163105999984, 33.56325271999998 ], [ -94.275597767000022, 33.563339202 ], [ -94.28102216100001, 33.563880387999973 ], [ -94.286405632000026, 33.566241220999984 ], [ -94.290681979, 33.56949464500002 ], [ -94.296096724999984, 33.570490065 ], [ -94.301511614, 33.571485216999974 ], [ -94.306916516, 33.572935087000019 ], [ -94.312311528, 33.574839677999989 ], [ -94.31830068, 33.574477484999989 ], [ -94.32375625200001, 33.573651580999979 ], [ -94.32924169, 33.571460442999978 ], [ -94.333649746999981, 33.568797363999977 ], [ -94.338591052000027, 33.566597424 ], [ -94.342998501000011, 33.563933985 ], [ -94.347939219000011, 33.561733635 ], [ -94.352879653, 33.559533064999982 ], [ -94.357819799000026, 33.557332278999979 ], [ -94.363234557, 33.558324331999984 ], [ -94.368620184, 33.560681067000019 ], [ -94.372909463999974, 33.563476239000011 ], [ -94.378286055999979, 33.566287499 ], [ -94.382566331000021, 33.569537302000015 ], [ -94.386856621999982, 33.572331958 ], [ -94.39225359, 33.574232574 ], [ -94.395438148999972, 33.577920797 ], [ -94.398623015, 33.581608946000017 ], [ -94.403038783999989, 33.578488014000015 ], [ -94.409056341, 33.576755821 ], [ -94.415035697, 33.57684328800002 ], [ -94.41898328000002, 33.577201811 ], [ -94.421005622, 33.577385424999989 ], [ -94.420999323, 33.577688810999973 ], [ -94.420901707999974, 33.582390432000011 ], [ -94.424087997000015, 33.586077859 ], [ -94.428915010000026, 33.589333817000011 ], [ -94.434351709, 33.589412353 ], [ -94.43716357, 33.584901448999972 ], [ -94.436713462, 33.580343583 ], [ -94.436806981000018, 33.575793573999988 ], [ -94.440695948999974, 33.571753315000024 ], [ -94.446177877000025, 33.569556275000025 ], [ -94.451014053999984, 33.572356174999982 ], [ -94.453095721000011, 33.576937179000026 ], [ -94.455730492999976, 33.581070904 ], [ -94.459462054000028, 33.584765015000016 ], [ -94.463193978, 33.588459019000027 ], [ -94.464155100000028, 33.589083833000018 ], [ -94.467488296999989, 33.591250565 ], [ -94.470124347000024, 33.595384025999977 ], [ -94.471120295999981, 33.599949509999988 ], [ -94.470485019000023, 33.604492049999976 ], [ -94.465535889000023, 33.607153137000012 ], [ -94.461130232000016, 33.60982171500001 ], [ -94.45779348100001, 33.613415627999984 ], [ -94.454456414, 33.617009455000016 ], [ -94.454784271999984, 33.620320154000012 ], [ -94.454907803000026, 33.621567490000018 ], [ -94.458097382, 33.625254126000016 ], [ -94.457461115, 33.629796756000019 ], [ -94.458456754999986, 33.634362582 ], [ -94.46275349299998, 33.6371545 ], [ -94.468211988, 33.636321263000013 ], [ -94.472428775000026, 33.637444459 ], [ -94.47362467, 33.637762964999979 ], [ -94.477359885999988, 33.641456764999987 ], [ -94.476733755, 33.645544563999977 ], [ -94.473190733000024, 33.65314298200002 ], [ -94.477933227, 33.665323612 ], [ -94.483766128000013, 33.670755289 ], [ -94.491869501, 33.676982525000028 ], [ -94.500285674, 33.679009767000025 ], [ -94.505788215, 33.678130165000027 ], [ -94.509522715, 33.674168814999973 ], [ -94.511230601000022, 33.668651016000013 ], [ -94.513237699, 33.659506938 ], [ -94.517674786999976, 33.654599685999983 ], [ -94.525478035, 33.652795153 ], [ -94.532735581999987, 33.655568392000021 ], [ -94.53997530800001, 33.659296270000027 ], [ -94.546861149, 33.657668930999989 ], [ -94.553717608, 33.657569336999984 ], [ -94.558481968000024, 33.659352287 ], [ -94.559540844000026, 33.663760981 ], [ -94.553934535999986, 33.670183018999978 ], [ -94.560012587000017, 33.67504059700002 ], [ -94.566156314000011, 33.676459353999974 ], [ -94.575367353, 33.672758984999973 ], [ -94.580379500999982, 33.673588869000014 ], [ -94.584874309999975, 33.67766006 ], [ -94.590604255000017, 33.676779141 ], [ -94.598137265999981, 33.677258715999983 ], [ -94.602661355, 33.679800951 ], [ -94.600741903000028, 33.684744235999972 ], [ -94.595569866, 33.692511728999989 ], [ -94.596402808, 33.696917317999976 ], [ -94.599285848000022, 33.701731525000014 ], [ -94.606322192999983, 33.704497097 ], [ -94.614554224000017, 33.70441123 ], [ -94.620369131000018, 33.698943832999987 ], [ -94.620726047, 33.691878438 ], [ -94.626536096999985, 33.686601841000027 ], [ -94.637955133999981, 33.687127681 ], [ -94.644742554, 33.691034050999974 ], [ -94.653860123000015, 33.692484880999984 ], [ -94.662951137, 33.695463239 ], [ -94.661457993, 33.702361913 ], [ -94.652438851999989, 33.708173996000028 ], [ -94.64455110199998, 33.714572756 ], [ -94.643759523000028, 33.720486498000014 ], [ -94.647950228000013, 33.729137561000016 ], [ -94.662277549, 33.733709753000028 ], [ -94.670082133999983, 33.732085681 ], [ -94.676823035999973, 33.725862053000014 ], [ -94.685441396999977, 33.716794540000024 ], [ -94.695628252, 33.709465035999983 ], [ -94.704876070000012, 33.703461044 ], [ -94.71795623700001, 33.700558829999977 ], [ -94.726133237, 33.703712192000012 ], [ -94.735866471, 33.709558158 ], [ -94.742270172000019, 33.70944134299998 ], [ -94.750909478999972, 33.712407126000016 ], [ -94.758791813000016, 33.719758449999972 ], [ -94.763239788000021, 33.727452422999988 ], [ -94.770200924999983, 33.735365820000027 ], [ -94.779273981000017, 33.740054091 ], [ -94.784920746000012, 33.744512315 ], [ -94.784371567, 33.750238823000018 ], [ -94.780854928999986, 33.755549979000023 ], [ -94.782086291999974, 33.764353984000024 ], [ -94.790940863, 33.768656792 ], [ -94.798758377000013, 33.766259171 ], [ -94.802786, 33.757513355000015 ], [ -94.810186461, 33.752435128 ], [ -94.817701559999989, 33.754619043 ], [ -94.818993669, 33.759792503000028 ], [ -94.820179028999974, 33.771844166 ], [ -94.834515958999987, 33.776967121999974 ], [ -94.846902942999975, 33.774997054999972 ], [ -94.858314948999976, 33.761740968000026 ], [ -94.868428460000018, 33.758598109 ], [ -94.879134227, 33.761766361000014 ], [ -94.887756829000011, 33.766632099 ], [ -94.895269319000022, 33.784957997 ], [ -94.912658712999985, 33.801185278 ], [ -94.925951193, 33.816223111999989 ], [ -94.928789500999983, 33.825997378000011 ], [ -94.919514548999985, 33.834123313000021 ], [ -94.91731194099998, 33.844039101000021 ], [ -94.925916570000027, 33.851004301999978 ], [ -94.935956052, 33.853778418 ], [ -94.952359924, 33.843617463999976 ], [ -94.984809219, 33.866189287 ], [ -94.989767283, 33.872351067000011 ], [ -94.989449025, 33.879037203999985 ], [ -94.999245239, 33.883332226 ], [ -95.007052946999977, 33.882065834 ], [ -95.026537943, 33.8814772 ], [ -95.041230526999982, 33.879314083 ], [ -95.053371084, 33.879611362999981 ], [ -95.063385946999972, 33.885049192999986 ], [ -95.068143631999988, 33.889485703 ], [ -95.07012854300001, 33.895809601 ], [ -95.067719366, 33.905345093999983 ], [ -95.063520704999974, 33.91123392999998 ], [ -95.065283646000012, 33.916982817000019 ], [ -95.071189646999983, 33.921429209999985 ], [ -95.080143938999981, 33.920358382000018 ], [ -95.090968539000016, 33.916244428000027 ], [ -95.100146619999975, 33.915556087000027 ], [ -95.110147143, 33.922900960999982 ], [ -95.119196977, 33.933295354 ], [ -95.13144866, 33.944670331999987 ], [ -95.144621411, 33.956051307999985 ], [ -95.156519775, 33.958628737000026 ], [ -95.170030772000018, 33.960643751000021 ], [ -95.176630294, 33.965472164 ], [ -95.182757434, 33.971634627000014 ], [ -95.189819590000013, 33.976274627 ], [ -95.200346167000021, 33.978837113 ], [ -95.21529791, 33.975122931999977 ], [ -95.222009609999986, 33.969436901 ], [ -95.222325375000025, 33.961029204999988 ], [ -95.216213675, 33.953148989 ], [ -95.216029843, 33.948751640000012 ], [ -95.220183298999984, 33.946296725000025 ], [ -95.235545750000028, 33.946596643000021 ], [ -95.246354231999987, 33.943613813000013 ], [ -95.255128215000013, 33.937558001000014 ], [ -95.268079451, 33.926178167999979 ], [ -95.273906180999973, 33.916278739 ], [ -95.280733452, 33.897403213000018 ], [ -95.286080031999973, 33.889411517999974 ], [ -95.293423464, 33.888312699999972 ], [ -95.299354731, 33.891217716000028 ], [ -95.305223377, 33.901002205999987 ], [ -95.318909126999984, 33.908351079999989 ], [ -95.329922851999982, 33.907081521 ], [ -95.353006314000027, 33.888109440999983 ], [ -95.365639714, 33.884552586999973 ], [ -95.372746060999987, 33.884211505 ], [ -95.38439619899998, 33.888673531999984 ], [ -95.393503994000014, 33.895986924999988 ], [ -95.405594544, 33.903124812999977 ], [ -95.419788343999983, 33.905303584000023 ], [ -95.428744382, 33.903057502000024 ], [ -95.446407534, 33.901046387 ], [ -95.468397358, 33.902875908999988 ], [ -95.486230289, 33.909459382000023 ], [ -95.496966467999982, 33.915051870000013 ], [ -95.50819126, 33.916249804000017 ], [ -95.522140727000021, 33.921663181999975 ], [ -95.528045255999984, 33.930671580000023 ], [ -95.530958401000021, 33.941578177999986 ], [ -95.537785214999985, 33.950207987999988 ], [ -95.551290009000013, 33.954660323999974 ], [ -95.565645088, 33.960319616999982 ], [ -95.617206376000013, 33.938450981000017 ], [ -95.630698811, 33.934197265000023 ], [ -95.655090132999987, 33.927826833999973 ], [ -95.662865199, 33.919489709 ], [ -95.668341133000013, 33.912339628999973 ], [ -95.678660220999973, 33.911414963000027 ], [ -95.68809589, 33.916220275 ], [ -95.694659434000016, 33.922927972000025 ], [ -95.704118081, 33.92247626 ], [ -95.71473727, 33.918204421999974 ], [ -95.729070824000019, 33.916568719999987 ], [ -95.747978849999981, 33.917808556000011 ], [ -95.759729682999989, 33.917118405 ], [ -95.761764062, 33.908044894 ], [ -95.758644377, 33.898004608 ], [ -95.748647060999986, 33.889143151999974 ], [ -95.746385905000011, 33.880060277999974 ], [ -95.757854415999986, 33.876264244000026 ], [ -95.769600170999979, 33.875095306 ], [ -95.782196479999982, 33.876793390999978 ], [ -95.796523949, 33.873954511000022 ], [ -95.814864834, 33.868970734000015 ], [ -95.836343844, 33.868288480999979 ], [ -95.860389157999975, 33.87333843 ], [ -95.881569548000016, 33.881007737 ], [ -95.895875378000028, 33.891772168999978 ], [ -95.904167701, 33.903485317 ], [ -95.915620129999979, 33.910183748 ], [ -95.927654295000025, 33.909953508 ], [ -95.940545325000016, 33.913066910999987 ], [ -95.945985539999981, 33.918564313 ], [ -95.956312369999978, 33.899696459999973 ], [ -95.965194541000017, 33.897071883000024 ], [ -95.978086854000026, 33.893491923 ], [ -95.986681347, 33.889432243999977 ], [ -95.996993348, 33.888955244999977 ], [ -96.003581382, 33.886088606999976 ], [ -96.00587213, 33.877010945999984 ], [ -96.015036028999987, 33.872949088999974 ], [ -96.025633281000012, 33.876291445 ], [ -96.040242051, 33.881303557000024 ], [ -96.047688494999989, 33.88082278600001 ], [ -96.056563144999984, 33.875324251999984 ], [ -96.070598062999977, 33.877227114999982 ], [ -96.08349122300001, 33.881995650000022 ], [ -96.093514593, 33.881031975999974 ], [ -96.103528572000016, 33.873378699 ], [ -96.119278511, 33.872645952000028 ], [ -96.137040131, 33.875969393 ], [ -96.14620055, 33.873807554999985 ], [ -96.156489185999988, 33.863521451999986 ], [ -96.168225113, 33.861592941000026 ], [ -96.186836504999974, 33.861323731000027 ], [ -96.19312131800001, 33.855579741999975 ], [ -96.193093028000021, 33.844472180000025 ], [ -96.195347524, 33.830613739 ], [ -96.205586084, 33.806469715999981 ], [ -96.226120505999972, 33.783976583000026 ], [ -96.252368311, 33.763377909999974 ], [ -96.267229346000022, 33.760715134 ], [ -96.276665924999975, 33.760691547000022 ], [ -96.278972892000013, 33.765940252 ], [ -96.278430728999979, 33.774062454999978 ], [ -96.274760195999988, 33.787208589999977 ], [ -96.281075563, 33.793163818999972 ], [ -96.300242852999986, 33.793112634000011 ], [ -96.315679172999978, 33.790202699000019 ], [ -96.323371441, 33.782775661000016 ], [ -96.326188714000011, 33.772735533 ], [ -96.324435945, 33.764142267000011 ], [ -96.312666921000016, 33.753428741999983 ], [ -96.310907325000016, 33.742685965000021 ], [ -96.314294483000026, 33.732167408 ], [ -96.324269615, 33.725211939000019 ], [ -96.336270991, 33.724458992999985 ], [ -96.347132136000027, 33.724424868000028 ], [ -96.356268269999987, 33.72224583000002 ], [ -96.36942022400001, 33.723157277999974 ], [ -96.380604091, 33.73052256699998 ], [ -96.394100638999987, 33.742416368000022 ], [ -96.401612655, 33.757316515000014 ], [ -96.42606522, 33.783496905 ], [ -96.451949705, 33.807039402999976 ], [ -96.471778764000021, 33.820809396000016 ], [ -96.485253709, 33.824572048 ], [ -96.493242308999982, 33.820714275 ], [ -96.501487834999978, 33.812555181 ], [ -96.510065886, 33.811559873000022 ], [ -96.518485057000021, 33.815262313 ], [ -96.532445919999986, 33.847283238999978 ], [ -96.538523957999985, 33.856569584 ], [ -96.550304466, 33.862243831 ], [ -96.562629312000013, 33.863853041000027 ], [ -96.619063784, 33.866652423 ], [ -96.637694673, 33.868694914 ], [ -96.645475165, 33.874382352 ], [ -96.647800909000011, 33.878429637000011 ], [ -96.642976772, 33.883713772000021 ], [ -96.630123825, 33.888088886999981 ], [ -96.613839747999975, 33.893437457 ], [ -96.600989154, 33.898525844 ], [ -96.598770993000016, 33.907854975000021 ], [ -96.602267945, 33.915241550000019 ], [ -96.637918907000028, 33.929372866 ], [ -96.661519214, 33.940699739000024 ], [ -96.677621783, 33.946334689000025 ], [ -96.691963057, 33.947200265999982 ], [ -96.704529155999978, 33.94210267 ], [ -96.714473465000026, 33.932720519999975 ], [ -96.723775994999983, 33.916413638 ], [ -96.726199118000011, 33.900152354999989 ], [ -96.732369971000026, 33.886494057999982 ], [ -96.740603883, 33.879032766000023 ], [ -96.755718496999975, 33.872478957 ], [ -96.777653762, 33.861096891999978 ], [ -96.794783232999976, 33.856195558000024 ], [ -96.804575979999981, 33.861618018 ], [ -96.808671199, 33.869709866 ], [ -96.8108239, 33.883549546999973 ], [ -96.818714377999981, 33.898063191 ], [ -96.835447832, 33.90868670499998 ], [ -96.848959035, 33.912643648000028 ], [ -96.864433771999984, 33.912760919999982 ], [ -96.866068235, 33.905341953 ], [ -96.862788986999988, 33.89413966799998 ], [ -96.866761016999988, 33.89076358 ], [ -96.881394232, 33.892796276000013 ], [ -96.889470709000022, 33.89750863 ], [ -96.898172116000012, 33.906515516000013 ], [ -96.910394307, 33.922181888000011 ], [ -96.923986575000015, 33.95575441 ], [ -96.933609, 33.968813157 ], [ -96.942592768, 33.976381498000023 ], [ -96.961536927999987, 33.977649707000012 ], [ -96.97528915800001, 33.976571897999975 ], [ -96.993099401999984, 33.978800477999982 ], [ -97.011458704, 33.979109637000022 ], [ -97.021434241, 33.974477029000013 ], [ -97.028157201, 33.962706459 ], [ -97.029675998000016, 33.947878941 ], [ -97.020608042999982, 33.934465353 ], [ -97.013589072, 33.924018640999975 ], [ -97.013158740999984, 33.913271688 ], [ -97.021869972, 33.90052831700001 ], [ -97.04429675199998, 33.885503746999973 ], [ -97.061194917000023, 33.885340475000021 ], [ -97.082781324999985, 33.892534069000021 ], [ -97.096588957999984, 33.896457369000018 ], [ -97.108532463000017, 33.890363904000026 ], [ -97.111221592999982, 33.878391414000021 ], [ -97.108256493999988, 33.871493553 ], [ -97.097012584000026, 33.866351638000026 ], [ -97.080882374999987, 33.859823851999977 ], [ -97.075337413999989, 33.852473095999983 ], [ -97.078960529000028, 33.845509472 ], [ -97.090369608, 33.842529183000011 ], [ -97.111290025000017, 33.843989925000017 ], [ -97.118718444000024, 33.842958313 ], [ -97.12717978500001, 33.834390556000017 ], [ -97.129069483000023, 33.826726662 ], [ -97.12470513300002, 33.802645000999973 ], [ -97.117758963000028, 33.777873947999979 ], [ -97.117442433, 33.756379486000014 ], [ -97.12242300600002, 33.74510188 ], [ -97.138281713000026, 33.73490517 ], [ -97.153087256, 33.730927559 ], [ -97.17585028100001, 33.742507165 ], [ -97.188032279000026, 33.753601183 ], [ -97.195401855, 33.767613419999975 ], [ -97.210683188000019, 33.793242523 ], [ -97.221048750000023, 33.815103618000023 ], [ -97.221631090000017, 33.833491304 ], [ -97.218173224, 33.849894118 ], [ -97.211837184999979, 33.865493086000015 ], [ -97.198998539, 33.886658554 ], [ -97.195207313000026, 33.900556859 ], [ -97.200658842, 33.919132162999972 ], [ -97.217882151000026, 33.932739493999975 ], [ -97.222430003, 33.936331311 ], [ -97.233712262999973, 33.942655167 ], [ -97.246869173, 33.940833019000024 ], [ -97.260145121999983, 33.92897313200001 ], [ -97.27332457, 33.911617799 ], [ -97.280802639, 33.903639221999981 ], [ -97.288899146, 33.900683540999978 ], [ -97.30092214299998, 33.900062846000026 ], [ -97.306094793999989, 33.900956628000017 ], [ -97.312790920999987, 33.907087966 ], [ -97.32259797, 33.910792066 ], [ -97.330358473999979, 33.912131123 ], [ -97.337428172999978, 33.906788399 ], [ -97.340743331, 33.899819093000019 ], [ -97.345178142, 33.891402450999976 ], [ -97.353954723000015, 33.885559858000022 ], [ -97.36360197, 33.880422424000017 ], [ -97.367451797, 33.871534559 ], [ -97.374467454000012, 33.863562371 ], [ -97.388153609000028, 33.86028305100001 ], [ -97.400755213000025, 33.860360621999973 ], [ -97.412690772000019, 33.855428386000028 ], [ -97.424964908999982, 33.85335726 ], [ -97.442977287000019, 33.85192558 ], [ -97.453882863, 33.853213966 ], [ -97.462540079, 33.856681633999983 ], [ -97.464465404, 33.867406615999982 ], [ -97.46059034000001, 33.874387050999985 ], [ -97.454270087999987, 33.888328603 ], [ -97.454813275999982, 33.901700769 ], [ -97.457547583, 33.909787572000027 ], [ -97.470070303, 33.920132083999988 ], [ -97.49382883200002, 33.93318913600001 ], [ -97.505381840999974, 33.937569944000018 ], [ -97.528181147, 33.945137631000023 ], [ -97.549458931, 33.94818246 ], [ -97.555958033000024, 33.943550064000021 ], [ -97.564650351000012, 33.934107116 ], [ -97.581308595999985, 33.921920027999988 ], [ -97.595388451000019, 33.923626316000025 ], [ -97.603175277999981, 33.925901408000016 ], [ -97.611984878999976, 33.935806825999975 ], [ -97.610242939999978, 33.948257464999983 ], [ -97.601470117000019, 33.967263327000012 ], [ -97.599715628000013, 33.979236569000022 ], [ -97.60444522, 33.985857782999972 ], [ -97.617989481, 33.988764135999986 ], [ -97.635381693999989, 33.997107254000014 ], [ -97.65310632500001, 34.007354417999977 ], [ -97.671409516999972, 34.017590053 ], [ -97.683198165000022, 34.018603686 ], [ -97.700681901, 34.017615687999978 ], [ -97.722971320999989, 34.013442511 ], [ -97.739521380999975, 34.009356419000028 ], [ -97.750261242000022, 34.002254606 ], [ -97.752632372, 33.993135868000024 ], [ -97.753778452, 33.980691442000023 ], [ -97.76298479899998, 33.969550937 ], [ -97.777212868, 33.964779825 ], [ -97.80117403600002, 33.959368609000023 ], [ -97.813047523000023, 33.952242146 ], [ -97.817965898000011, 33.942124256 ], [ -97.819341112000018, 33.927764411999988 ], [ -97.824101768, 33.911197737 ], [ -97.841671135000013, 33.903017206000015 ], [ -97.855425893000017, 33.903022809 ], [ -97.872600157000022, 33.902251142000011 ], [ -97.890782691000027, 33.895963644 ], [ -97.909260623000023, 33.890145813 ], [ -97.924798072999977, 33.892739703000018 ], [ -97.948595341999976, 33.904502819000015 ], [ -97.957222785999988, 33.916773498 ], [ -97.961610795000013, 33.931270714999982 ], [ -97.959328563999975, 33.942781685999989 ], [ -97.957125898000015, 33.957397859000025 ], [ -97.953325506999988, 33.976822256999981 ], [ -97.958407212999987, 33.995848921 ], [ -97.969004719, 34.006173170000011 ], [ -97.987347439000018, 34.01153224799998 ], [ -97.989748232000011, 34.012233391 ], [ -97.998211667000021, 34.017575346 ], [ -98.010800533, 34.026903552000022 ], [ -98.023309442000027, 34.033125070999972 ], [ -98.038012943000012, 34.035480397000015 ], [ -98.04887723500002, 34.033843018000027 ], [ -98.059160733, 34.031976519000011 ], [ -98.069237187999988, 34.033052590000011 ], [ -98.075980405999985, 34.038182415 ], [ -98.087589519, 34.042740918999982 ], [ -98.101268515000015, 34.049409420000018 ], [ -98.108002047000014, 34.054059627000015 ], [ -98.111692721, 34.062831452000012 ], [ -98.107353319000026, 34.071997565 ], [ -98.101383262000013, 34.084541149000017 ], [ -98.101275432000023, 34.090996571 ], [ -98.106255582000017, 34.104763580999986 ], [ -98.11249340400002, 34.11205273500002 ], [ -98.111992289, 34.12496967300001 ], [ -98.112519991999989, 34.133564423 ], [ -98.109760042, 34.147959539999988 ], [ -98.108610062000025, 34.158260180000013 ], [ -98.111971713, 34.165366365000011 ], [ -98.124143805000017, 34.168716080000024 ], [ -98.137338250000028, 34.167502722 ], [ -98.148445617999982, 34.163699371 ], [ -98.156856211, 34.156123529000013 ], [ -98.168371046, 34.146573246 ], [ -98.178604919, 34.142545136000024 ], [ -98.188359970000022, 34.141872141000022 ], [ -98.197035065000023, 34.143610350000017 ], [ -98.206894773999977, 34.146519152 ], [ -98.218843842000013, 34.152014125999983 ], [ -98.231810021, 34.152945304000013 ], [ -98.243886052, 34.152937065 ], [ -98.255135681000013, 34.15413976100001 ], [ -98.265207556, 34.154409552 ], [ -98.280079175000026, 34.161271670000019 ], [ -98.29600145, 34.164763121000021 ], [ -98.312154088999989, 34.16633502000002 ], [ -98.32563982, 34.165331757 ], [ -98.336781712, 34.162942652000027 ], [ -98.344444716999988, 34.159670880000021 ], [ -98.353174626999987, 34.15374605300002 ], [ -98.362067511000021, 34.153076103999979 ], [ -98.370672894, 34.152411665999978 ], [ -98.382696059000011, 34.150715879000018 ], [ -98.386575349, 34.146089271999983 ], [ -98.387792951999984, 34.139130266 ], [ -98.38896501, 34.130738028999986 ], [ -98.396259481000016, 34.125080258000025 ], [ -98.40623668500001, 34.122470517000011 ], [ -98.416711231000022, 34.117458425 ], [ -98.424484748, 34.108919701 ], [ -98.432651286, 34.103718271999981 ], [ -98.443214141999988, 34.101570169000013 ], [ -98.450710855000011, 34.102358365999976 ], [ -98.463135954999984, 34.104469263999988 ], [ -98.470873459000018, 34.103816404999975 ], [ -98.479409579, 34.101232526999979 ], [ -98.489459437999983, 34.101003908 ], [ -98.498908455999981, 34.108676585000012 ], [ -98.508767238000019, 34.111319144 ], [ -98.521123706000026, 34.111273681 ], [ -98.53070442, 34.114159761 ], [ -98.540334046999988, 34.118478202 ], [ -98.546230969000021, 34.122882913000012 ], [ -98.550473725000018, 34.129357950999974 ], [ -98.551257928999974, 34.135555125 ], [ -98.556982737999988, 34.143310262 ], [ -98.561429823000026, 34.147270153000022 ], [ -98.565416318000018, 34.154587611000011 ], [ -98.564190498000016, 34.16083209300001 ], [ -98.561871672999985, 34.168775711000023 ], [ -98.566195473, 34.177519894999989 ], [ -98.575916706999976, 34.184224384 ], [ -98.582412675, 34.184071125 ], [ -98.588564314999985, 34.183925633 ], [ -98.604998019, 34.184969723 ], [ -98.617991062999977, 34.186332885000013 ], [ -98.63265932500002, 34.18621970800001 ], [ -98.632830075000015, 34.186175325000022 ], [ -98.641782445, 34.183847904 ], [ -98.647053491, 34.18157943 ], [ -98.657085515, 34.17726094 ], [ -98.671633665, 34.165669659 ], [ -98.677583072, 34.155004755999983 ], [ -98.684562441000026, 34.149095766000016 ], [ -98.692260008, 34.147232873 ], [ -98.70464787200001, 34.14788323800002 ], [ -98.711315924000019, 34.148605506000024 ], [ -98.720813839000016, 34.149633572000027 ], [ -98.731435330000011, 34.149129506 ], [ -98.74135204800001, 34.145055948 ], [ -98.751894439000012, 34.142400179 ], [ -98.764604260999988, 34.14399193600002 ], [ -98.774998819000018, 34.145162901999981 ], [ -98.794560215999979, 34.145381580999981 ], [ -98.802979908999987, 34.147556720000011 ], [ -98.820386429999985, 34.151651386000026 ], [ -98.833646971, 34.152503738 ], [ -98.852043192, 34.152264221 ], [ -98.864182167000024, 34.15385941400001 ], [ -98.878820427999983, 34.160647456 ], [ -98.891308826999989, 34.171316088000026 ], [ -98.908555692, 34.185921737 ], [ -98.919272279999973, 34.195200232 ], [ -98.931419575, 34.196788044000016 ], [ -98.94190775300001, 34.200092942000026 ], [ -98.949271862999979, 34.204437632 ], [ -98.967495113999973, 34.214106889999982 ], [ -98.982423004999987, 34.220396048 ], [ -98.996616985, 34.222638341999982 ], [ -99.018528107, 34.223470478000024 ], [ -99.034055887000022, 34.223040778999973 ], [ -99.048087862999978, 34.221215824000012 ], [ -99.061695954000015, 34.216053179000028 ], [ -99.072295264, 34.214799390999985 ], [ -99.080642905, 34.214803656000015 ], [ -99.088839904, 34.218159312000012 ], [ -99.100220163000017, 34.221902449000027 ], [ -99.111522756999989, 34.223733612 ], [ -99.122746815000028, 34.223652811000022 ], [ -99.135953857, 34.222796613000014 ], [ -99.147990537, 34.221494243 ], [ -99.155913700999974, 34.225092026000027 ], [ -99.167826561000027, 34.234552241000017 ], [ -99.175080260000016, 34.242711843999984 ], [ -99.176244786999973, 34.249852343999976 ], [ -99.179483592999986, 34.258367521000025 ], [ -99.184595824999974, 34.263480099999981 ], [ -99.190879789, 34.269036632 ], [ -99.194337979000011, 34.275871167999981 ], [ -99.196007590000022, 34.308467651 ], [ -99.197343225, 34.326366162 ], [ -99.198541088000013, 34.330319278 ], [ -99.201366587999985, 34.339642219999973 ], [ -99.208786573, 34.349124983000024 ], [ -99.209599817000026, 34.350164141999983 ], [ -99.22257897999998, 34.356958403000021 ], [ -99.235797239000021, 34.362548267000022 ], [ -99.243183848, 34.366635143 ], [ -99.254564147, 34.37634351600002 ], [ -99.260044326000013, 34.384461722000026 ], [ -99.260420867999983, 34.385019452999984 ], [ -99.263623231, 34.392339124999978 ], [ -99.269175518999987, 34.407243073000018 ], [ -99.273820951, 34.41451964700002 ], [ -99.284149523, 34.419712346999972 ], [ -99.299501212, 34.420925749999981 ], [ -99.318931427999985, 34.422970438999982 ], [ -99.330129170000021, 34.428132670000025 ], [ -99.335786849999977, 34.432027270999981 ], [ -99.350262713, 34.452397776 ], [ -99.35821983400001, 34.45598191900001 ], [ -99.363699489, 34.455813969000019 ], [ -99.370482004, 34.452495802999977 ], [ -99.378802340999982, 34.451282842000012 ], [ -99.3875506, 34.453165938999973 ], [ -99.395037920999982, 34.452695146 ], [ -99.399010576000023, 34.451136718999976 ], [ -99.400373801, 34.44296083 ], [ -99.39970466699998, 34.428149894 ], [ -99.399738676000027, 34.409729207999987 ], [ -99.404217155000026, 34.400260908 ], [ -99.413571355999977, 34.39016228600002 ], [ -99.42804917, 34.384926082 ], [ -99.439519497, 34.383370534999983 ], [ -99.449490468000022, 34.386884423000026 ], [ -99.459218123000028, 34.391361986 ], [ -99.468137469, 34.397060414 ], [ -99.480250286, 34.403135261999978 ], [ -99.495535345, 34.409107742 ], [ -99.512639783999987, 34.410713854999983 ], [ -99.532181978999972, 34.408889609000028 ], [ -99.546038110999973, 34.408920587000011 ], [ -99.572502128, 34.413084917999981 ], [ -99.58581676, 34.413846245 ], [ -99.599191453, 34.409819307000021 ], [ -99.606409927000016, 34.403840391000017 ], [ -99.623701703, 34.391308305 ], [ -99.637358475999974, 34.387267292 ], [ -99.648375905000023, 34.388336343999981 ], [ -99.665347714, 34.393152636000025 ], [ -99.697086416, 34.404765992000023 ], [ -99.713383124000018, 34.413306261 ], [ -99.723536212, 34.420139216999985 ], [ -99.732119620999981, 34.424393036000026 ], [ -99.746359115000018, 34.432041888000015 ], [ -99.759557622999978, 34.436135885 ], [ -99.772468377, 34.445980546999976 ], [ -99.787965623, 34.455495326 ], [ -99.79687014000001, 34.46595444899998 ], [ -99.801570143, 34.473209054999984 ], [ -99.808411091999972, 34.482781999 ], [ -99.816107116000012, 34.492085660999976 ], [ -99.825305265, 34.496790195000017 ], [ -99.834577653999986, 34.502927144000012 ], [ -99.844428648000019, 34.509043134000024 ], [ -99.849140522000027, 34.515858806999972 ], [ -99.854351012999985, 34.522758947999989 ], [ -99.860883822, 34.532866851999984 ], [ -99.867914492000011, 34.539128201999972 ], [ -99.879604683000025, 34.545990358999973 ], [ -99.890155492000019, 34.548680010999988 ], [ -99.89735166600002, 34.553593746999979 ], [ -99.906687235999982, 34.559579641000028 ], [ -99.914457055000014, 34.566577925999979 ], [ -99.923705766000012, 34.5708426 ], [ -99.941483544999983, 34.574417797000024 ], [ -99.954300258999979, 34.571659485 ], [ -99.964926025000011, 34.566872795 ], [ -99.969956292, 34.56133028 ], [ -99.977978254, 34.555487715000027 ], [ -99.985277876, 34.553499851000026 ], [ -99.999251922999974, 34.5522896 ], [ -99.998793477999982, 34.880712400999982 ], [ -100.000152809999975, 35.045844269999975 ], [ -100.002455086, 35.297968532000027 ], [ -100.002545575999989, 35.307844655 ], [ -100.001553155000011, 35.60251883 ], [ -100.002833203000023, 35.765395117000025 ], [ -100.003064143000017, 35.884618307999972 ], [ -99.988422145000015, 35.888305677 ], [ -99.937737233, 35.911959435000028 ], [ -99.904822201, 35.931231336999986 ], [ -99.88781521300001, 35.957417111999973 ], [ -99.879067209000027, 35.972674254000026 ], [ -99.873613976, 35.983359394999979 ], [ -99.863732700000014, 35.990602955999975 ], [ -99.85411277999998, 35.996111234000011 ], [ -99.83618739100001, 35.998453311999981 ], [ -99.818789138, 35.997323785 ], [ -99.808041480999975, 35.987913645 ], [ -99.802534741999978, 35.977174199999979 ], [ -99.802969613000016, 35.951280118 ], [ -99.799951927999984, 35.940743721 ], [ -99.793979009, 35.927719953 ], [ -99.785552933000019, 35.915066809 ], [ -99.774822343999972, 35.898753315000022 ], [ -99.765668157999983, 35.885548750999988 ], [ -99.753092692, 35.874471452000023 ], [ -99.738652054999989, 35.868343265000021 ], [ -99.720098001, 35.86465066 ], [ -99.695062520000022, 35.858438535 ], [ -99.664087267000014, 35.853422471999977 ], [ -99.626939051000022, 35.852048828000022 ], [ -99.604429733000018, 35.853928322 ], [ -99.584498821000011, 35.858020398 ], [ -99.563943866999978, 35.878516064 ], [ -99.546676844999979, 35.901491006000015 ], [ -99.534620331999974, 35.915385934000028 ], [ -99.52269322, 35.924675429999979 ], [ -99.508374001999982, 35.935763816000019 ], [ -99.503189932, 35.953176848 ], [ -99.493751882000026, 35.977910651 ], [ -99.485314883, 35.986511939000025 ], [ -99.465224195000019, 35.995618241999978 ], [ -99.436824447999982, 36.003600926 ], [ -99.429601692, 36.005629699999986 ], [ -99.409633443000018, 36.009978128 ], [ -99.392110173, 36.013673763999975 ], [ -99.362831092000022, 36.015708281 ], [ -99.332597207, 36.012301050000019 ], [ -99.307430854000017, 36.003465186000028 ], [ -99.289208785000028, 35.991544862000012 ], [ -99.280499492999979, 35.983987834 ], [ -99.272652742999981, 35.97717736300001 ], [ -99.257027086999983, 35.957031049000022 ], [ -99.24304910799998, 35.933960555999988 ], [ -99.231683754000017, 35.91656272 ], [ -99.209156041000028, 35.886070771999982 ], [ -99.192237212, 35.876015890000019 ], [ -99.168938627999978, 35.868056325 ], [ -99.141652350000015, 35.863078877000021 ], [ -99.119253817000015, 35.862269989000026 ], [ -99.090709601000015, 35.869292071000018 ], [ -99.076918611, 35.877338216 ], [ -99.057249978000016, 35.899915889999988 ], [ -99.02307440200002, 35.956898653999986 ], [ -99.012102379, 35.976837693999983 ], [ -99.013323217999982, 35.986051336 ], [ -99.01473489, 35.99463706 ], [ -99.010834351000028, 36.003078558000027 ], [ -98.998979051999981, 36.016045545 ], [ -98.989345377, 36.031539115999976 ], [ -98.983162391, 36.044927678000022 ], [ -98.969984946000011, 36.060514157999989 ], [ -98.961965872, 36.063601441 ], [ -98.945296755000015, 36.062891611999987 ], [ -98.927270598, 36.054740727000024 ], [ -98.894398541999976, 36.019951295 ], [ -98.80654583, 35.942858092 ], [ -98.795017621, 35.937111153999979 ], [ -98.786430610000025, 35.924966459000018 ], [ -98.782359547, 35.910696933 ], [ -98.776664144999984, 35.893281492000028 ], [ -98.775973111999974, 35.891167880000012 ], [ -98.765875839999978, 35.876185701 ] ] ] } },
{ "type": "Feature", "properties": { "stage": "1824", "royce": "121", "kind": "ceded", "title": "1824 — Royce Cession 121", "description": "The smaller Arkansas tract ceded by the Quapaw to the United States under the treaty of November 15, 1824." }, "geometry": { "type": "Polygon", "coordinates": [ [ [ -92.234833304, 34.766702523999982 ], [ -92.22742535499998, 34.764055333999977 ], [ -92.222334137000018, 34.761487186000011 ], [ -92.213962187999982, 34.754976375000012 ], [ -92.211212117, 34.752009527999974 ], [ -92.203612849000024, 34.753183709999973 ], [ -92.196592333000012, 34.754377383000019 ], [ -92.189863076999984, 34.749836260999984 ], [ -92.182074149000016, 34.74334315599998 ], [ -92.174286569, 34.73684954700002 ], [ -92.164568401999986, 34.734117676999972 ], [ -92.152991951999979, 34.733713469 ], [ -92.14059084500002, 34.738066163999974 ], [ -92.132166505999976, 34.743993541 ], [ -92.123334882999984, 34.746555001 ], [ -92.116437491, 34.745354333000023 ], [ -92.112103694999973, 34.739456695 ], [ -92.114310814000021, 34.730439165 ], [ -92.127422922, 34.712327949999974 ], [ -92.138459637999972, 34.695004531 ], [ -92.145202470000015, 34.676572701 ], [ -92.142623254, 34.664754824 ], [ -92.134816515000011, 34.653231957 ], [ -92.132780911, 34.64215118300001 ], [ -92.137546996000026, 34.633942381 ], [ -92.145454160999975, 34.626561701000014 ], [ -92.147291452, 34.618967866 ], [ -92.143361896999977, 34.610932443000024 ], [ -92.134036154, 34.606536206999976 ], [ -92.123168351, 34.60399929099998 ], [ -92.106395518, 34.598140952999984 ], [ -92.102182574999972, 34.590094011000019 ], [ -92.106296766000014, 34.583299802 ], [ -92.113653351999972, 34.580927960999986 ], [ -92.120695991, 34.579023183 ], [ -92.122036213, 34.575480853999977 ], [ -92.116317300999981, 34.568578022 ], [ -92.111214012, 34.560978797000018 ], [ -92.112902403000021, 34.556300309999983 ], [ -92.120697909, 34.556576075 ], [ -92.131884402000026, 34.558406654 ], [ -92.141596602999982, 34.555158893 ], [ -92.145453384, 34.547636738 ], [ -92.140950429999975, 34.539581618 ], [ -92.133052313, 34.535714136000024 ], [ -92.118595482999979, 34.535682388 ], [ -92.108014702, 34.533393255000021 ], [ -92.103883336000024, 34.529417849000026 ], [ -92.104770041999984, 34.523466849999977 ], [ -92.10835268, 34.515697176 ], [ -92.111192519999975, 34.505508228 ], [ -92.110132984000018, 34.498052627999982 ], [ -92.103155769000011, 34.493258468000022 ], [ -92.085596047000024, 34.49191534900001 ], [ -92.071197573, 34.490921973000013 ], [ -92.057100462999983, 34.489698234 ], [ -92.046340031999989, 34.485482169000022 ], [ -92.043506477, 34.478919062999978 ], [ -92.04555093099998, 34.473010514 ], [ -92.051569570000026, 34.4684416 ], [ -92.053888931000017, 34.462782189 ], [ -92.047457883, 34.453218391 ], [ -92.04630499000001, 34.447673286 ], [ -92.048072648000016, 34.441515686 ], [ -92.055667917999983, 34.439875003 ], [ -92.062712152000017, 34.443238885000028 ], [ -92.068742376999978, 34.44943731799998 ], [ -92.073081017, 34.454857007999976 ], [ -92.078797775, 34.456018746999973 ], [ -92.083008534999976, 34.452819327999975 ], [ -92.083821398999987, 34.448302049 ], [ -92.079832864000025, 34.441698971999983 ], [ -92.069729388999974, 34.43607307100001 ], [ -92.060805356, 34.430010066000023 ], [ -92.050253802999976, 34.421973478999973 ], [ -92.043801595, 34.412887580000017 ], [ -92.042111662000025, 34.401102224999988 ], [ -92.043164913999988, 34.392048050000028 ], [ -92.039872081999988, 34.383315470000014 ], [ -92.032672263999984, 34.377551841000013 ], [ -92.025729103, 34.375146750999988 ], [ -92.015949261, 34.374552186000017 ], [ -92.008486301, 34.373801937 ], [ -92.000663094, 34.368970493 ], [ -91.995919674, 34.365925985999979 ], [ -91.988220680999973, 34.364208631999986 ], [ -91.982173364, 34.363986935000014 ], [ -91.974289042, 34.360347655999988 ], [ -91.970666558, 34.352557929999989 ], [ -91.972950129000026, 34.347617405999983 ], [ -91.981727375999981, 34.345308002000024 ], [ -91.996761492000019, 34.344662428999982 ], [ -92.002671469, 34.342007261 ], [ -92.006942378000019, 34.337617236000028 ], [ -92.004655506, 34.331791679999981 ], [ -91.998415548000025, 34.324386146 ], [ -91.990847797000015, 34.320281180999984 ], [ -91.981587269999977, 34.320898608 ], [ -91.971834535000028, 34.32532523499998 ], [ -91.965323551999973, 34.328435043000013 ], [ -91.955211145000021, 34.328779629 ], [ -91.947632463, 34.324910439 ], [ -91.941007991999982, 34.319401298 ], [ -91.941342403000021, 34.313193013999978 ], [ -91.94510399, 34.307590324999978 ], [ -91.956858297999986, 34.292713177999985 ], [ -91.965514381999981, 34.281788141 ], [ -91.965622871, 34.274375611999972 ], [ -91.964280589999987, 34.267148877000011 ], [ -91.956886877999978, 34.259937892999972 ], [ -91.947512733999986, 34.257437816999982 ], [ -91.935663584999986, 34.257165097999973 ], [ -91.930534236000028, 34.257046643000024 ], [ -91.916786695999974, 34.260840627999983 ], [ -91.91439857, 34.267689545999986 ], [ -91.912261582999975, 34.28052909500002 ], [ -91.907677294999985, 34.290645541 ], [ -91.898356589, 34.29771345 ], [ -91.886827430999972, 34.296084389999976 ], [ -91.875018786, 34.290615437999975 ], [ -91.865735670999982, 34.281173293 ], [ -91.855631464999988, 34.270981517 ], [ -91.849253444999988, 34.266433114999984 ], [ -91.842547075000027, 34.267853194999986 ], [ -91.839120166999976, 34.272507999000027 ], [ -91.843392630999972, 34.278651849000028 ], [ -91.850083714999982, 34.287997689 ], [ -91.853246634000016, 34.293381334 ], [ -91.850080629, 34.298525061000021 ], [ -91.843136394999988, 34.298979265000014 ], [ -91.833800773, 34.295753043 ], [ -91.830773878, 34.294462249999981 ], [ -91.823943524000015, 34.291549042999975 ], [ -91.817565677, 34.286998676999985 ], [ -91.814971567999976, 34.276611215 ], [ -91.813148072, 34.267928102999974 ], [ -91.812669895999989, 34.260971344999973 ], [ -91.807056241, 34.253100105999977 ], [ -91.800346988, 34.244229529 ], [ -91.787432803, 34.233014282999989 ], [ -91.777873751000016, 34.228817543 ], [ -91.763021810999987, 34.22656820200001 ], [ -91.751767464000011, 34.221824906 ], [ -91.736483279000026, 34.206874804999984 ], [ -91.725926540999978, 34.194978569999989 ], [ -91.709481322999977, 34.190506180999989 ], [ -91.69171295000001, 34.194113585000025 ], [ -91.671261427, 34.199286718999986 ], [ -91.664094130000024, 34.199241846 ], [ -91.655447913999978, 34.199376976 ], [ -91.651413715999979, 34.194431394 ], [ -91.650895875, 34.188429413 ], [ -91.654714005000017, 34.182121493000011 ], [ -91.656330051, 34.174051244 ], [ -91.651612780999983, 34.170992603 ], [ -91.639169905000017, 34.167147134 ], [ -91.630146460999981, 34.163915560000021 ], [ -91.623202966, 34.15957033799998 ], [ -91.619927280000013, 34.151543858000025 ], [ -91.618772612999976, 34.141688491000025 ], [ -91.618548584, 34.13067437 ], [ -91.616339489999973, 34.124126236999984 ], [ -91.609877284, 34.121474205000027 ], [ -91.600707606000014, 34.120865872000024 ], [ -91.592240219000018, 34.127940852 ], [ -91.583057551000024, 34.13737884 ], [ -91.574726565999981, 34.142065773000013 ], [ -91.567437961999985, 34.143684185999973 ], [ -91.559855653, 34.140505155000028 ], [ -91.557924346, 34.134206109 ], [ -91.557667085, 34.123907995000025 ], [ -91.553223963999983, 34.116310519000024 ], [ -91.545183731, 34.111197840999978 ], [ -91.534336547, 34.109797669999978 ], [ -91.527105031000019, 34.108544621000021 ], [ -91.522453675, 34.104526008 ], [ -91.522435579999978, 34.099979632999975 ], [ -91.52429429, 34.092878611 ], [ -91.524488166000026, 34.084752422 ], [ -91.519608204, 34.079767421999975 ], [ -91.513712624999982, 34.077372063999974 ], [ -91.50512267900001, 34.076779326 ], [ -91.499144967, 34.080599996999979 ], [ -91.491502643, 34.083394657999975 ], [ -91.483500099000025, 34.082585258999984 ], [ -91.478852657, 34.078564927 ], [ -91.47512324500002, 34.073625506999974 ], [ -91.469903261000013, 34.069581055000015 ], [ -91.462848683, 34.067373997 ], [ -91.453801225, 34.069629045999989 ], [ -91.454135904, 34.080313284999988 ], [ -91.457668945000023, 34.094241076 ], [ -91.454340344, 34.107500620999986 ], [ -91.443988568, 34.107451855000022 ], [ -91.434810077, 34.099412191999988 ], [ -91.430199975999983, 34.091945952 ], [ -91.418554538000024, 34.09050068900001 ], [ -91.412395991999972, 34.085839706 ], [ -91.412342856, 34.079138409999985 ], [ -91.405163438999978, 34.076156712999989 ], [ -91.394121032999976, 34.083730077999974 ], [ -91.386195724, 34.092965575999983 ], [ -91.378529604, 34.094172478000019 ], [ -91.36926101, 34.091865508000012 ], [ -91.368293893999976, 34.085125189 ], [ -91.372390542, 34.074580291000018 ], [ -91.373581463, 34.066400471 ], [ -91.373248359, 34.056816310999977 ], [ -91.369868376, 34.044423415999972 ], [ -91.362581735999981, 34.039520327 ], [ -91.357195547, 34.037377209 ], [ -91.355880731000013, 34.02866657200002 ], [ -91.355070877, 34.018464325000025 ], [ -91.352002345000017, 34.009960209999974 ], [ -91.347125576, 34.001677957000027 ], [ -91.343486814000016, 33.996656729 ], [ -91.363109303999977, 33.987206265999987 ], [ -91.478466127, 33.924778781999976 ], [ -91.528949022, 33.897389847 ], [ -91.536949854, 33.893045212 ], [ -91.653793657, 33.826026601000024 ], [ -91.83878452, 33.720881831999975 ], [ -91.894093879000025, 33.690113575999987 ], [ -91.949017723999987, 33.659007030999987 ], [ -91.955071477999979, 33.666105281 ], [ -91.958447509999985, 33.669816689000015 ], [ -91.960016309000025, 33.680632333 ], [ -91.970107918999986, 33.685788231 ], [ -91.978448645000014, 33.690280744 ], [ -91.978363037, 33.698644501999979 ], [ -91.972211061, 33.706783660999974 ], [ -91.973568102, 33.714902268 ], [ -91.979811724, 33.725293627999974 ], [ -91.989038386, 33.726650550999977 ], [ -91.996639325999979, 33.731712085000026 ], [ -91.999180527000021, 33.737782308000021 ], [ -92.007528687, 33.742272921 ], [ -92.010581306, 33.752246593 ], [ -92.010330324, 33.757018816000027 ], [ -92.015435949999983, 33.761987499999975 ], [ -92.016688948000024, 33.772194098999989 ], [ -92.018067579999979, 33.780014621000021 ], [ -92.024635414999977, 33.784438781 ], [ -92.027863864999972, 33.791131455000027 ], [ -92.025235661000011, 33.800299933000019 ], [ -92.020820147999984, 33.80940313100001 ], [ -92.021438172999979, 33.81809274699998 ], [ -92.025304377, 33.826303419 ], [ -92.034099309999988, 33.829314115999978 ], [ -92.044076271999984, 33.830274998 ], [ -92.048770119999972, 33.832836459000021 ], [ -92.052251457000011, 33.840805091999982 ], [ -92.056887228999983, 33.844224844 ], [ -92.063651462, 33.841983106999976 ], [ -92.067640085, 33.840214543 ], [ -92.073797706999983, 33.840819400999976 ], [ -92.076704318999987, 33.846662465 ], [ -92.078179106999983, 33.853601565000019 ], [ -92.079474706999974, 33.859577855 ], [ -92.082739681000021, 33.862947135000013 ], [ -92.08785930800002, 33.863513792 ], [ -92.093326407, 33.859619828 ], [ -92.099587973999974, 33.854390686999977 ], [ -92.104165630000011, 33.853645675999985 ], [ -92.112536476, 33.856823247000023 ], [ -92.118285237, 33.861573089999979 ], [ -92.12499423700001, 33.872416482 ], [ -92.126933468, 33.880666100999974 ], [ -92.132711839000024, 33.888446187999989 ], [ -92.136608417, 33.890402435 ], [ -92.144559558000026, 33.887654334999979 ], [ -92.15209371200001, 33.88595140000001 ], [ -92.157367345000011, 33.885834634999981 ], [ -92.166506374999983, 33.890095546 ], [ -92.181870630999981, 33.898815913000021 ], [ -92.188094894000017, 33.905093691 ], [ -92.188870596000015, 33.920419446999972 ], [ -92.195818476999989, 33.92484664 ], [ -92.202797100999987, 33.928676691000021 ], [ -92.208731807999982, 33.939045465 ], [ -92.222991461, 33.940736209000022 ], [ -92.22973513300002, 33.949338579000027 ], [ -92.228350004, 33.962740768 ], [ -92.229351233999978, 33.971443387000022 ], [ -92.238351267999974, 33.978031181 ], [ -92.246115412999984, 33.987863602 ], [ -92.247225621999974, 34.001651423999988 ], [ -92.256304651, 34.006746002 ], [ -92.259891896, 34.014042900999982 ], [ -92.259257255000023, 34.026874395 ], [ -92.260901714999989, 34.029919935 ], [ -92.266506733000028, 34.032742375999987 ], [ -92.272541226999977, 34.0341444 ], [ -92.270999954, 34.152770927 ], [ -92.266347887, 34.326867344999982 ], [ -92.263467688999981, 34.428565172 ], [ -92.261140731000012, 34.507756341 ], [ -92.255995284, 34.675355637 ], [ -92.254563082, 34.706658822 ], [ -92.254320291, 34.71478857 ], [ -92.253394356, 34.745777595999982 ], [ -92.253285732999984, 34.749411380000026 ], [ -92.252755227000023, 34.76715356 ], [ -92.24354372800002, 34.766521468 ], [ -92.234833304, 34.766702523999982 ] ] ] } },
{ "type": "Feature", "properties": { "stage": "1833", "royce": "503 + 505", "kind": "granted", "title": "1833 — land assigned to the Quapaw", "description": "The later tract west of Missouri represented here by Royce 503 and 505 together. This is shown as land assigned to the Quapaw, not as another Quapaw cession." }, "geometry": { "type": "Polygon", "coordinates": [ [ [ -94.935976454000013, 37.016247588999988 ], [ -94.964031442000021, 37.015435711 ], [ -95.02100118300001, 37.013765647000014 ], [ -95.044259088, 37.013075588 ], [ -95.044528636999985, 37.034700299 ], [ -94.625880011, 37.034820844000023 ], [ -94.626309295999988, 37.024746473999983 ], [ -94.626410685, 36.913054601 ], [ -94.937463606, 36.912793645000022 ], [ -94.935976454000013, 37.016247588999988 ] ] ] } }
]
}
