{
"type": "FeatureCollection",
"name": "us-state-outlines",
"crs": { "type": "name", "properties": { "name": "urn:ogc:def:crs:OGC:1.3:CRS84" } },
"features": [
{ "type": "Feature", "properties": { "STATE": "AK" }, "geometry": { "type": "MultiPolygon", "coordinates": [ [ [ [ -179.094665453109343, 51.301237450100977 ], [ -179.07232, 51.250963 ], [ -179.126856, 51.219862 ], [ -179.14734, 51.276781 ], [ -179.094665453109343, 51.301237450100977 ] ] ], [ [ [ -178.96432351948107, 51.40250038102986 ], [ -178.908883546548168, 51.340590423843857 ], [ -178.987236506979002, 51.311046443799263 ], [ -178.992094505319642, 51.381319395470975 ], [ -178.96432351948107, 51.40250038102986 ] ] ], [ [ [ -178.288193608880533, 51.472855321493348 ], [ -178.283432869299588, 51.484276517287583 ], [ -178.272019300741164, 51.48046945211874 ], [ -178.288193608880533, 51.472855321493348 ] ] ], [ [ [ -178.735535304251556, 51.550900156321028 ], [ -178.825958842691477, 51.547093090595951 ], [ -178.857361415156078, 51.576599753491649 ], [ -178.761231092260516, 51.562321351939865 ], [ -178.735535304251556, 51.550900156321028 ] ] ], [ [ [ -179.057236192409647, 51.571839013685285 ], [ -179.056290148163527, 51.590874339948932 ], [ -179.03439379673344, 51.576599752691138 ], [ -179.057236192409647, 51.571839013685285 ] ] ], [ [ [ -178.576584579065155, 51.583260211880841 ], [ -178.606095062475191, 51.597538613744796 ], [ -178.576584579424775, 51.606102603392699 ], [ -178.576584579065155, 51.583260211880841 ] ] ], [ [ [ -178.618469934361201, 51.609909668392461 ], [ -178.67367620507153, 51.588970809186151 ], [ -178.68129033727223, 51.608959809062789 ], [ -178.618469934361201, 51.609909668392461 ] ] ], [ [ [ -177.856333081624314, 51.681023197008017 ], [ -177.89941706016495, 51.692565188673257 ], [ -177.918807049962879, 51.67439820099974 ], [ -177.909186053013173, 51.596679254555546 ], [ -177.963853026700633, 51.65023921722414 ], [ -178.004567127311958, 51.639416368680308 ], [ -178.109378953773358, 51.670469202077818 ], [ -178.104285956996819, 51.701547180733762 ], [ -177.95644403208513, 51.722870167311115 ], [ -177.950284036174054, 51.765690137895042 ], [ -178.039344991459956, 51.778933128011829 ], [ -178.215124904179504, 51.857809072295282 ], [ -178.197090914278448, 51.905472039615319 ], [ -177.952095038697308, 51.91535603484148 ], [ -177.921570052736001, 51.85389107743422 ], [ -177.852286087141891, 51.826053097229213 ], [ -177.615312207805545, 51.855088079552417 ], [ -177.649209189741214, 51.820735102855693 ], [ -177.797720113941409, 51.793305120282461 ], [ -177.856333081624314, 51.681023197008017 ] ] ], [ [ [ -178.788541613409791, 51.832610085946726 ], [ -178.733355640658061, 51.783955119737819 ], [ -178.792409610282675, 51.746079145495969 ], [ -178.873024570007658, 51.782631119930201 ], [ -178.858248577970244, 51.820974093605109 ], [ -178.788541613409791, 51.832610085946726 ] ] ], [ [ [ -176.281695882851238, 51.863927090985008 ], [ -176.289922873617058, 51.741686174966006 ], [ -176.343757846053251, 51.731528181102256 ], [ -176.509656763634382, 51.763334156672563 ], [ -176.582934723930151, 51.691830204778064 ], [ -176.7130636580425, 51.683338208746733 ], [ -176.801676610912921, 51.613496255553336 ], [ -176.814438606142602, 51.660258223214718 ], [ -176.863063582510335, 51.68492920558343 ], [ -176.930953545149492, 51.59247826827086 ], [ -176.984332518622551, 51.602143260927129 ], [ -176.984490520389727, 51.657419222904302 ], [ -176.870998580060416, 51.729418174868719 ], [ -176.911017562568958, 51.80760512053098 ], [ -176.790164623985703, 51.817225115547544 ], [ -176.762479639817371, 51.867886081062942 ], [ -176.810434617678311, 51.927097039638575 ], [ -176.774024637537877, 51.965903013423684 ], [ -176.630511710473911, 51.97036001239487 ], [ -176.589956732286083, 52.002748990685809 ], [ -176.56056674696427, 51.996739995257514 ], [ -176.544868752216587, 51.927253043332165 ], [ -176.6234537107363, 51.883213072492175 ], [ -176.625464708832169, 51.859832088556324 ], [ -176.576382732983319, 51.842283101352557 ], [ -176.281695882851238, 51.863927090985008 ] ] ], [ [ [ -177.608056207470668, 51.705192182796132 ], [ -177.651387184263001, 51.653612217844604 ], [ -177.707803157096265, 51.703276183110887 ], [ -177.639984192174097, 51.736069161222439 ], [ -177.515592254666018, 51.724986170144177 ], [ -177.211931410625397, 51.812339113469029 ], [ -177.181272430270269, 51.943175023768205 ], [ -177.099267471615292, 51.936127029631734 ], [ -177.045091497827229, 51.898613056143176 ], [ -177.128618453434768, 51.833843099682163 ], [ -177.145676440772888, 51.707302186554912 ], [ -177.27512237467144, 51.680518203431809 ], [ -177.390761317913672, 51.733533165628941 ], [ -177.490006267023688, 51.705114184092864 ], [ -177.608056207470668, 51.705192182796132 ] ] ], [ [ [ -176.12396695994417, 51.802753135657539 ], [ -176.235545904466136, 51.823165119779148 ], [ -176.206070921907326, 51.883097079014199 ], [ -176.099138974786484, 51.855541099749018 ], [ -176.073432595072376, 51.870319796554625 ], [ -176.115490967894743, 51.887023077809189 ], [ -176.065289993993616, 51.902994067662128 ], [ -175.992652031180995, 51.912663062249365 ], [ -175.957548048071175, 51.893463076071875 ], [ -175.963043043151856, 51.846261108458975 ], [ -176.047894000279115, 51.846317106962225 ], [ -176.12396695994417, 51.802753135657539 ] ] ], [ [ [ -177.452531198417802, 51.889736603569183 ], [ -177.442063675327262, 51.921142984648057 ], [ -177.420167323567625, 51.902107658641448 ], [ -177.452531198417802, 51.889736603569183 ] ] ], [ [ [ -175.794527280072998, 51.958263802189329 ], [ -175.760256055238074, 51.917335944019129 ], [ -175.868761250778078, 51.947792464069636 ], [ -175.794527280072998, 51.958263802189329 ] ] ], [ [ [ -176.027711975352787, 51.934467732918201 ], [ -176.050554371606893, 51.947792460905333 ], [ -176.034380063776013, 51.956360265341942 ], [ -176.027711975352787, 51.934467732918201 ] ] ], [ [ [ -175.991548664400653, 51.952553200827268 ], [ -176.017244452681354, 51.963974396136209 ], [ -176.003923536664047, 51.965877928990444 ], [ -175.991548664400653, 51.952553200827268 ] ] ], [ [ [ -175.747838156868085, 51.950663040449271 ], [ -175.726247169021065, 51.975977023421848 ], [ -175.652495205832707, 51.964821032470589 ], [ -175.717438171440506, 51.933703052681054 ], [ -175.747838156868085, 51.950663040449271 ] ] ], [ [ [ -176.130510386296748, 51.959217470004376 ], [ -176.093385770896475, 51.949695992805765 ], [ -176.129549082615313, 51.948746133234543 ], [ -176.130510386296748, 51.959217470004376 ] ] ], [ [ [ -175.807848197666573, 51.989673997612073 ], [ -175.878282731084624, 51.96397439856262 ], [ -175.954424050805954, 51.983009723474588 ], [ -175.873521992862862, 51.997288126935182 ], [ -175.807848197666573, 51.989673997612073 ] ] ], [ [ [ -175.471865090852191, 51.976349275548301 ], [ -175.497560878668622, 51.977299134013691 ], [ -175.431902342583186, 51.977299135296789 ], [ -175.471865090852191, 51.976349275548301 ] ] ], [ [ [ -176.07918298987704, 51.968892022067244 ], [ -176.180357939968502, 52.000433998664143 ], [ -176.201936930736906, 52.040219970915189 ], [ -176.205325930569359, 52.076253946045519 ], [ -176.143915963514189, 52.116104919613988 ], [ -176.058105006708445, 52.106474927691039 ], [ -175.988654739944025, 52.03551672071481 ], [ -176.04400300951275, 52.009338994818805 ], [ -176.027669016259097, 51.975120018655986 ], [ -176.07918298987704, 51.968892022067244 ] ] ], [ [ [ -173.357501375822949, 52.096136996463038 ], [ -173.124507494713527, 52.109427994109559 ], [ -172.958526577397123, 52.09365600993452 ], [ -173.548388274337725, 52.029316037038555 ], [ -173.718003191007853, 52.063077009163344 ], [ -173.901078097426762, 52.049443013658561 ], [ -174.052299026379245, 52.130407954021678 ], [ -173.818280143240344, 52.105370977371884 ], [ -173.602449256062727, 52.153780949918541 ], [ -173.497023305778953, 52.10364898734224 ], [ -173.467880321479328, 52.116430979368069 ], [ -173.357501375822949, 52.096136996463038 ] ] ], [ [ [ -175.493761451935256, 52.169082907074888 ], [ -175.529924763863903, 52.173843645282396 ], [ -175.51280441178082, 52.184311167701289 ], [ -175.493761451935256, 52.169082907074888 ] ] ], [ [ [ -174.089103006161196, 52.107258969010566 ], [ -174.142264980432401, 52.125459955135668 ], [ -174.218471940436814, 52.104887967379952 ], [ -174.334426882322646, 52.115205957415967 ], [ -174.411257839141484, 52.048765001275079 ], [ -174.593637746555174, 52.045254999368311 ], [ -174.736594671875139, 52.007316022189137 ], [ -174.885556598528893, 52.043008994293729 ], [ -175.095512489777178, 52.000805018806709 ], [ -175.341626366215849, 52.021595999424306 ], [ -175.132637474198532, 52.059230977810344 ], [ -175.092869493004571, 52.034801995463717 ], [ -174.937499574237279, 52.078341968834039 ], [ -174.905411592723112, 52.116516943257977 ], [ -174.786811651421942, 52.091331963232292 ], [ -174.604873745577265, 52.122131946195225 ], [ -174.527083788328355, 52.174727911813456 ], [ -174.415292844763769, 52.169383918161131 ], [ -174.462964823320391, 52.213038886962245 ], [ -174.299046906736635, 52.214677889812926 ], [ -174.249850933648645, 52.243701871047811 ], [ -174.255834932614249, 52.27415984992799 ], [ -174.368756875555562, 52.280412842845337 ], [ -174.453662834822353, 52.319374813961112 ], [ -174.358626882904588, 52.314197819826383 ], [ -174.317702905759035, 52.344876799700074 ], [ -174.324937904248969, 52.378102776637206 ], [ -174.185349978112498, 52.417795752768335 ], [ -174.068251035989874, 52.390338774658801 ], [ -173.985206073289959, 52.317607826891887 ], [ -174.060454028685228, 52.225333888476158 ], [ -174.198626958067905, 52.219251889158947 ], [ -174.190102960476537, 52.190327909283724 ], [ -174.082817011018591, 52.13207695209195 ], [ -174.089103006161196, 52.107258969010566 ] ] ], [ [ [ -175.128283124694917, 52.214771512164425 ], [ -175.140642738288449, 52.228096240276429 ], [ -175.127321822164873, 52.227142566896951 ], [ -175.128283124694917, 52.214771512164425 ] ] ], [ [ [ -172.302393, 52.342357 ], [ -172.414419, 52.27674 ], [ -172.528095, 52.254336 ], [ -172.633156756318357, 52.266222901352435 ], [ -172.574157792987847, 52.345330848811159 ], [ -172.448182, 52.391439 ], [ -172.326444, 52.366472 ], [ -172.302393, 52.342357 ] ] ], [ [ [ -171.196013, 52.500106 ], [ -171.236843, 52.450527 ], [ -171.30417, 52.449952 ], [ -171.312658, 52.493502 ], [ -171.277165, 52.522634 ], [ -171.196013, 52.500106 ] ] ], [ [ [ -171.134735107421989, 52.586864471435497 ], [ -171.117599487305, 52.558311462402287 ], [ -171.16423034668, 52.565925598144503 ], [ -171.134735107421989, 52.586864471435497 ] ] ], [ [ [ -170.562734, 52.674785 ], [ -170.603862, 52.601732 ], [ -170.696488, 52.598364 ], [ -170.788495, 52.54024 ], [ -170.841936, 52.558171 ], [ -170.817943, 52.636275 ], [ -170.727717, 52.679978 ], [ -170.633753, 52.697469 ], [ -170.562734, 52.674785 ] ] ], [ [ [ -170.070287, 52.724301 ], [ -170.185684, 52.723007 ], [ -170.170683, 52.784918 ], [ -170.053443, 52.769076 ], [ -170.070287, 52.724301 ] ] ], [ [ [ -169.163589477539006, 52.805774688720689 ], [ -169.197845458984006, 52.773414611816399 ], [ -169.248291015625, 52.7686576843262 ], [ -169.163589477539006, 52.805774688720689 ] ] ], [ [ [ -169.666512, 52.864349 ], [ -169.717761617340017, 52.774605189633284 ], [ -169.838232, 52.81728 ], [ -169.962883, 52.789882 ], [ -170.012487, 52.831161 ], [ -169.990149, 52.856266 ], [ -169.860214, 52.858377 ], [ -169.868143552909004, 52.875494336280596 ], [ -169.773504, 52.89445 ], [ -169.666512, 52.864349 ] ] ], [ [ [ -170.092221, 52.919387 ], [ -170.002071, 52.910043 ], [ -170.015514, 52.87026 ], [ -170.095331, 52.870851 ], [ -170.092221, 52.919387 ] ] ], [ [ [ -168.465927124023011, 52.975193023681598 ], [ -168.466873168945028, 52.990421295166001 ], [ -168.44593811035196, 52.976146697997997 ], [ -168.465927124023011, 52.975193023681598 ] ] ], [ [ [ -169.680033, 53.035075 ], [ -169.666078, 52.997068 ], [ -169.721744, 52.947117 ], [ -169.760725, 52.971556 ], [ -169.745743, 53.02147 ], [ -169.680033, 53.035075 ] ] ], [ [ [ -169.759643554688012, 53.044910430908196 ], [ -169.788192749022983, 53.060138702392585 ], [ -169.763442993163977, 53.08203125 ], [ -169.738708496094034, 53.064899444580099 ], [ -169.759643554688012, 53.044910430908196 ] ] ], [ [ [ -168.539398, 53.25167 ], [ -168.343994, 53.26215 ], [ -168.365388, 53.309105 ], [ -168.432733701142013, 53.3336595529532 ], [ -168.393472594545983, 53.374110390052287 ], [ -168.404180169071992, 53.416940688157197 ], [ -168.342127, 53.475992 ], [ -168.238321, 53.521902 ], [ -168.004624, 53.566053 ], [ -167.938981, 53.526907 ], [ -167.789164, 53.519329 ], [ -167.858337, 53.43791 ], [ -167.852217, 53.378294 ], [ -168.270744, 53.242811 ], [ -168.457103, 53.055839 ], [ -168.587808, 53.027175 ], [ -168.688468, 52.9664 ], [ -169.102465, 52.824349 ], [ -169.054243, 52.863266 ], [ -168.958983, 52.886048 ], [ -168.955144364972028, 52.933315238722194 ], [ -168.899512117215011, 52.935855583357096 ], [ -168.863401895113014, 52.966098839492489 ], [ -168.871387337567057, 53.0037472844947 ], [ -168.802241146483993, 53.027773987578492 ], [ -168.759691, 53.081461 ], [ -168.804901, 53.120015 ], [ -168.763331, 53.182812 ], [ -168.596432217283024, 53.272983297304492 ], [ -168.539398, 53.25167 ] ] ], [ [ [ -166.436526, 53.916151 ], [ -166.437083, 53.955644 ], [ -166.373689, 54.01003 ], [ -166.363792356571992, 53.954698875474918 ], [ -166.279407, 53.982532 ], [ -166.208767, 53.92911 ], [ -166.236513, 53.881343 ], [ -166.351999, 53.858532 ], [ -166.404896, 53.809345 ], [ -166.547438, 53.749404 ], [ -166.540531, 53.715926 ], [ -166.119922, 53.855048 ], [ -166.094147, 53.8392 ], [ -166.128225716995019, 53.81787986763959 ], [ -166.111317, 53.776856 ], [ -166.283267, 53.684219 ], [ -166.532639, 53.630533 ], [ -166.508939477927981, 53.582313228062389 ], [ -166.559117211565962, 53.60577856310271 ], [ -166.581011, 53.530449 ], [ -166.624343336711007, 53.543052121466189 ], [ -166.656234, 53.487119 ], [ -166.761174503473001, 53.514297443276604 ], [ -166.751644500522985, 53.443114759221402 ], [ -166.789062, 53.4531 ], [ -166.878087, 53.429884 ], [ -166.959082, 53.455753 ], [ -166.975313835071006, 53.425268801677596 ], [ -167.04821, 53.448844 ], [ -167.291831, 53.364102 ], [ -167.308126, 53.33433 ], [ -167.386984, 53.340671 ], [ -167.442804, 53.321015 ], [ -167.488215, 53.269121 ], [ -167.609903, 53.2853 ], [ -167.622173, 53.250362 ], [ -167.851511, 53.308668 ], [ -167.694484, 53.388034 ], [ -167.622089, 53.385329 ], [ -167.457366, 53.442793 ], [ -167.355624, 53.424498 ], [ -167.278827, 53.478565 ], [ -167.199966, 53.463039 ], [ -167.15852, 53.503747 ], [ -167.175188559559984, 53.524016433419604 ], [ -167.102305, 53.515077 ], [ -167.159808, 53.617308 ], [ -167.009635, 53.635344 ], [ -167.071823, 53.66556 ], [ -167.022385, 53.715467 ], [ -166.894976, 53.717746 ], [ -166.861769, 53.659234 ], [ -166.805874, 53.665733 ], [ -166.825407791702986, 53.704855469862693 ], [ -166.786691885687986, 53.705300949482599 ], [ -166.787318, 53.734577 ], [ -166.960681, 53.776841 ], [ -167.016863, 53.754936 ], [ -167.141966, 53.826932 ], [ -167.140992, 53.866774 ], [ -167.031252, 53.945204 ], [ -166.67664, 54.017419 ], [ -166.599947, 53.983695 ], [ -166.587393, 53.959831 ], [ -166.646786, 53.923785 ], [ -166.597182, 53.88399 ], [ -166.436526, 53.916151 ] ] ], [ [ [ -168.041061401366989, 53.926643371581996 ], [ -168.030746459960994, 53.936954498291001 ], [ -168.024215698242017, 53.923892974853494 ], [ -168.041061401366989, 53.926643371581996 ] ] ], [ [ [ -166.075286865233977, 53.969570159912102 ], [ -166.190444946288977, 53.960052490234396 ], [ -166.197113037108977, 53.984798431396491 ], [ -166.17236328125, 53.998123168945298 ], [ -166.075286865233977, 53.969570159912102 ] ] ], [ [ [ -165.826866980606979, 54.079977497431692 ], [ -165.89444367317202, 54.0323882773151 ], [ -165.916235, 54.065708 ], [ -166.046438, 54.044186 ], [ -166.112242, 54.122528 ], [ -166.082028, 54.175184 ], [ -165.9832, 54.221175 ], [ -165.873076, 54.216455 ], [ -165.863518, 54.166162 ], [ -165.793781, 54.183433 ], [ -165.732602, 54.148121 ], [ -165.743109953200985, 54.122807795536694 ], [ -165.661379, 54.130935 ], [ -165.671477, 54.096235 ], [ -165.767173, 54.065935 ], [ -165.826866980606979, 54.079977497431692 ] ] ], [ [ [ -169.640735, 56.542162 ], [ -169.683639, 56.58334 ], [ -169.75575, 56.591922 ], [ -169.789659, 56.618217 ], [ -169.473138, 56.601741 ], [ -169.568984, 56.540935 ], [ -169.640735, 56.542162 ] ] ], [ [ [ -170.42244144089301, 57.163978521269293 ], [ -170.390121, 57.206248 ], [ -170.150813, 57.223168 ], [ -170.170848, 57.1811 ], [ -170.286318, 57.128169 ], [ -170.303963, 57.15491 ], [ -170.42244144089301, 57.163978521269293 ] ] ], [ [ [ -166.163203, 60.432641 ], [ -166.084791, 60.325288 ], [ -165.927956, 60.321592 ], [ -165.883458, 60.343902 ], [ -165.71451, 60.310496 ], [ -165.686143, 60.267811 ], [ -165.723168, 60.156603 ], [ -165.675374, 60.14936 ], [ -165.684585, 60.055237 ], [ -165.649318, 59.991837 ], [ -165.534482, 59.951276 ], [ -165.575815, 59.904672 ], [ -166.016127808071957, 59.86453203030969 ], [ -166.119084409359004, 59.817589615399598 ], [ -166.079823302763003, 59.775949047797603 ], [ -166.121463870364977, 59.7521544377393 ], [ -166.207124466575038, 59.756913359751003 ], [ -166.249954764679984, 59.802123118861687 ], [ -166.40729, 59.854604 ], [ -166.616849, 59.850711 ], [ -166.6782, 59.881248 ], [ -166.764183, 59.892061 ], [ -166.995748, 59.993495 ], [ -167.124867, 59.9917 ], [ -167.247627, 60.058862 ], [ -167.342702, 60.072395 ], [ -167.347866, 60.13114 ], [ -167.423053, 60.195072 ], [ -167.369927, 60.225496 ], [ -167.20194, 60.237822 ], [ -166.93797, 60.20587 ], [ -166.847438, 60.213592 ], [ -166.803469, 60.242802 ], [ -166.834966, 60.271406 ], [ -166.814979, 60.286283 ], [ -166.738323, 60.314301 ], [ -166.578305, 60.32185 ], [ -166.562081, 60.359022 ], [ -166.493543, 60.392389 ], [ -166.366596, 60.358227 ], [ -166.174906, 60.401003 ], [ -166.163203, 60.432641 ] ] ], [ [ [ -173.044189453125028, 60.493362426757805 ], [ -173.044189453125028, 60.547611236572294 ], [ -172.951858520508011, 60.605670928955099 ], [ -172.919494628905994, 60.600914001464794 ], [ -172.9033203125, 60.534286499023395 ], [ -172.78434753418, 60.458145141601598 ], [ -172.551162719727017, 60.387714385986293 ], [ -172.380798339843977, 60.384857177734396 ], [ -172.231353759765994, 60.3087158203125 ], [ -172.289413452148011, 60.297294616699183 ], [ -172.310363769531023, 60.322990417480504 ], [ -172.366516113280994, 60.334411621093778 ], [ -172.595901489257983, 60.318233489990199 ], [ -172.724380493164006, 60.358207702636697 ], [ -172.948059082030966, 60.481941223144489 ], [ -173.044189453125028, 60.493362426757805 ] ] ], [ [ [ -173.041336059569971, 60.630416870117195 ], [ -173.115570068358977, 60.658969879150391 ], [ -173.074645996094006, 60.704658508300788 ], [ -173.063217163085966, 60.695140838623004 ], [ -173.041336059569971, 60.630416870117195 ] ] ], [ [ [ -170.315839, 63.691923 ], [ -170.176413, 63.625489 ], [ -170.095833, 63.612701 ], [ -170.047114, 63.490135 ], [ -170.007943, 63.475428 ], [ -169.857078, 63.441975 ], [ -169.643167, 63.427802 ], [ -169.520524, 63.365941 ], [ -168.999241, 63.341249 ], [ -168.692939, 63.302282 ], [ -168.789266, 63.179646 ], [ -168.871465, 63.146009 ], [ -169.105808, 63.178803 ], [ -169.375667, 63.151269 ], [ -169.561131, 63.055178 ], [ -169.568016, 62.976879 ], [ -169.638309, 62.937527 ], [ -169.757249, 62.960087 ], [ -169.734938, 62.976617 ], [ -169.788466, 63.043015 ], [ -169.88123, 63.105848 ], [ -170.101301, 63.1793 ], [ -170.263032, 63.179147 ], [ -170.364806, 63.285596 ], [ -170.55895, 63.354989 ], [ -170.865412, 63.414229 ], [ -171.100855, 63.42342 ], [ -171.269249, 63.385386 ], [ -171.333089, 63.335393 ], [ -171.464455, 63.306915 ], [ -171.739321, 63.366114 ], [ -171.824872, 63.437141 ], [ -171.833681, 63.580074 ], [ -171.743979, 63.654905 ], [ -171.738177570286979, 63.784711411559009 ], [ -171.673296473794011, 63.788067338482598 ], [ -171.643963218368015, 63.770790560906995 ], [ -171.65263, 63.708523 ], [ -171.609439, 63.679832 ], [ -171.381677, 63.630646 ], [ -170.950817, 63.570127 ], [ -170.488192, 63.696723 ], [ -170.315839, 63.691923 ] ] ], [ [ [ -166.204452514648011, 64.471206665039091 ], [ -166.229202270508011, 64.489295959472699 ], [ -166.219680786132983, 64.495956420898395 ], [ -166.192077636719006, 64.492149353027301 ], [ -166.204452514648011, 64.471206665039091 ] ] ], [ [ [ -168.097702026367017, 64.964263916015597 ], [ -168.074859619140994, 64.980445861816406 ], [ -168.049163818358977, 64.982353210449205 ], [ -168.050231933594006, 64.961235046386705 ], [ -168.097702026367017, 64.964263916015597 ] ] ], [ [ [ -168.954515, 65.757144 ], [ -168.902235, 65.769665 ], [ -168.898754, 65.739709 ], [ -168.93122, 65.73894 ], [ -168.954515, 65.757144 ] ] ], [ [ [ -165.524200439452983, 54.067604064941406 ], [ -165.508026123046989, 54.031436920166001 ], [ -165.572738647460994, 54.0409545898438 ], [ -165.524200439452983, 54.067604064941406 ] ] ], [ [ [ -165.313855187750022, 54.045713258947899 ], [ -165.336836, 54.070126 ], [ -165.483373, 54.075036 ], [ -165.267012, 54.095467 ], [ -165.235149, 54.062767 ], [ -165.313855187750022, 54.045713258947899 ] ] ], [ [ [ -165.044322, 54.066629 ], [ -165.220871, 54.101574 ], [ -165.140978, 54.131079 ], [ -164.921307, 54.128569 ], [ -164.960581, 54.076026 ], [ -165.044322, 54.066629 ] ] ], [ [ [ -164.849380493164006, 54.182769775390604 ], [ -164.814163208007983, 54.186576843261697 ], [ -164.817977905272983, 54.179916381835902 ], [ -164.849380493164006, 54.182769775390604 ] ] ], [ [ [ -165.553251, 54.239601 ], [ -165.512782, 54.212929 ], [ -165.383719, 54.196731 ], [ -165.399985, 54.177741 ], [ -165.47619, 54.182701 ], [ -165.565422, 54.108122 ], [ -165.629725, 54.132558 ], [ -165.598438724046986, 54.174204153262693 ], [ -165.637081, 54.199436 ], [ -165.587157, 54.238166 ], [ -165.669383, 54.229036 ], [ -165.685823, 54.243406 ], [ -165.636383, 54.297567 ], [ -165.478452, 54.295333 ], [ -165.553251, 54.239601 ] ] ], [ [ [ -164.763717651366989, 54.224647521972699 ], [ -164.869369506836023, 54.190383911132798 ], [ -164.878890991210994, 54.197998046875014 ], [ -164.763717651366989, 54.224647521972699 ] ] ], [ [ [ -162.611891, 54.368077 ], [ -162.722797, 54.40034 ], [ -162.781239, 54.375085 ], [ -162.86005, 54.425452 ], [ -162.827621, 54.490859 ], [ -162.588883, 54.450064 ], [ -162.551618, 54.392217 ], [ -162.611891, 54.368077 ] ] ], [ [ [ -159.510055541992017, 54.789279937744091 ], [ -159.51387023925804, 54.759773254394503 ], [ -159.597625732421989, 54.755966186523381 ], [ -159.587158203125028, 54.827350616455099 ], [ -159.510055541992017, 54.789279937744091 ] ] ], [ [ [ -159.708984375, 54.828304290771499 ], [ -159.774658203125, 54.794040679931598 ], [ -159.820343017578011, 54.814979553222699 ], [ -159.742294311522954, 54.842578887939489 ], [ -159.708984375, 54.828304290771499 ] ] ], [ [ [ -159.202857, 54.9255 ], [ -159.236066, 54.87648 ], [ -159.309681, 54.865813 ], [ -159.317681, 54.933707 ], [ -159.278695666667005, 54.9485143333333 ], [ -159.202857, 54.9255 ] ] ], [ [ [ -162.321094, 54.827928 ], [ -162.41737, 54.877491 ], [ -162.437501, 54.927627 ], [ -162.326811, 54.98533 ], [ -162.235675, 54.962601 ], [ -162.232962, 54.890984 ], [ -162.321094, 54.827928 ] ] ], [ [ [ -159.376813297024, 55.03198504511969 ], [ -159.330164, 54.976378 ], [ -159.447982, 54.941374 ], [ -159.417987, 55.022013 ], [ -159.474847090465005, 55.011997572670893 ], [ -159.455311, 55.061452 ], [ -159.345276, 55.059397 ], [ -159.337460846546008, 55.039799662777199 ], [ -159.376813297024, 55.03198504511969 ] ] ], [ [ [ -161.910278320313012, 55.015106201171896 ], [ -161.864593505859006, 55.001781463622997 ], [ -161.877914428710994, 54.983695983886697 ], [ -161.88362121582, 54.991310119628906 ], [ -161.910278320313012, 55.015106201171896 ] ] ], [ [ [ -159.832000732421989, 55.012233734130895 ], [ -159.859603881835966, 55.043643951416009 ], [ -159.844375610352017, 55.055065155029297 ], [ -159.810119628905994, 55.026512145996094 ], [ -159.832000732421989, 55.012233734130895 ] ] ], [ [ [ -159.318756103515994, 55.051971435546896 ], [ -159.30256652832, 55.061489105224588 ], [ -159.294952392577983, 55.048164367675803 ], [ -159.318756103515994, 55.051971435546896 ] ] ], [ [ [ -161.941680908202983, 55.036994934081996 ], [ -161.963577270507983, 55.077922821044901 ], [ -161.928359985352017, 55.041755676269496 ], [ -161.941680908202983, 55.036994934081996 ] ] ], [ [ [ -159.770141601562983, 55.062679290771491 ], [ -159.825347900390994, 55.069343566894489 ], [ -159.806304931640994, 55.093135833740199 ], [ -159.761566162109006, 55.078861236572294 ], [ -159.770141601562983, 55.062679290771491 ] ] ], [ [ [ -159.953594644838006, 55.1708773986796 ], [ -159.961208920055981, 55.208948774772892 ], [ -159.87969, 55.290183 ], [ -159.844622, 55.243828 ], [ -159.895326, 55.217872 ], [ -159.905365, 55.164689 ], [ -159.884997, 55.145598 ], [ -159.860786, 55.177086 ], [ -159.816419, 55.178051 ], [ -159.83089, 55.126467 ], [ -159.86858, 55.094888 ], [ -159.935748687293994, 55.120738940637203 ], [ -159.930989765282021, 55.066487229704286 ], [ -159.988096829421977, 55.059824738887997 ], [ -160.115775, 54.985078 ], [ -160.121346645749014, 54.9494177482174 ], [ -160.226967, 54.864075 ], [ -160.250814, 54.929816 ], [ -160.191494295087011, 54.940980615289604 ], [ -160.190062005613981, 54.969936894472404 ], [ -160.077872, 55.0376 ], [ -160.174366, 55.052577 ], [ -160.14228590259998, 55.084571133348696 ], [ -160.187261, 55.118376 ], [ -160.109925232920972, 55.114076449820899 ], [ -160.109864, 55.160777 ], [ -160.055642, 55.11158 ], [ -160.01222, 55.122946 ], [ -160.052941, 55.203035 ], [ -159.953594644838006, 55.1708773986796 ] ] ], [ [ [ -161.549896240234006, 55.082565307617195 ], [ -161.591064453125, 55.060817718505902 ], [ -161.608627319335966, 55.116905212402301 ], [ -161.576644897460994, 55.10383224487299 ], [ -161.549896240234006, 55.082565307617195 ] ] ], [ [ [ -161.878860473633011, 55.085536956787102 ], [ -161.918838500976989, 55.104572296142607 ], [ -161.919784545898011, 55.113140106201186 ], [ -161.862686157227017, 55.101718902587898 ], [ -161.878860473633011, 55.085536956787102 ] ] ], [ [ [ -159.713027954102017, 55.094089508056598 ], [ -159.750152587890994, 55.103607177734396 ], [ -159.714935302733977, 55.129306793212898 ], [ -159.713027954102017, 55.094089508056598 ] ] ], [ [ [ -161.634912191046993, 55.125481877396801 ], [ -161.737922, 55.054054 ], [ -161.799112763901974, 55.084157698073291 ], [ -161.772265426671993, 55.145500135842695 ], [ -161.814984, 55.098639 ], [ -161.900685, 55.142139 ], [ -161.82784, 55.178473 ], [ -161.634912191046993, 55.125481877396801 ] ] ], [ [ [ -159.53363, 55.083987 ], [ -159.4842, 55.057695 ], [ -159.509674, 55.041408 ], [ -159.561459471077029, 55.079574265236303 ], [ -159.577639805916021, 55.0443582423501 ], [ -159.644029, 55.042597 ], [ -159.644937805376003, 55.085281538568495 ], [ -159.60904869119301, 55.09099567806431 ], [ -159.650927204896021, 55.122404563341306 ], [ -159.59382014075598, 55.122404563341306 ], [ -159.582398727927995, 55.2128240815628 ], [ -159.560073913792962, 55.204091953391199 ], [ -159.519196, 55.253693 ], [ -159.533457, 55.184761 ], [ -159.499502, 55.173991 ], [ -159.494772, 55.13605 ], [ -159.53363, 55.083987 ] ] ], [ [ [ -159.647354125976989, 55.1845092773438 ], [ -159.644500732421989, 55.170230865478494 ], [ -159.667343139648011, 55.182605743408196 ], [ -159.647354125976989, 55.1845092773438 ] ] ], [ [ [ -161.329879760742017, 55.219417572021491 ], [ -161.344146728515994, 55.158504486084006 ], [ -161.439331054687983, 55.198478698730497 ], [ -161.399353027343977, 55.224178314209006 ], [ -161.329879760742017, 55.219417572021491 ] ] ], [ [ [ -161.529754638671989, 55.255584716796896 ], [ -161.560211181640994, 55.207046508789105 ], [ -161.691558837890994, 55.198478698730497 ], [ -161.656341552733977, 55.244163513183601 ], [ -161.529754638671989, 55.255584716796896 ] ] ], [ [ [ -160.564427, 55.332504 ], [ -160.565929, 55.273137 ], [ -160.469256815808961, 55.193069729066494 ], [ -160.525226, 55.129871 ], [ -160.655577, 55.160261 ], [ -160.688372, 55.195588 ], [ -160.756587, 55.195143 ], [ -160.821381, 55.117851 ], [ -160.807558, 55.168161 ], [ -160.856621, 55.318488 ], [ -160.797147, 55.381521 ], [ -160.665927, 55.399025 ], [ -160.649349042942021, 55.315548627834097 ], [ -160.572716, 55.388978 ], [ -160.545227, 55.387911 ], [ -160.518955, 55.361552 ], [ -160.564427, 55.332504 ] ] ], [ [ [ -160.519628074607965, 55.310778264927499 ], [ -160.49134826660196, 55.354843139648395 ], [ -160.425659179688012, 55.338882446289084 ], [ -160.333694458007983, 55.360137939453097 ], [ -160.306549072265994, 55.303276062011697 ], [ -160.331939697266023, 55.249092102050788 ], [ -160.390426635741989, 55.286575317382798 ], [ -160.519628074607965, 55.310778264927499 ] ] ], [ [ [ -160.028961181641023, 55.313529968261697 ], [ -160.104156494141023, 55.313529968261697 ], [ -160.112716674805, 55.333515167236293 ], [ -160.062271118164006, 55.343032836914105 ], [ -160.028961181641023, 55.313529968261697 ] ] ], [ [ [ -163.119354248047017, 55.401176452636697 ], [ -163.173599243163977, 55.41450119018549 ], [ -163.15931701660196, 55.433536529541001 ], [ -163.122207641602017, 55.430679321289098 ], [ -163.119354248047017, 55.401176452636697 ] ] ], [ [ [ -160.239304004789972, 55.413466736864002 ], [ -160.321132, 55.393677 ], [ -160.349526, 55.420477 ], [ -160.266834, 55.462789 ], [ -160.137032, 55.450709 ], [ -160.147993, 55.377576 ], [ -160.239304004789972, 55.413466736864002 ] ] ], [ [ [ -160.86538, 55.526968 ], [ -160.944265, 55.507825 ], [ -161.013662, 55.431002 ], [ -161.231535, 55.357452 ], [ -161.325325, 55.359855 ], [ -161.314949, 55.379231 ], [ -161.34608, 55.385782 ], [ -161.486114, 55.359322 ], [ -161.514211, 55.385254 ], [ -161.477114, 55.485195 ], [ -161.35767, 55.612603 ], [ -161.416235, 55.632324 ], [ -161.587047, 55.62006 ], [ -161.69886, 55.5194 ], [ -161.686495, 55.408041 ], [ -161.853418, 55.277634 ], [ -161.878076, 55.223599 ], [ -161.903407, 55.204941 ], [ -161.978788, 55.236131 ], [ -162.045694, 55.232775 ], [ -161.949882, 55.126686 ], [ -162.053281, 55.074212 ], [ -162.11874, 55.102911 ], [ -162.141084, 55.157339 ], [ -162.218192, 55.118903 ], [ -162.189247, 55.06026 ], [ -162.219326, 55.028975 ], [ -162.471364, 55.051932 ], [ -162.520986, 55.115417 ], [ -162.460958, 55.12584 ], [ -162.4168, 55.104096 ], [ -162.406191, 55.120498 ], [ -162.48098, 55.161271 ], [ -162.510435, 55.250177 ], [ -162.627919604367975, 55.275418706760895 ], [ -162.581282168653985, 55.286840119588881 ], [ -162.626101, 55.304085 ], [ -162.718077, 55.219911 ], [ -162.638791, 55.19477 ], [ -162.579765, 55.136939 ], [ -162.618918, 55.097096 ], [ -162.559391127400971, 54.954667363175098 ], [ -162.615159, 54.987841 ], [ -162.688131, 54.996126 ], [ -162.720404, 54.980223 ], [ -162.708453, 54.95848 ], [ -162.770983, 54.932736 ], [ -162.881639, 54.934785 ], [ -162.970632, 55.001039 ], [ -162.957826, 55.031826 ], [ -163.00155, 55.080043 ], [ -163.079006, 55.111652 ], [ -163.188428, 55.090903 ], [ -163.219018, 55.030281 ], [ -163.067008, 54.979302 ], [ -163.036062, 54.942544 ], [ -163.372806, 54.790936 ], [ -163.322849, 54.75028 ], [ -163.228391, 54.753513 ], [ -163.184295, 54.774912 ], [ -163.144089, 54.761499 ], [ -163.059085, 54.661072 ], [ -163.159956379696013, 54.665146475248797 ], [ -163.140925, 54.694829 ], [ -163.185401, 54.700398 ], [ -163.22688819655599, 54.673631342108493 ], [ -163.228409100312007, 54.693745617701609 ], [ -163.280633, 54.695367 ], [ -163.364626, 54.749464 ], [ -163.428377, 54.714819 ], [ -163.421707795913022, 54.657710629647497 ], [ -163.488861, 54.65511 ], [ -163.585967, 54.611644 ], [ -163.747316, 54.635011 ], [ -163.966307, 54.631681 ], [ -164.23247, 54.585494 ], [ -164.331404, 54.530431 ], [ -164.352704, 54.465023 ], [ -164.456554, 54.419856 ], [ -164.743977, 54.394216 ], [ -164.876075, 54.443495 ], [ -164.948789, 54.579877 ], [ -164.91876, 54.605306 ], [ -164.709465, 54.661518 ], [ -164.56405, 54.875539 ], [ -164.48678, 54.922441 ], [ -164.427303, 54.932849 ], [ -164.343534, 54.894139 ], [ -164.119196, 54.969416 ], [ -164.030708, 54.969818 ], [ -163.894695, 55.039115 ], [ -163.774093, 55.05578 ], [ -163.532962484825021, 55.048880570601291 ], [ -163.530087, 55.01666 ], [ -163.418042, 54.938499 ], [ -163.414691, 54.85609 ], [ -163.318885, 54.88012 ], [ -163.343735, 54.950416 ], [ -163.256982178249984, 54.950412280825795 ], [ -163.291622353772993, 54.966209904849009 ], [ -163.302054300852006, 55.117858667266397 ], [ -163.105011, 55.183979 ], [ -162.882292, 55.183251 ], [ -162.84014, 55.224043 ], [ -162.851839, 55.247317 ], [ -162.901644, 55.247652 ], [ -162.881779, 55.273776 ], [ -162.731816, 55.307829 ], [ -162.64991, 55.364151 ], [ -162.542568029137016, 55.357393294207597 ], [ -162.512110928262985, 55.378332551058804 ], [ -162.514014497067024, 55.447812812429092 ], [ -162.570036867986033, 55.4497133989682 ], [ -162.565410854792987, 55.466848500475692 ], [ -162.257032708437976, 55.693373188230694 ], [ -162.061916905959976, 55.789503412866296 ], [ -161.972624, 55.800526 ], [ -161.807833, 55.891954 ], [ -161.290776816213025, 55.983129712185296 ], [ -161.230444, 55.947467 ], [ -161.076383, 55.942079 ], [ -160.873229, 56.001448 ], [ -160.860764990216012, 55.932271073216107 ], [ -160.892173875493, 55.953210330067286 ], [ -160.938811311207985, 55.947499623653499 ], [ -161.018761201003997, 55.905621109950694 ], [ -161.000677297359005, 55.87611579347859 ], [ -160.936053149716003, 55.879526643925082 ], [ -160.940845, 55.822529 ], [ -160.806014, 55.738241 ], [ -160.765228, 55.757174 ], [ -160.65556, 55.730041 ], [ -160.757705, 55.785841 ], [ -160.788429375638998, 55.885633637501897 ], [ -160.639088, 55.8583 ], [ -160.508433, 55.869379 ], [ -160.463607262932982, 55.796130259669901 ], [ -160.409619183511012, 55.808539100912888 ], [ -160.277382, 55.765861 ], [ -160.317826, 55.818983 ], [ -160.252574757125984, 55.834237279775792 ], [ -160.254478325931018, 55.850417614615488 ], [ -160.535759, 55.939617 ], [ -160.529292, 55.986103 ], [ -160.583491, 55.986468 ], [ -160.340249, 56.291271 ], [ -160.146252, 56.400176 ], [ -159.976758, 56.453951 ], [ -159.828049, 56.543935 ], [ -159.324421, 56.670356 ], [ -159.264871, 56.703136 ], [ -159.279894, 56.715667 ], [ -158.856307038905015, 56.891669750766908 ], [ -158.953543, 56.843418 ], [ -158.91073, 56.814797 ], [ -158.78359, 56.78075 ], [ -158.660298, 56.789015 ], [ -158.642845, 56.836608 ], [ -158.699787703515995, 56.927361654980487 ], [ -158.659945, 57.034585 ], [ -158.376249, 57.265542 ], [ -158.034246, 57.39023 ], [ -157.931624, 57.476208 ], [ -157.772496, 57.547055 ], [ -157.678891, 57.563888 ], [ -157.649389, 57.500331 ], [ -157.58691, 57.487156 ], [ -157.599644, 57.60795 ], [ -157.691291, 57.611131 ], [ -157.710645, 57.639946 ], [ -157.596601, 58.08867 ], [ -157.556556, 58.148445 ], [ -157.39735, 58.173383 ], [ -157.352316, 58.219097 ], [ -157.374511, 58.232117 ], [ -157.423325, 58.21136 ], [ -157.541564, 58.271883 ], [ -157.536176, 58.391597 ], [ -157.46088, 58.499693 ], [ -157.358487, 58.533876 ], [ -157.251462, 58.620786 ], [ -157.077914, 58.708103 ], [ -157.008226, 58.817139 ], [ -157.012392, 58.875889 ], [ -156.966649, 58.904074 ], [ -156.962256078263977, 58.974174023069608 ], [ -157.029517, 58.956203 ], [ -157.040625, 58.913391 ], [ -157.116866, 58.867533 ], [ -158.036593, 58.634248 ], [ -158.190283, 58.61371 ], [ -158.327038, 58.659835 ], [ -158.351481, 58.727693 ], [ -158.400475, 58.761182 ], [ -158.564833, 58.802715 ], [ -158.478448631178964, 59.007486477151204 ], [ -158.372800562520013, 59.0388953624281 ], [ -158.294754241529006, 59.0198596743815 ], [ -158.170070484822986, 59.020811458783797 ], [ -158.41753442943002, 59.061738188084107 ], [ -158.522230713685957, 59.021763243186186 ], [ -158.619684357107019, 58.911047862470802 ], [ -158.767748, 58.864264 ], [ -158.771246, 58.765109 ], [ -158.800959, 58.732842 ], [ -158.878198080158995, 58.717192234439899 ], [ -158.704052, 58.482759 ], [ -158.795316, 58.408032 ], [ -158.880927, 58.39067 ], [ -159.063346, 58.423139 ], [ -159.390664, 58.762362 ], [ -159.501768, 58.824304 ], [ -159.643548570734026, 58.8450631033894 ], [ -159.589810519619988, 58.890359311513699 ], [ -159.61612004713902, 58.931601232604287 ], [ -159.712114179042999, 58.929468049270703 ], [ -159.757408921812981, 58.833547877624888 ], [ -159.803288832073008, 58.848538443410099 ], [ -159.804589301059025, 58.801551952685479 ], [ -159.910310334970006, 58.773730627972192 ], [ -159.987514511048971, 58.837719674812796 ], [ -159.9853515625, 58.870464324951186 ], [ -160.064718687128988, 58.882929327471899 ], [ -160.093109130859006, 58.860797882080099 ], [ -160.151660326858007, 58.862758867054808 ], [ -160.164179922979031, 58.913532784656603 ], [ -160.243770751405009, 58.8887513729603 ], [ -160.262149967629995, 58.933932272775984 ], [ -160.317353462965031, 58.946305470006294 ], [ -160.256591796875028, 58.994480133056598 ], [ -160.360183761069976, 59.061471382688495 ], [ -160.641784667968977, 58.96448898315429 ], [ -160.75195065527501, 58.9056077115414 ], [ -160.823488959917995, 58.829135730717098 ], [ -160.872003442376013, 58.878472492539188 ], [ -161.001101302476997, 58.849692714809599 ], [ -161.337982177734006, 58.742912292480497 ], [ -161.372314453125, 58.666172027587898 ], [ -161.751998901367017, 58.551841735839794 ], [ -161.766296386719006, 58.599224090576193 ], [ -161.876111409543995, 58.63114311891858 ], [ -162.066268920897983, 58.620800018310476 ], [ -162.171722412108977, 58.648441314697308 ], [ -161.994644165039006, 58.688827514648395 ], [ -161.939163208007983, 58.655612945556598 ], [ -161.877212524414006, 58.6661376953125 ], [ -161.76950073242196, 58.774936676025384 ], [ -161.756622314452983, 58.8264770507813 ], [ -161.839229763953995, 59.049928255944792 ], [ -161.981964111327983, 59.150997161865206 ], [ -162.048583984375028, 59.254177093505895 ], [ -161.956527709960994, 59.361770629882798 ], [ -161.790374755859006, 59.468196868896506 ], [ -161.738311767578011, 59.467010498046896 ], [ -161.702529907227017, 59.490905761718793 ], [ -161.911163330078011, 59.741741180419893 ], [ -162.092361450195, 59.881103515625 ], [ -162.10856, 59.953861 ], [ -162.360185, 60.14736 ], [ -162.36180507338301, 60.236661932077588 ], [ -162.462694220030016, 60.293768996217501 ], [ -162.443658531983999, 60.32898501910379 ], [ -162.329444403704031, 60.373718886013407 ], [ -162.178110683732996, 60.634507812252295 ], [ -162.270433770758984, 60.595484651756699 ], [ -162.414153215511021, 60.368008179599279 ], [ -162.504572733732971, 60.337551078724708 ], [ -162.571197641895992, 60.251890482514796 ], [ -162.551210169446989, 60.223336950444804 ], [ -162.446513885191052, 60.18716914315619 ], [ -162.492346, 60.121804 ], [ -162.503647, 59.99923 ], [ -162.622569, 59.971809 ], [ -162.738592, 59.976321 ], [ -163.172633, 59.845058 ], [ -163.662607, 59.79571 ], [ -163.930798, 59.803853 ], [ -164.133393, 59.845612 ], [ -164.209843, 59.942874 ], [ -164.12543, 59.964626 ], [ -164.13181, 59.991177 ], [ -164.385471, 60.07719 ], [ -164.505677, 60.194304 ], [ -164.619501, 60.234938 ], [ -164.698889, 60.296298 ], [ -164.899296, 60.316787 ], [ -165.129403, 60.433707 ], [ -165.120728, 60.451196 ], [ -164.99787, 60.480459 ], [ -164.961439, 60.508391 ], [ -164.97128, 60.539558 ], [ -165.05744, 60.544631 ], [ -165.244442, 60.496298 ], [ -165.362975, 60.506866 ], [ -165.420349, 60.550692 ], [ -165.367676, 60.581158 ], [ -165.268717, 60.579488 ], [ -165.063148, 60.688645 ], [ -164.97125, 60.711434 ], [ -165.042584, 60.78443 ], [ -164.977663, 60.79036 ], [ -164.92217901657699, 60.819873083802271 ], [ -165.02143, 60.815086 ], [ -165.030183, 60.83805 ], [ -164.903903, 60.942213 ], [ -165.067311723536989, 60.904874069039693 ], [ -165.155232369254975, 60.929186296411487 ], [ -165.194964, 60.979915 ], [ -165.115681, 61.016097 ], [ -164.961527, 61.024166 ], [ -164.951372486027964, 61.084106969303889 ], [ -164.87045, 61.079564 ], [ -164.868009, 61.096394 ], [ -164.991273, 61.107232 ], [ -164.995695, 61.058035 ], [ -165.029551, 61.05401 ], [ -165.119781, 61.07864 ], [ -165.172994, 61.146919 ], [ -165.307976, 61.181823 ], [ -165.343442, 61.070564 ], [ -165.578127, 61.100361 ], [ -165.631996, 61.220708 ], [ -165.623317, 61.278431 ], [ -165.831365, 61.306719 ], [ -165.915445, 61.387686 ], [ -165.918612, 61.419087 ], [ -165.767226, 61.45695 ], [ -165.754317, 61.498704 ], [ -165.807627, 61.529171 ], [ -165.964035, 61.555919 ], [ -166.075524, 61.532672 ], [ -166.058242014043003, 61.500419256114391 ], [ -166.108269, 61.492475 ], [ -166.165232, 61.550618 ], [ -166.143756947149001, 61.724352405432683 ], [ -166.139408714978003, 61.632315152156096 ], [ -165.809933, 61.673029 ], [ -165.81, 61.68936 ], [ -165.993851, 61.723105 ], [ -166.094312, 61.813859 ], [ -165.955265, 61.832408 ], [ -165.758413, 61.825444 ], [ -165.600043, 61.859663 ], [ -165.741481, 61.971392 ], [ -165.734117, 62.076873 ], [ -165.199804, 62.469637 ], [ -165.046045, 62.54042 ], [ -164.770232, 62.592082 ], [ -164.81711, 62.636697 ], [ -164.87564, 62.806254 ], [ -164.716841, 63.006264 ], [ -164.583735, 63.058457 ], [ -164.580201, 63.070127 ], [ -164.641186, 63.07268 ], [ -164.633943, 63.09782 ], [ -164.423449, 63.211977 ], [ -164.209475, 63.251472 ], [ -164.036565, 63.261204 ], [ -163.885059, 63.222308 ], [ -163.73265, 63.213257 ], [ -163.616272, 63.141213 ], [ -163.529938, 63.1354 ], [ -163.316203, 63.037763 ], [ -163.130853, 63.049387 ], [ -163.0405, 63.062151 ], [ -162.844559, 63.154191 ], [ -162.821122, 63.205596 ], [ -162.662614, 63.229906 ], [ -162.384625, 63.435797 ], [ -162.271089, 63.487711 ], [ -162.296731, 63.540108 ], [ -162.073156, 63.513768 ], [ -162.025552, 63.447539 ], [ -161.676526, 63.465003 ], [ -161.527809312573027, 63.451177240304602 ], [ -161.500499675798011, 63.470170979425482 ], [ -161.450463, 63.457178 ], [ -161.136758, 63.504525 ], [ -161.013661954004959, 63.623408268200897 ], [ -160.974849907528011, 63.615483795286899 ], [ -160.783304, 63.752893 ], [ -160.766291, 63.835189 ], [ -160.93374, 64.049729 ], [ -160.976038, 64.235761 ], [ -161.313668, 64.400874 ], [ -161.463026, 64.420074 ], [ -161.531908561074971, 64.378649191451501 ], [ -161.529053207867975, 64.4129134299355 ], [ -161.483299322362001, 64.44792007964719 ], [ -161.469046, 64.506575 ], [ -161.388621, 64.532783 ], [ -161.198029, 64.496626 ], [ -161.015095, 64.502124 ], [ -161.081000700470014, 64.5421181625521 ], [ -160.940493, 64.55 ], [ -160.802048, 64.610352 ], [ -160.783398, 64.71716 ], [ -160.935974, 64.82237 ], [ -161.079718, 64.869549 ], [ -161.176009, 64.927161 ], [ -161.413493, 64.762723 ], [ -161.518211, 64.75325 ], [ -161.667261, 64.788981 ], [ -161.902429, 64.703851 ], [ -162.168516, 64.68029 ], [ -162.234477, 64.619336 ], [ -162.539996, 64.530931 ], [ -162.61422, 64.470702 ], [ -162.632242, 64.385734 ], [ -162.790167, 64.325182 ], [ -162.857562, 64.49978 ], [ -162.940776, 64.542417 ], [ -163.053097982102003, 64.541642270350792 ], [ -163.028351587640998, 64.569244018018395 ], [ -163.115915752656008, 64.595893981283709 ], [ -163.173974601198012, 64.6396760637911 ], [ -163.316742261548029, 64.580665430846494 ], [ -163.254876275396015, 64.549256545569605 ], [ -163.178733523210042, 64.543545839155499 ], [ -163.150179991140021, 64.515944091487896 ], [ -163.033230935724987, 64.519314093693495 ], [ -163.027158, 64.477945 ], [ -163.150789, 64.397249 ], [ -163.229206, 64.430019 ], [ -163.253027, 64.469501 ], [ -163.350926, 64.505859 ], [ -163.651943, 64.567299 ], [ -163.875774, 64.572935 ], [ -163.974352, 64.55137 ], [ -164.307273, 64.561488 ], [ -164.807747, 64.449432 ], [ -165.001961, 64.433917 ], [ -165.413443, 64.497939 ], [ -166.189546, 64.575798 ], [ -166.392403, 64.638161 ], [ -166.474714, 64.719267 ], [ -166.478978, 64.797036 ], [ -166.417028, 64.81874 ], [ -166.415624, 64.871928 ], [ -166.530518, 64.937114 ], [ -166.690814, 64.985372 ], [ -166.696453, 65.035857 ], [ -166.860402, 65.090866 ], [ -166.911921640494967, 65.125964589235494 ], [ -166.886677, 65.138763 ], [ -166.81679, 65.117089 ], [ -166.67032, 65.10972 ], [ -166.509566, 65.152719 ], [ -166.459984, 65.183284 ], [ -166.475297, 65.224335 ], [ -166.347189, 65.276341 ], [ -166.377721, 65.297983 ], [ -166.51864, 65.335824 ], [ -166.679717, 65.326856 ], [ -167.026782, 65.381967 ], [ -167.474024, 65.412744 ], [ -167.710888, 65.498524 ], [ -168.099046, 65.592239 ], [ -168.134662658166974, 65.640840080033598 ], [ -168.103707912792004, 65.685552488786087 ], [ -167.979888864639008, 65.727971981413901 ], [ -167.539643414401979, 65.820836250866009 ], [ -167.314934773719983, 65.885038746610192 ], [ -166.526161717961998, 66.14184859628439 ], [ -165.80503041549602, 66.333309525477716 ], [ -165.407204380127013, 66.420441449075099 ], [ -164.711008901546023, 66.542540760146309 ], [ -164.400724, 66.58111 ], [ -163.875047401562, 66.592256168567587 ], [ -163.606644200104029, 66.557991930083602 ], [ -163.938816956518025, 66.577027618130202 ], [ -163.908341, 66.55597 ], [ -163.754171, 66.551284 ], [ -163.730247, 66.491372 ], [ -163.873106, 66.389015 ], [ -163.843108, 66.259869 ], [ -163.955901, 66.21717 ], [ -164.078765, 66.201764 ], [ -164.092715, 66.184537 ], [ -163.916551, 66.190494 ], [ -163.767510498539991, 66.060803426242586 ], [ -163.623921, 66.058281 ], [ -163.495845, 66.085388 ], [ -163.344759, 66.084937 ], [ -163.146726, 66.059487 ], [ -162.750705, 66.09016 ], [ -162.635985, 66.040366 ], [ -162.45767, 66.058579 ], [ -162.372147, 66.027985 ], [ -162.139516, 66.078819 ], [ -161.838018, 66.022582 ], [ -161.6653, 66.122177 ], [ -161.548429, 66.239912 ], [ -161.484539, 66.262426 ], [ -161.341189, 66.2551 ], [ -161.320778, 66.223591 ], [ -161.263655, 66.214154 ], [ -160.99106586100001, 66.23681589702619 ], [ -161.129512, 66.336248 ], [ -161.525554, 66.397046 ], [ -161.694404, 66.396174 ], [ -161.912945813719972, 66.344435990969387 ], [ -161.835313940839029, 66.269541769651795 ], [ -161.900154253248019, 66.264187982388691 ], [ -161.93584616833499, 66.332002621054897 ], [ -161.863387, 66.440783 ], [ -161.87488, 66.511446 ], [ -162.091453, 66.605963 ], [ -162.140377, 66.664737 ], [ -162.228635, 66.70977 ], [ -162.501415, 66.742503 ], [ -162.512617, 66.777733 ], [ -162.624945, 66.855031 ], [ -162.601052, 66.898455 ], [ -162.529870118436975, 66.907020804821101 ], [ -162.471284381171984, 66.948520967665601 ], [ -162.409050045137008, 66.92131903834769 ], [ -162.310392233802986, 66.937047095227001 ], [ -162.117304, 66.798482 ], [ -162.013623, 66.779406 ], [ -162.081515, 66.693052 ], [ -162.069068, 66.6457 ], [ -161.877098, 66.536877 ], [ -161.624334, 66.450143 ], [ -161.516449, 66.441839 ], [ -161.326349, 66.478371 ], [ -161.279803, 66.505179 ], [ -161.29321, 66.520591 ], [ -161.483604, 66.525626 ], [ -161.544484319400965, 66.553292494597102 ], [ -161.533438316636023, 66.578053525023691 ], [ -161.693125, 66.620562 ], [ -161.881671, 66.716796 ], [ -161.848103543745026, 66.75792614109848 ], [ -161.86154, 66.797076 ], [ -161.796307, 66.833126 ], [ -161.781478635582005, 66.892127741827409 ], [ -161.72714458536197, 66.910025988253295 ], [ -161.68628, 66.961367 ], [ -161.566678, 66.934775 ], [ -161.489169, 66.93695 ], [ -161.485383, 66.960818 ], [ -161.530525, 66.984951 ], [ -161.589218186311001, 66.984450828853582 ], [ -161.62216, 67.008146 ], [ -161.711715, 67.001044 ], [ -161.799175, 67.047502 ], [ -161.850188, 67.052186 ], [ -162.123181, 67.02579 ], [ -162.23923, 66.993814 ], [ -162.415866, 66.98471 ], [ -162.462616, 66.994323 ], [ -162.481256556297012, 67.043112870879895 ], [ -162.519046, 67.016552 ], [ -162.64026, 67.010869 ], [ -162.699069, 67.055476 ], [ -162.851314572145014, 67.031882878719401 ], [ -162.831058885254009, 66.993730726776406 ], [ -163.097854, 67.041191 ], [ -163.69887, 67.114443 ], [ -163.741345, 67.129123 ], [ -163.758588, 67.256439 ], [ -163.853584, 67.388101 ], [ -164.007032, 67.535699 ], [ -164.14438, 67.617228 ], [ -164.533937, 67.725606 ], [ -165.129567, 67.941833 ], [ -165.240848, 67.998714 ], [ -165.49355, 68.059283 ], [ -165.830191023526993, 68.103808772521305 ], [ -165.964035705105005, 68.1359314961 ], [ -166.031850343770998, 68.194228290742799 ], [ -166.220422628482993, 68.269181312426497 ], [ -166.574962318351993, 68.3328318943325 ], [ -166.85064, 68.333089 ], [ -166.706139, 68.371783 ], [ -166.377564, 68.422406 ], [ -166.305962, 68.46154 ], [ -166.295343, 68.5109 ], [ -166.226111, 68.576186 ], [ -166.199826, 68.678556 ], [ -166.214433, 68.879524 ], [ -165.572483, 68.852946 ], [ -165.327043, 68.858111 ], [ -164.253157, 68.930938 ], [ -163.973678, 68.985044 ], [ -163.655864, 69.090567 ], [ -163.297955858053967, 69.274725236329601 ], [ -163.230902, 69.284464 ], [ -163.110318, 69.375343 ], [ -163.02617, 69.50689 ], [ -163.03029, 69.556591 ], [ -163.116622, 69.593416 ], [ -163.044496537476988, 69.639572392209303 ], [ -163.02736441823501, 69.680499121509598 ], [ -162.955209634223024, 69.680799809067111 ], [ -162.922009, 69.700372 ], [ -163.03539, 69.727406 ], [ -163.012595, 69.757462 ], [ -162.840602, 69.811763 ], [ -162.616345, 69.916997 ], [ -162.587906, 69.915637 ], [ -162.471549, 69.983132 ], [ -162.462778, 70.042217 ], [ -162.350558, 70.0588 ], [ -162.312491, 70.109281 ], [ -162.019265, 70.224044 ], [ -161.922949, 70.291599 ], [ -161.849998, 70.30943 ], [ -161.848909, 70.282183 ], [ -161.779794, 70.255411 ], [ -161.759176, 70.272443 ], [ -161.692195, 70.267092 ], [ -161.633888, 70.240693 ], [ -161.396757, 70.240606 ], [ -161.254723, 70.256612 ], [ -161.016416, 70.327744 ], [ -160.992764273492043, 70.316226178060305 ], [ -160.839536, 70.344534 ], [ -160.489778, 70.454463 ], [ -159.648383, 70.794368 ], [ -159.209082, 70.870067 ], [ -159.147634026674012, 70.876652773484693 ], [ -159.132483, 70.828359 ], [ -159.331021, 70.807394 ], [ -159.343075, 70.783115 ], [ -159.299303948334, 70.760011644852597 ], [ -158.976647, 70.766973 ], [ -158.976614952214987, 70.796376623458798 ], [ -158.656101, 70.787955 ], [ -158.3895, 70.799729 ], [ -158.385815503066027, 70.825704270039395 ], [ -158.157725, 70.820806 ], [ -157.840997, 70.861025 ], [ -157.421001, 70.976805 ], [ -156.809653, 71.286886 ], [ -156.568649649120971, 71.352560643999794 ], [ -156.524499, 71.294469 ], [ -156.356736, 71.261273 ], [ -156.2142, 71.259392 ], [ -156.074411, 71.242489 ], [ -156.018574, 71.172041 ], [ -155.920202, 71.207157 ], [ -155.88418, 71.190057 ], [ -155.760802, 71.194662 ], [ -155.566925, 71.165139 ], [ -155.511125, 71.090348 ], [ -155.533347, 71.067683 ], [ -155.705487, 71.020153 ], [ -155.830881, 70.965584 ], [ -155.978405, 70.962197 ], [ -155.995681, 70.947796 ], [ -156.014425, 70.898644 ], [ -155.968559, 70.862931 ], [ -155.971935, 70.806828 ], [ -155.906615, 70.809988 ], [ -155.875096, 70.828895 ], [ -155.643516, 70.824209 ], [ -155.504202, 70.860303 ], [ -155.47594, 70.943547 ], [ -155.343871, 71.004449 ], [ -155.260042, 71.015227 ], [ -155.211434, 70.978023 ], [ -155.182779, 70.978218 ], [ -155.177, 71.02745 ], [ -155.275989, 71.070464 ], [ -155.150524, 71.11205 ], [ -155.120317, 71.073416 ], [ -155.075362, 71.072042 ], [ -155.085782, 71.127572 ], [ -155.03174, 71.146473 ], [ -154.777335, 71.083231 ], [ -154.581129, 71.007321 ], [ -154.567593, 70.989929 ], [ -154.654375, 70.903318 ], [ -154.645793, 70.869167 ], [ -154.577386, 70.835335 ], [ -154.501866, 70.821765 ], [ -154.352604, 70.834828 ], [ -154.260799, 70.815164 ], [ -154.223307, 70.79523 ], [ -154.239166, 70.776866 ], [ -154.181863, 70.768325 ], [ -153.995579, 70.821876 ], [ -153.932921, 70.878677 ], [ -153.89048, 70.885719 ], [ -153.747253, 70.895017 ], [ -153.485989, 70.885873 ], [ -153.23848, 70.922467 ], [ -153.137311, 70.925438 ], [ -153.017038, 70.904004 ], [ -152.774415, 70.885279 ], [ -152.590148, 70.886933 ], [ -152.259966, 70.84282 ], [ -152.188649, 70.79814 ], [ -152.283763, 70.7856 ], [ -152.377274, 70.714682 ], [ -152.471531, 70.68884 ], [ -152.433781, 70.616926 ], [ -152.365736, 70.601242 ], [ -152.332608, 70.612871 ], [ -152.264049, 70.592655 ], [ -152.060684, 70.574935 ], [ -152.02607, 70.559345 ], [ -151.816701, 70.545698 ], [ -151.701467, 70.55322 ], [ -151.760248, 70.516711 ], [ -151.728579, 70.495375 ], [ -151.936783, 70.463564 ], [ -151.946384, 70.452523 ], [ -151.876122, 70.430761 ], [ -151.554647, 70.435895 ], [ -151.343202, 70.408877 ], [ -151.229919, 70.37984 ], [ -151.187394, 70.384775 ], [ -151.180436, 70.430401 ], [ -151.123105, 70.439374 ], [ -151.116099, 70.422403 ], [ -151.06043, 70.418734 ], [ -151.026337, 70.441455 ], [ -150.834973, 70.460171 ], [ -150.762035247861007, 70.497218864541807 ], [ -150.357384, 70.493738 ], [ -150.350541, 70.435998 ], [ -150.245325, 70.441658 ], [ -150.112899, 70.431372 ], [ -149.866698, 70.510769 ], [ -149.810924, 70.490477 ], [ -149.661165, 70.509203 ], [ -149.565278, 70.49645 ], [ -149.461755, 70.518271 ], [ -149.418727, 70.492257 ], [ -149.179148, 70.4857 ], [ -148.959443, 70.423944 ], [ -148.858069, 70.422917 ], [ -148.789577, 70.402746 ], [ -148.696767848398025, 70.429160017645103 ], [ -148.610566, 70.422588 ], [ -148.477044, 70.359068 ], [ -148.46615, 70.313609 ], [ -148.411253, 70.302627 ], [ -148.351437, 70.304453 ], [ -148.203477, 70.348188 ], [ -148.107231, 70.342801 ], [ -148.076865, 70.32751 ], [ -147.863719, 70.293317 ], [ -147.765104, 70.219806 ], [ -147.681722, 70.199954 ], [ -147.50527, 70.200384 ], [ -147.402283, 70.185273 ], [ -147.272477206431006, 70.199221620780591 ], [ -147.161601, 70.155612 ], [ -146.991109, 70.14761 ], [ -146.885771, 70.185917 ], [ -146.734021, 70.175475 ], [ -146.508133, 70.186044 ], [ -146.309558, 70.178907 ], [ -146.006411, 70.140402 ], [ -145.872923, 70.148829 ], [ -145.858296954090974, 70.165996082958287 ], [ -145.623306, 70.084375 ], [ -145.505682, 70.074528 ], [ -145.43483, 70.036994 ], [ -145.247167, 70.017891 ], [ -145.175073, 69.991707 ], [ -144.990131, 69.97768 ], [ -144.953637, 69.959262 ], [ -144.867623, 69.972266 ], [ -144.854539, 69.986364 ], [ -144.738976, 69.970112 ], [ -144.618671, 69.969315 ], [ -144.463286, 70.025735 ], [ -144.231051, 70.035912 ], [ -144.079634, 70.058961 ], [ -143.911494, 70.129837 ], [ -143.782213, 70.124668 ], [ -143.753065, 70.137242 ], [ -143.595181, 70.142521 ], [ -143.574986, 70.154598 ], [ -143.498058491360013, 70.140100346485099 ], [ -143.503487, 70.093458 ], [ -143.357961, 70.09497 ], [ -143.255576, 70.11933 ], [ -143.112951, 70.078271 ], [ -143.051291, 70.078188 ], [ -143.0381, 70.093888 ], [ -142.746807, 70.042531 ], [ -142.112714, 69.862162 ], [ -141.606229, 69.761695 ], [ -141.430839950052018, 69.695143772583705 ], [ -141.428856, 69.662658 ], [ -141.377718, 69.634631 ], [ -141.258557623899009, 69.632247045290185 ], [ -141.210456484604975, 69.684190148585699 ], [ -141.002672, 69.645609 ], [ -141.00184, 60.306105 ], [ -140.53509, 60.224224 ], [ -140.472292, 60.31059 ], [ -139.989142, 60.18524 ], [ -139.698361, 60.340421 ], [ -139.086669, 60.357654 ], [ -139.200346, 60.090701 ], [ -139.046426, 59.998235 ], [ -138.702053, 59.910245 ], [ -138.620931, 59.770559 ], [ -137.604277, 59.243057 ], [ -137.498558, 58.986694 ], [ -137.526424, 58.906834 ], [ -137.447383, 58.909513 ], [ -137.264752, 59.002352 ], [ -136.826633, 59.158389 ], [ -136.581521, 59.164909 ], [ -136.466815, 59.284252 ], [ -136.474326, 59.464194 ], [ -136.365825, 59.448008 ], [ -136.301846, 59.464128 ], [ -136.234229, 59.524731 ], [ -136.256889, 59.623646 ], [ -135.945905, 59.663802 ], [ -135.477436, 59.799626 ], [ -135.231148, 59.697176 ], [ -135.166736, 59.63224 ], [ -135.114588, 59.623415 ], [ -135.027456, 59.563692 ], [ -135.026328, 59.474658 ], [ -135.071239, 59.453309 ], [ -135.067355686513025, 59.421854957114014 ], [ -135.016206157964007, 59.395398298523205 ], [ -135.029245, 59.345364 ], [ -134.961972, 59.280376 ], [ -134.702383, 59.247836 ], [ -134.681924, 59.190843 ], [ -134.566689, 59.128278 ], [ -134.481241, 59.128071 ], [ -134.379771, 59.034961 ], [ -134.401042, 58.976221 ], [ -134.30639, 58.959238 ], [ -134.328964, 58.919593 ], [ -134.250526, 58.858046 ], [ -133.840392, 58.727991 ], [ -133.699835, 58.60729 ], [ -133.379908, 58.427909 ], [ -133.460377, 58.38361 ], [ -133.176444, 58.150151 ], [ -133.076421, 57.999762 ], [ -132.869318, 57.842941 ], [ -132.252187, 57.215655 ], [ -132.371312, 57.095229 ], [ -132.225186136236999, 57.060454548882504 ], [ -132.051044, 57.051155 ], [ -132.125934, 56.874698 ], [ -132.080262070752013, 56.850925806413279 ], [ -131.930099835768999, 56.835211128734294 ], [ -131.871725, 56.804965 ], [ -131.90176, 56.753158 ], [ -131.835133, 56.601849 ], [ -131.581221, 56.613275 ], [ -131.461806, 56.547904 ], [ -131.085704, 56.40654 ], [ -130.782231, 56.367511 ], [ -130.622482, 56.267939 ], [ -130.466874, 56.239789 ], [ -130.425575, 56.140676 ], [ -130.24554, 56.096876 ], [ -130.102761, 56.116696 ], [ -130.00426, 55.993379 ], [ -130.013198, 55.916382 ], [ -130.128538, 55.802148 ], [ -130.150061, 55.727099 ], [ -130.111677, 55.682051 ], [ -130.120132, 55.563919 ], [ -129.979511, 55.286723 ], [ -130.118919, 55.176074 ], [ -130.221512, 55.02599 ], [ -130.474605, 54.838102 ], [ -130.636745, 54.778456 ], [ -130.657754, 54.761828 ], [ -130.62807, 54.739341 ], [ -130.686192, 54.71691 ], [ -130.773606, 54.820845 ], [ -130.836853, 54.765437 ], [ -130.915936, 54.789617 ], [ -130.975440017806989, 54.921383183899891 ], [ -130.946291620484999, 54.947557254964089 ], [ -131.012061, 54.996238 ], [ -130.986802, 55.065222 ], [ -130.846354258240012, 55.1194733126353 ], [ -130.804118825387036, 55.0802122060391 ], [ -130.767237179797007, 55.079617340787593 ], [ -130.719647959680003, 55.096868433079884 ], [ -130.710130115657023, 55.128991156658593 ], [ -130.771996101808014, 55.090919780565301 ], [ -130.820775052428019, 55.1385090006819 ], [ -130.984157, 55.08441 ], [ -131.068833862285004, 55.121257908389701 ], [ -131.093806, 55.191335 ], [ -130.925069, 55.300713 ], [ -130.818395591421989, 55.292579100809505 ], [ -130.680981718335005, 55.309830193101703 ], [ -130.694663619119012, 55.330650476902697 ], [ -130.725596612193982, 55.305071271090092 ], [ -130.846354258240012, 55.29971748382701 ], [ -130.922985, 55.435113 ], [ -130.872056328488014, 55.544301412459198 ], [ -130.810662343152984, 55.5495608894391 ], [ -130.786272867842996, 55.529930336141 ], [ -130.80352396013501, 55.559078733462506 ], [ -130.753555279013, 55.573355499497396 ], [ -130.723217151189033, 55.595960379052805 ], [ -130.796980442368977, 55.576329825754684 ], [ -130.817800726169992, 55.551940350445001 ], [ -130.874007555440983, 55.557705636315006 ], [ -130.901872, 55.69738 ], [ -130.969758364935018, 55.784740928583098 ], [ -130.932482442007966, 55.815344697897196 ], [ -130.984773, 55.799349 ], [ -131.216475337700984, 55.984341594646196 ], [ -131.106183095433011, 56.036039706187893 ], [ -131.105588230182008, 56.056859989988887 ], [ -131.340560004507012, 55.967035337018785 ], [ -131.25489940829803, 55.971794259030489 ], [ -131.070138, 55.828551 ], [ -130.965994, 55.688974 ], [ -130.927651, 55.576585 ], [ -130.954918757396001, 55.555739712062795 ], [ -130.975312740112003, 55.568475618542308 ], [ -130.987103, 55.539872 ], [ -130.971743548603996, 55.385257121093296 ], [ -131.029045, 55.408395 ], [ -131.019881, 55.347905 ], [ -131.065160973936003, 55.259250043351585 ], [ -131.160492, 55.197481 ], [ -131.235516, 55.197574 ], [ -131.326878103724027, 55.244868921749287 ], [ -131.230432, 55.297802 ], [ -131.197489, 55.391051 ], [ -131.292102, 55.383946 ], [ -131.254461, 55.329698 ], [ -131.291203, 55.281751 ], [ -131.348702671946967, 55.257948782056907 ], [ -131.411943834682006, 55.261525148790199 ], [ -131.470240629324991, 55.285914624099902 ], [ -131.471976480512012, 55.323385989297591 ], [ -131.509811423704008, 55.332310325321004 ], [ -131.550044, 55.293389 ], [ -131.639031, 55.339481 ], [ -131.698743, 55.354873 ], [ -131.83548789372, 55.449502568250786 ], [ -131.718299439182971, 55.517912072168393 ], [ -131.684392119850003, 55.568475618542308 ], [ -131.660597509792012, 55.558362909267494 ], [ -131.654172, 55.592431 ], [ -131.726322, 55.63593 ], [ -131.719308, 55.749099 ], [ -131.504742813909985, 55.787386031078704 ], [ -131.539244998493984, 55.803447392867994 ], [ -131.610628828669007, 55.783816839569887 ], [ -131.705259, 55.789939 ], [ -131.712607590068018, 55.837213929121489 ], [ -131.517234984189997, 55.843303364715702 ], [ -131.563039608553026, 55.851036612984593 ], [ -131.613008289675008, 55.937292074446006 ], [ -131.776737, 55.878784 ], [ -131.908061454398023, 55.866503109522498 ], [ -131.771248, 55.810028 ], [ -131.82616, 55.71858 ], [ -131.856903042772984, 55.718976527160997 ], [ -131.828887, 55.667148 ], [ -131.897413, 55.603914 ], [ -131.963121, 55.615263 ], [ -131.936689, 55.535151 ], [ -131.971792, 55.498279 ], [ -132.183207, 55.588128 ], [ -132.224167, 55.701766 ], [ -132.283594, 55.761774 ], [ -132.206951, 55.736987 ], [ -132.183163, 55.80083 ], [ -132.072746716345989, 55.816053647340688 ], [ -132.095351595900979, 55.849960966673805 ], [ -132.049546971538973, 55.889816938521406 ], [ -132.066798063830987, 55.942165080649701 ], [ -131.978758006616005, 55.965364825456611 ], [ -131.961506914322996, 55.999867010041086 ], [ -131.972809354101003, 56.167024145700701 ], [ -131.891907679902999, 56.184870103244407 ], [ -131.863354147833007, 56.215803096320194 ], [ -131.884174431633994, 56.227700401349402 ], [ -131.943402, 56.192557 ], [ -132.01813, 56.183155 ], [ -132.026942091984012, 56.133116826367583 ], [ -132.069772390088986, 56.115865734075307 ], [ -132.13937162450901, 56.156316571174393 ], [ -132.10402, 56.108109 ], [ -132.153984277508016, 56.072209494450398 ], [ -132.206591397924001, 56.070061109713095 ], [ -132.135474, 55.941626 ], [ -132.170198, 55.919231 ], [ -132.279962, 55.924839 ], [ -132.323242, 55.851878 ], [ -132.372298, 55.850359 ], [ -132.397304, 55.878867 ], [ -132.382671512354989, 55.9213447968487 ], [ -132.449891285770008, 55.964175094953596 ], [ -132.427286406214961, 56.006410527807084 ], [ -132.477849952588969, 56.027825676859585 ], [ -132.469521839067994, 56.062922726695597 ], [ -132.573677, 56.0707 ], [ -132.640079, 56.033194 ], [ -132.723396, 56.145814 ], [ -132.718342, 56.217704 ], [ -132.689888, 56.238744 ], [ -132.601495, 56.240065 ], [ -132.543076, 56.332276 ], [ -132.422041, 56.349341 ], [ -132.380574, 56.307785 ], [ -132.398732874144997, 56.225320940343487 ], [ -132.302364703408983, 56.198552004027903 ], [ -132.365420420063003, 56.283022869734893 ], [ -132.346979597268017, 56.407349707289505 ], [ -132.38938, 56.491367 ], [ -132.253393, 56.449539 ], [ -132.204367, 56.372086 ], [ -132.17935, 56.390823 ], [ -132.208568, 56.457125 ], [ -132.361293, 56.534232 ], [ -132.363836, 56.588613 ], [ -132.284216338594007, 56.636698580870387 ], [ -132.281464466069991, 56.665593322369794 ], [ -132.452081069206002, 56.672473030345003 ], [ -132.554290137401011, 56.7145976096674 ], [ -132.373615, 56.820353 ], [ -132.43833, 56.821117 ], [ -132.556758, 56.757242 ], [ -132.770404, 56.837486 ], [ -132.943926877106009, 56.985261299080499 ], [ -132.871496156540985, 56.999661371266598 ], [ -132.816030848042004, 56.9680102067883 ], [ -132.794020833738017, 56.975743455057184 ], [ -132.823764096310981, 57.091147313840004 ], [ -132.870116, 57.078424 ], [ -132.885630082463024, 57.026901866682586 ], [ -132.984307, 57.054845 ], [ -132.999249345490995, 57.012030235396097 ], [ -133.02505, 57.057322 ], [ -133.076481, 57.081733 ], [ -133.188074, 57.088973 ], [ -133.224656, 57.136522 ], [ -133.309174141500989, 57.106613810377894 ], [ -133.56972512163901, 57.185136023570308 ], [ -133.505479674482018, 57.207146037874189 ], [ -133.500720752469988, 57.232725243686893 ], [ -133.53403320655201, 57.260683910505385 ], [ -133.489738, 57.305192 ], [ -133.371591, 57.286713 ], [ -133.249687616355004, 57.294591229838488 ], [ -133.238385176576998, 57.310057726376392 ], [ -133.468267, 57.364217 ], [ -133.445398284084007, 57.407615627615392 ], [ -133.52514, 57.490344 ], [ -133.481221, 57.57147 ], [ -133.578948, 57.565094 ], [ -133.66439, 57.611707 ], [ -133.65453, 57.713689 ], [ -133.582212, 57.715095 ], [ -133.188864, 57.589071 ], [ -133.162464, 57.599796 ], [ -133.278209, 57.661859 ], [ -133.586976213930996, 57.769293700501592 ], [ -133.556097, 57.78883 ], [ -133.585786483427967, 57.909087034594208 ], [ -133.602029591628963, 57.860393991349888 ], [ -133.636944895054, 57.867446466992085 ], [ -133.637054, 57.792203 ], [ -133.709141, 57.792739 ], [ -133.856390686316018, 57.949716331268696 ], [ -133.765019383692021, 57.999209120190002 ], [ -133.731706929611022, 57.957330606487282 ], [ -133.70220161313901, 57.957330606487282 ], [ -133.765971168095007, 58.047750124708799 ], [ -133.801187190980983, 58.037280496283294 ], [ -133.782151502935022, 58.005871611006299 ], [ -133.887799571593007, 57.973510941326992 ], [ -134.049602919990008, 58.062026890743802 ], [ -134.082915374071007, 58.28093730328019 ], [ -133.994399424655001, 58.304731913338507 ], [ -134.009627975091973, 58.337092583017885 ], [ -134.131456378589974, 58.29711763812 ], [ -134.096240355703998, 58.240962358382298 ], [ -134.146684929027998, 58.199083844679798 ], [ -134.271368685732966, 58.225733807945097 ], [ -134.257091919698013, 58.195276707070285 ], [ -134.287370560997005, 58.191529055986294 ], [ -134.631202676339996, 58.247446389623299 ], [ -134.683550818468007, 58.294440744488384 ], [ -134.609787527286983, 58.334891581587591 ], [ -134.651428094890008, 58.349168347622502 ], [ -134.649643499134982, 58.378911610195395 ], [ -134.728165712327979, 58.372962957680791 ], [ -134.777539528199014, 58.393188376230398 ], [ -134.792411159485027, 58.491936007972384 ], [ -134.990501288220003, 58.676344235924191 ], [ -134.931609628326015, 58.683482618941682 ], [ -134.938748011344018, 58.776876463420493 ], [ -134.995260210232004, 58.811378648005103 ], [ -135.026193203308026, 58.732856434812696 ], [ -135.151114906114032, 58.8458808325896 ], [ -135.208585, 59.076824 ], [ -135.373147845003984, 59.268242431320708 ], [ -135.35022755212799, 59.461126301766093 ], [ -135.396611351568993, 59.292434441920207 ], [ -135.541179297846014, 59.313599719404607 ], [ -135.444526, 59.277689 ], [ -135.42756003481702, 59.226749392691801 ], [ -135.36406, 59.211403 ], [ -135.304601387340995, 59.081899703961902 ], [ -135.366240336150014, 59.112060984180196 ], [ -135.411201240402022, 59.1884995570231 ], [ -135.542547487924026, 59.235136992737289 ], [ -135.446417263289021, 59.128537139676183 ], [ -135.377826, 59.099262 ], [ -135.393117336757996, 58.971492713291404 ], [ -135.323637075387978, 58.909626727139795 ], [ -135.339948, 58.888955 ], [ -135.142322, 58.61637 ], [ -135.137516, 58.577835 ], [ -135.186357, 58.59777 ], [ -135.189368, 58.576244 ], [ -135.058071, 58.349447 ], [ -135.053488, 58.290498 ], [ -135.095814, 58.297233 ], [ -135.1077, 58.265034 ], [ -135.056227, 58.189884 ], [ -135.306507, 58.242916 ], [ -135.446517194668019, 58.408235012973407 ], [ -135.475684633660023, 58.373058270324996 ], [ -135.630425, 58.42858 ], [ -135.687932555379973, 58.394949311578699 ], [ -135.917917, 58.381237 ], [ -135.897169, 58.450001 ], [ -135.99953, 58.480281 ], [ -135.893152, 58.513929 ], [ -135.933801731533009, 58.577313200856693 ], [ -135.872816675533016, 58.596013766571303 ], [ -136.089603, 58.815729 ], [ -136.049099388356012, 58.837826390469303 ], [ -136.050351, 58.913433 ], [ -136.120307, 58.968418 ], [ -136.162725, 58.977261 ], [ -136.106997, 58.864441 ], [ -136.150772, 58.757266 ], [ -136.247343, 58.752935 ], [ -136.493716, 58.838963 ], [ -136.544899, 58.967314 ], [ -136.591831637446006, 58.906967876576005 ], [ -136.698430158030959, 58.993562214120495 ], [ -136.619907944839014, 58.899573504390204 ], [ -136.670412, 58.893224 ], [ -136.877826, 58.962392 ], [ -137.033874673327972, 59.052275414439279 ], [ -137.044344301753995, 59.029432588783202 ], [ -136.915995, 58.938384 ], [ -136.932352, 58.916252 ], [ -137.037503351362005, 58.915634866179488 ], [ -137.089851493489988, 58.851984284273584 ], [ -137.013113876052017, 58.904927291653308 ], [ -136.744507, 58.876626 ], [ -136.58343, 58.838826 ], [ -136.447940741172999, 58.770963583794007 ], [ -136.471242094309019, 58.7457152969926 ], [ -136.356786, 58.692581 ], [ -136.489445121135986, 58.598353341377987 ], [ -136.342827, 58.64503 ], [ -136.317193, 58.671231 ], [ -136.200391754371992, 58.60822779269801 ], [ -136.074594968827995, 58.469902333262297 ], [ -136.041818, 58.380161 ], [ -136.092646, 58.34899 ], [ -136.276769, 58.313894 ], [ -136.305121, 58.328691 ], [ -136.273929, 58.363409 ], [ -136.336728, 58.37757 ], [ -136.382035, 58.362694 ], [ -136.376464, 58.298625 ], [ -136.570474642443003, 58.310954338072889 ], [ -136.567956, 58.245153 ], [ -136.597198, 58.215006 ], [ -136.658638, 58.207323 ], [ -136.70125, 58.219416 ], [ -136.730218, 58.286153 ], [ -136.857605, 58.31636 ], [ -136.946663, 58.393185 ], [ -137.018409, 58.409141 ], [ -137.08443821970198, 58.379482815040795 ], [ -137.67169, 58.615523 ], [ -137.687627, 58.664989 ], [ -137.928156, 58.780533 ], [ -137.951995, 58.886029 ], [ -138.192032968308013, 59.019876548899894 ], [ -138.636702, 59.130585 ], [ -138.847498, 59.224835 ], [ -139.420168, 59.37976 ], [ -139.855565, 59.53666 ], [ -139.837817, 59.561984 ], [ -139.762001339954992, 59.546213323389601 ], [ -139.703942491413017, 59.574766855459579 ], [ -139.697280000597004, 59.619500722369082 ], [ -139.663967546514982, 59.577622208666597 ], [ -139.634462230042971, 59.583332915080696 ], [ -139.581447, 59.609171 ], [ -139.585789, 59.642765 ], [ -139.485983863279017, 59.698498827762791 ], [ -139.582114087913965, 59.774641579949289 ], [ -139.634462230042971, 59.874578942194198 ], [ -139.62589617042201, 59.904084258666607 ], [ -139.527455, 59.940047 ], [ -139.488702, 59.995034 ], [ -139.505389, 60.039428 ], [ -139.555157, 60.039243 ], [ -139.60579, 59.9556 ], [ -139.705328, 59.934826 ], [ -139.801197, 59.832586 ], [ -140.3144, 59.698302 ], [ -140.883583, 59.737613 ], [ -141.423133895438013, 59.877329245396105 ], [ -141.485207000377017, 59.925023515517893 ], [ -141.418582092213967, 59.916457455896889 ], [ -141.299609041922992, 59.937396712748189 ], [ -141.268200156646003, 59.999262698899798 ], [ -141.327210789589998, 60.060176900649004 ], [ -141.277718000669012, 60.078260804293407 ], [ -141.291994766703965, 60.092537570328396 ], [ -141.376703578512007, 60.078260804293407 ], [ -141.36813751889099, 60.024009093360291 ], [ -141.40144997297196, 60.005925189716095 ], [ -141.595376044946988, 59.961905161108199 ], [ -141.736240136492995, 59.961905161108199 ], [ -141.966178, 60.019129 ], [ -142.698419, 60.093333 ], [ -143.624152, 60.037257 ], [ -143.897028675886986, 59.985937717266999 ], [ -144.035037414224973, 60.020201955751098 ], [ -144.234912138715003, 60.023057308958087 ], [ -144.216828235071006, 60.040189428200101 ], [ -144.052538886551019, 60.041758613671895 ], [ -144.048731748942004, 60.059271446674792 ], [ -144.110300016538957, 60.098939021389008 ], [ -144.285356712039004, 60.140126790445002 ], [ -144.253878, 60.165894 ], [ -144.253978, 60.182934 ], [ -144.441936, 60.163069 ], [ -144.526950180207024, 60.1895127090065 ], [ -144.596256, 60.181666 ], [ -144.75345, 60.283515 ], [ -144.942134, 60.289728 ], [ -144.848662, 60.455192 ], [ -145.12555, 60.429389 ], [ -145.216677749720986, 60.365699693797602 ], [ -145.33565080001199, 60.338097946129899 ], [ -145.505457970321999, 60.39426823575338 ], [ -145.502350996638029, 60.42081144897849 ], [ -145.594158, 60.45183 ], [ -145.735938, 60.47466 ], [ -145.853469, 60.44563 ], [ -145.957404, 60.461101 ], [ -145.914403, 60.49235 ], [ -145.802387, 60.520173 ], [ -145.647598137876997, 60.6609908046211 ], [ -145.88835, 60.610304 ], [ -145.897145, 60.651214 ], [ -145.851783, 60.689858 ], [ -145.937067, 60.63049 ], [ -146.002533, 60.615082 ], [ -145.901279, 60.715373 ], [ -146.147236, 60.631407 ], [ -146.253074, 60.622315 ], [ -146.27025, 60.648035 ], [ -146.101061, 60.719277 ], [ -146.057760805001976, 60.777230310770001 ], [ -146.16022, 60.726383 ], [ -146.208739613334984, 60.744390116026587 ], [ -146.239512, 60.716889 ], [ -146.303398, 60.713214 ], [ -146.312283, 60.734401 ], [ -146.346573, 60.735747 ], [ -146.402873, 60.693084 ], [ -146.474142, 60.681539 ], [ -146.667754, 60.692761 ], [ -146.703597, 60.741903 ], [ -146.64411640711802, 60.735229988003091 ], [ -146.605008, 60.758608 ], [ -146.535181689398968, 60.761187446599507 ], [ -146.545130829276019, 60.772349579693902 ], [ -146.358618, 60.786193 ], [ -146.255415, 60.809962 ], [ -146.248174095747999, 60.838022703455003 ], [ -146.183158, 60.846969 ], [ -146.173131, 60.866071 ], [ -146.262572, 60.867787 ], [ -146.333424, 60.821921 ], [ -146.550577, 60.809402 ], [ -146.596575370987978, 60.847211622634099 ], [ -146.63650213189996, 60.818987015408297 ], [ -146.613519036602014, 60.862708945090581 ], [ -146.664368, 60.870854 ], [ -146.724844, 60.81212 ], [ -146.819018, 60.816346 ], [ -146.816305, 60.855628 ], [ -146.774155, 60.876225 ], [ -146.69769, 60.872534 ], [ -146.745543, 60.957582 ], [ -146.642212838313981, 61.075017019635595 ], [ -146.262450861783009, 61.090245570072994 ], [ -146.288149040646005, 61.122606239752194 ], [ -146.42425421018001, 61.13307586817789 ], [ -146.613659306244017, 61.118799102142887 ], [ -146.690552, 61.064076 ], [ -146.78373, 61.042936 ], [ -146.879853, 60.965161 ], [ -146.973072, 60.934835 ], [ -147.055754, 60.945468 ], [ -147.047088, 60.991209 ], [ -147.094863329320987, 61.010189014300494 ], [ -147.171624, 60.932877 ], [ -147.220809, 60.953121 ], [ -147.221616, 60.983541 ], [ -147.252984, 60.979621 ], [ -147.278004, 60.961063 ], [ -147.252306640208019, 60.925586868469495 ], [ -147.378086, 60.877845 ], [ -147.451569, 60.894219 ], [ -147.47309, 60.957552 ], [ -147.517424, 60.894819 ], [ -147.549756, 60.908009 ], [ -147.502323, 61.072056 ], [ -147.55021515813803, 61.141641927798808 ], [ -147.6188, 60.97004 ], [ -147.602405, 60.849978 ], [ -147.668593, 60.841563 ], [ -147.665855, 60.883774 ], [ -147.732957763385997, 60.890370845583199 ], [ -147.73866846979999, 60.935104712492802 ], [ -147.787115, 60.873511 ], [ -147.729421, 60.818252 ], [ -147.872112690938025, 60.822084996925987 ], [ -147.925218212657001, 60.864196774519087 ], [ -147.920445, 60.812442 ], [ -148.033953, 60.783198 ], [ -148.133987, 60.791268 ], [ -148.151597, 60.818122 ], [ -148.101841, 60.899347 ], [ -147.950619, 61.029211 ], [ -147.949964607117977, 61.074541127434394 ], [ -147.746282745019016, 61.195417746530701 ], [ -147.726295272570042, 61.266801576705596 ], [ -147.977566354785012, 61.102142875102103 ], [ -148.065505, 61.003979 ], [ -148.161260744435992, 61.106901797113792 ], [ -148.189814276506013, 61.084058971457701 ], [ -148.373508666155999, 61.053601870583101 ], [ -148.356376546913992, 61.036469751341102 ], [ -148.424905023882019, 60.970796627580285 ], [ -148.317353386418006, 61.036469751341102 ], [ -148.168875019653996, 61.073589343032182 ], [ -148.19897, 60.971584 ], [ -148.281248, 60.917792 ], [ -148.316220028778019, 60.83171659291839 ], [ -148.393258192503993, 60.850395900685307 ], [ -148.338686453068021, 60.807480693574888 ], [ -148.389517, 60.805622 ], [ -148.426554590747969, 60.827113314896494 ], [ -148.548399050084015, 60.818035231005901 ], [ -148.539832990462997, 60.800903111763894 ], [ -148.457027747459989, 60.806613818178 ], [ -148.450890398135016, 60.789486625912502 ], [ -148.633107861892, 60.739988910014688 ], [ -148.601698976614983, 60.717146084358824 ], [ -148.525556224427987, 60.763783520072998 ], [ -148.446714576951024, 60.761203844154792 ], [ -148.395962, 60.779701 ], [ -148.366407, 60.765833 ], [ -148.396113545711017, 60.717146084358824 ], [ -148.374017740949995, 60.672640168816898 ], [ -148.280136, 60.753337 ], [ -148.229756, 60.76414 ], [ -148.257153022970982, 60.700965749519007 ], [ -148.190343244474008, 60.607563962454783 ], [ -148.254852, 60.595124 ], [ -148.333245297414976, 60.530464051254491 ], [ -148.450365256644005, 60.567715933192503 ], [ -148.529363362037998, 60.560101657974009 ], [ -148.635011430695982, 60.50870530024801 ], [ -148.692118494836024, 60.448742882901008 ], [ -148.46083488507, 60.545824891939006 ], [ -148.330440421949987, 60.496332103017593 ], [ -148.328987, 60.476182 ], [ -148.293534, 60.483001 ], [ -148.102747, 60.598026 ], [ -147.963617, 60.50275 ], [ -147.953708890371985, 60.422610350587689 ], [ -148.216921, 60.331594 ], [ -148.215152, 60.301014 ], [ -148.358249569146011, 60.221585741893094 ], [ -148.332652, 60.214 ], [ -148.275752, 60.24927 ], [ -148.208328, 60.259342 ], [ -148.192569, 60.241826 ], [ -148.234227, 60.223689 ], [ -148.19053, 60.206957 ], [ -148.139869, 60.241081 ], [ -148.090238, 60.215863 ], [ -148.126291, 60.167063 ], [ -148.080188, 60.171568 ], [ -148.051918, 60.202062 ], [ -148.003433, 60.176167 ], [ -148.09723, 60.12012 ], [ -148.142819921639983, 60.039832509049191 ], [ -148.273844, 60.013318 ], [ -148.317941, 60.028731 ], [ -148.292816, 60.151289 ], [ -148.346535, 60.162108 ], [ -148.423477347277981, 59.954052939789001 ], [ -148.471066567394985, 59.953101155386605 ], [ -148.490474889511972, 60.000625070322798 ], [ -148.538643259959969, 60.014015357135989 ], [ -148.552920025995007, 59.954052939789001 ], [ -148.636677053400007, 59.915029779293299 ], [ -148.752794750485009, 59.959763646202887 ], [ -148.856539250339011, 59.922644054512006 ], [ -148.938392708939972, 59.972136843433198 ], [ -149.025005089551996, 59.949294017777312 ], [ -149.117328176578013, 59.962618999409905 ], [ -149.121135314188024, 59.984510040663586 ], [ -149.041599, 60.030726 ], [ -149.058699844862019, 60.061418622597806 ], [ -149.204853, 60.009212 ], [ -149.286745800192989, 59.8693441279813 ], [ -149.341584, 60.076762 ], [ -149.371216665899993, 60.1182357491913 ], [ -149.420709454822003, 60.121091102398303 ], [ -149.440696927271006, 60.032575152981394 ], [ -149.388348785142028, 59.983082364060188 ], [ -149.429275514442992, 59.977371657646096 ], [ -149.459732615316966, 59.919312809103801 ], [ -149.510177188640995, 59.9326377907365 ], [ -149.55526135300201, 59.91115589400399 ], [ -149.61963239490899, 59.822230800065888 ], [ -149.585368156425005, 59.779400501960993 ], [ -149.538730720711015, 59.78225585516801 ], [ -149.526357523481011, 59.703257749774401 ], [ -149.638668082956002, 59.742280910270104 ], [ -149.662462693014021, 59.896469983447901 ], [ -149.683401949865015, 59.939300281552796 ], [ -149.727184032373003, 59.948818125576196 ], [ -149.74112887671302, 59.825665120540698 ], [ -149.808085706571035, 59.843170056917195 ], [ -149.754785780039981, 59.794629052398385 ], [ -149.737653660798003, 59.643295332427385 ], [ -149.791905371730991, 59.661379236071909 ], [ -149.849314939523964, 59.738065986170092 ], [ -150.028295728383995, 59.788652281141893 ], [ -150.042854490639996, 59.772273682420696 ], [ -149.928962325666987, 59.72324522222349 ], [ -149.933721247678989, 59.668993511290594 ], [ -150.005105077853983, 59.659475667267309 ], [ -150.031935471847021, 59.613947469101184 ], [ -150.073633554821981, 59.661379236071909 ], [ -150.114476899892026, 59.590465097239395 ], [ -150.086958536454006, 59.583332915080696 ], [ -150.192193180477005, 59.551663927809294 ], [ -150.180233407883009, 59.533840126159198 ], [ -150.253956120154015, 59.521135538255699 ], [ -150.253520806862014, 59.486250906042599 ], [ -150.284929692139031, 59.496720534468395 ], [ -150.311579655404984, 59.475781277617095 ], [ -150.297302889370002, 59.416770644672589 ], [ -150.363927797532995, 59.4196259978794 ], [ -150.392481329602987, 59.387265328200201 ], [ -150.429600921293996, 59.39202425021189 ], [ -150.288852254385972, 59.647206503018502 ], [ -150.412448, 59.554628 ], [ -150.478742, 59.458498 ], [ -150.516317, 59.462326 ], [ -150.564754306425016, 59.524322282135913 ], [ -150.516213301905964, 59.5918989747016 ], [ -150.556113856892011, 59.590330920314493 ], [ -150.602230357394973, 59.545891370614605 ], [ -150.63954281540299, 59.547149089810489 ], [ -150.584636, 59.49451 ], [ -150.581182, 59.445233 ], [ -150.601162, 59.425657 ], [ -150.739958485942992, 59.425211432745392 ], [ -150.769853, 59.372966 ], [ -150.911598015074986, 59.311614307379308 ], [ -150.887821, 59.26792 ], [ -150.942212, 59.233136 ], [ -150.988396641997014, 59.230549078260907 ], [ -150.971166246221003, 59.19881201653839 ], [ -151.017803681934993, 59.222606626596708 ], [ -150.999063129770008, 59.27108169282009 ], [ -151.057756474261993, 59.3017214435894 ], [ -151.091531514939959, 59.269187140840693 ], [ -151.161754666849987, 59.281510030997488 ], [ -151.104328205694998, 59.256650612610287 ], [ -151.126247, 59.209923 ], [ -151.186254, 59.202813 ], [ -151.217481437543967, 59.22258864109989 ], [ -151.242424800885004, 59.201667369745508 ], [ -151.280544407384014, 59.230475870482692 ], [ -151.305724, 59.209544 ], [ -151.407203, 59.279349 ], [ -151.525127057420974, 59.224947008616901 ], [ -151.469901273043007, 59.204522722952397 ], [ -151.574664400334996, 59.1953267463619 ], [ -151.580351, 59.165233 ], [ -151.748451, 59.158601 ], [ -151.761300894804009, 59.221327100972893 ], [ -151.874356, 59.211931 ], [ -151.915684, 59.227522 ], [ -151.905106302912969, 59.247074737033294 ], [ -151.978748, 59.253779 ], [ -151.991618, 59.313617 ], [ -151.903020644550026, 59.360454179826299 ], [ -151.886513, 59.421033 ], [ -151.770875, 59.447917 ], [ -151.728485894811996, 59.439678938976598 ], [ -151.634472, 59.482443 ], [ -151.470991608921992, 59.472249555028206 ], [ -151.420965820719005, 59.537728408285204 ], [ -151.272458508275008, 59.555823420190507 ], [ -151.274795, 59.596986 ], [ -151.201678, 59.591503 ], [ -151.192803, 59.562432 ], [ -151.158254, 59.594141 ], [ -151.203186, 59.645989 ], [ -151.126122, 59.668336 ], [ -151.098253, 59.709442 ], [ -150.927312, 59.793431 ], [ -151.063758, 59.793146 ], [ -151.503821832074976, 59.633661753061993 ], [ -151.686486, 59.660864 ], [ -151.829137, 59.720151 ], [ -151.869468, 59.769159 ], [ -151.702898, 60.032253 ], [ -151.421702, 60.212931 ], [ -151.377281, 60.365522 ], [ -151.299782275782974, 60.385480763384187 ], [ -151.264461112979006, 60.543263153181698 ], [ -151.330409, 60.580539 ], [ -151.40927, 60.720558 ], [ -151.279635, 60.747676 ], [ -151.252902, 60.773993 ], [ -151.037007, 60.793649 ], [ -150.678438, 60.958267 ], [ -150.377171, 61.039144 ], [ -150.262096, 60.947839 ], [ -150.187657, 60.924796 ], [ -150.04557, 60.910004 ], [ -149.853693, 60.967395 ], [ -149.770264, 60.967607 ], [ -149.646520304274986, 60.929394006078695 ], [ -149.571329336490976, 60.937008281297402 ], [ -149.345756433137979, 60.896081551997085 ], [ -149.174435240718026, 60.890370845583199 ], [ -149.022149736345028, 60.840878056662007 ], [ -149.063076465645025, 60.891322629985396 ], [ -149.192519144361995, 60.939863634504498 ], [ -149.359081414770998, 60.923683299664788 ], [ -149.510415134740981, 60.981742148207005 ], [ -149.596075730950986, 60.980790363804786 ], [ -149.751943, 61.024072 ], [ -149.831922, 61.076197 ], [ -150.075451, 61.156269 ], [ -150.009940507512027, 61.203637272710999 ], [ -149.924441349755995, 61.211122189169096 ], [ -149.811179005878017, 61.317722042230301 ], [ -149.730277331679986, 61.332950592667686 ], [ -149.701723799610022, 61.385298734795882 ], [ -149.429513460543006, 61.447164720947491 ], [ -149.431417029347983, 61.468103977798805 ], [ -149.542775804420984, 61.4899950190525 ], [ -149.62843640063096, 61.485236097040797 ], [ -149.726470194070998, 61.453827211763802 ], [ -149.824503987511008, 61.389105872405189 ], [ -149.876852129638991, 61.384346950393486 ], [ -149.919682427743993, 61.263470331297398 ], [ -149.985874, 61.237515 ], [ -150.204894, 61.259548 ], [ -150.468812, 61.244627 ], [ -150.655803633511994, 61.298173122591685 ], [ -150.711291, 61.251089 ], [ -150.941943806062994, 61.209947100742092 ], [ -151.024905, 61.178391 ], [ -151.166606, 61.046404 ], [ -151.293622, 61.035715 ], [ -151.349004, 61.010004 ], [ -151.4803, 61.010902 ], [ -151.713912500454967, 60.916546074390496 ], [ -151.800264, 60.853672 ], [ -151.710444, 60.712657 ], [ -151.860179, 60.753282 ], [ -151.848614, 60.733976 ], [ -152.021936226394985, 60.673364001851503 ], [ -152.099982547387015, 60.59436589645788 ], [ -152.195084, 60.569675 ], [ -152.309221, 60.506384 ], [ -152.325821, 60.434806 ], [ -152.234199, 60.393888 ], [ -152.366213, 60.353304 ], [ -152.411281, 60.287864 ], [ -152.481794, 60.274681 ], [ -152.556752, 60.224217 ], [ -152.624648, 60.218687 ], [ -152.670403, 60.24432 ], [ -152.743387897232964, 60.22432273672819 ], [ -152.734251, 60.174801 ], [ -152.678085, 60.163504 ], [ -152.686373, 60.137717 ], [ -152.569121, 60.071748 ], [ -152.706431, 59.915284 ], [ -152.810058, 59.878322 ], [ -153.019977, 59.88623 ], [ -153.225937, 59.858343 ], [ -153.278535, 59.810924 ], [ -153.197352, 59.824827 ], [ -153.144372, 59.807616 ], [ -153.088515, 59.833376 ], [ -153.021945, 59.834133 ], [ -152.992126, 59.810027 ], [ -153.051559, 59.691562 ], [ -153.214156, 59.634271 ], [ -153.286525, 59.670251 ], [ -153.315123, 59.664896 ], [ -153.308837, 59.625706 ], [ -153.414898, 59.6386 ], [ -153.374778, 59.731587 ], [ -153.454972, 59.792099 ], [ -153.464556, 59.651712 ], [ -153.542465747674015, 59.630235940303798 ], [ -153.619030453508998, 59.654954691356103 ], [ -153.609253, 59.62164 ], [ -153.553163, 59.597046 ], [ -153.577828, 59.555991 ], [ -153.76148012667997, 59.543410778096096 ], [ -153.699025, 59.463603 ], [ -153.727546, 59.435346 ], [ -153.896576, 59.418486 ], [ -153.945539, 59.386061 ], [ -153.990003, 59.396777 ], [ -154.117671512871993, 59.365507906586593 ], [ -154.103014, 59.342719 ], [ -153.946444287911021, 59.361805095437795 ], [ -154.113577, 59.299627 ], [ -154.130585, 59.210503 ], [ -154.263291, 59.138462 ], [ -154.251233, 59.111239 ], [ -154.173669, 59.1202 ], [ -154.197422, 59.061155 ], [ -154.159834894968014, 59.010595427441999 ], [ -154.063489, 59.07214 ], [ -153.850238, 59.052917 ], [ -153.802782, 59.072224 ], [ -153.750936, 59.05284 ], [ -153.704162, 59.07578 ], [ -153.616066, 59.006737 ], [ -153.523522, 58.979221 ], [ -153.479939, 58.995286 ], [ -153.398479, 58.966056 ], [ -153.302433232737002, 58.871211884738493 ], [ -153.252249889985023, 58.855849985580797 ], [ -153.281146990681009, 58.837371889752895 ], [ -153.350964, 58.843551 ], [ -153.426641, 58.721127 ], [ -153.55265, 58.687176 ], [ -153.601257, 58.634633 ], [ -153.677597, 58.611603 ], [ -153.897155, 58.606237 ], [ -153.930473, 58.497482 ], [ -154.065121, 58.48643 ], [ -154.055759, 58.418782 ], [ -153.985416, 58.390877 ], [ -154.097254, 58.345322 ], [ -154.167997, 58.358378 ], [ -154.177161, 58.32147 ], [ -154.103412, 58.280161 ], [ -154.17201719126399, 58.25963875753709 ], [ -154.145277, 58.210931 ], [ -154.263388493886993, 58.175881730132083 ], [ -154.210078, 58.136062 ], [ -154.320495558026977, 58.144472844854981 ], [ -154.31764020481998, 58.081655074301082 ], [ -154.460121, 58.146067 ], [ -154.449212, 58.093218 ], [ -154.533695264149998, 58.0749925834848 ], [ -154.581547, 58.019285 ], [ -154.643965, 58.033147 ], [ -154.668895, 58.065272 ], [ -154.716162, 58.055256 ], [ -154.774719, 58.002168 ], [ -154.876559, 58.027722 ], [ -154.990431, 58.013424 ], [ -155.044803488201978, 57.950308826779192 ], [ -155.109263894316001, 57.944274443302724 ], [ -155.061806, 57.90433 ], [ -155.082139, 57.872248 ], [ -155.237933, 57.827131 ], [ -155.338153, 57.825384 ], [ -155.334944, 57.780692 ], [ -155.284691, 57.757388 ], [ -155.305814, 57.72405 ], [ -155.37861, 57.710766 ], [ -155.418854758318986, 57.747578749082599 ], [ -155.468287, 57.744637 ], [ -155.545676, 57.786769 ], [ -155.596857, 57.783539 ], [ -155.634543, 57.704764 ], [ -155.580658106714964, 57.672387781298298 ], [ -155.724167, 57.633445 ], [ -155.732779, 57.549732 ], [ -155.915261, 57.535331 ], [ -156.033806, 57.569883 ], [ -156.021875, 57.43966 ], [ -156.091668, 57.439829 ], [ -156.19574, 57.480059 ], [ -156.226886, 57.440667 ], [ -156.339425, 57.417641 ], [ -156.533544, 57.328527 ], [ -156.538684, 57.283041 ], [ -156.336427, 57.336081 ], [ -156.32191, 57.293369 ], [ -156.342943, 57.248056 ], [ -156.401488, 57.233169 ], [ -156.334404, 57.1823 ], [ -156.43511, 57.12743 ], [ -156.441599, 57.085158 ], [ -156.535587, 57.047905 ], [ -156.55052, 56.98461 ], [ -156.659305864434998, 56.993408193410588 ], [ -156.703763701466983, 57.031836878528701 ], [ -156.74944935277901, 57.032788662931097 ], [ -156.804432, 56.905881 ], [ -156.839322, 56.901854 ], [ -156.882893, 56.962582 ], [ -156.918796, 56.963583 ], [ -156.935629, 56.920087 ], [ -157.015665, 56.898486 ], [ -157.073453, 56.838345 ], [ -157.159494, 56.833477 ], [ -157.140277, 56.790874 ], [ -157.183636, 56.769079 ], [ -157.378771, 56.861696 ], [ -157.436932, 56.858522 ], [ -157.472407, 56.833356 ], [ -157.41344, 56.769185 ], [ -157.517478, 56.760839 ], [ -157.563802, 56.703426 ], [ -157.542295, 56.67532 ], [ -157.479153, 56.67008 ], [ -157.466497, 56.623266 ], [ -157.674587, 56.609507 ], [ -157.763698, 56.679247 ], [ -157.948953813628009, 56.630442068295892 ], [ -157.979886806703973, 56.599509075220098 ], [ -158.032379270322991, 56.601900021180796 ], [ -158.12384419755702, 56.550730124600598 ], [ -158.12384419755702, 56.532884167056906 ], [ -157.913261898541009, 56.573335004156007 ], [ -157.83842, 56.56076 ], [ -157.817826, 56.51421 ], [ -157.860913756413026, 56.475777102916886 ], [ -158.110789058049022, 56.517007416259098 ], [ -158.136487236912018, 56.510582871543299 ], [ -158.12744, 56.460805 ], [ -158.328798, 56.484208 ], [ -158.402954, 56.455193 ], [ -158.498837, 56.38011 ], [ -158.489546, 56.341865 ], [ -158.322563, 56.325242 ], [ -158.203083, 56.283833 ], [ -158.339765, 56.217807 ], [ -158.252469698443008, 56.199381041066104 ], [ -158.17493, 56.236227 ], [ -158.112718, 56.240286 ], [ -158.314128, 56.163697 ], [ -158.350761137801015, 56.1249958903595 ], [ -158.400932431686016, 56.155620624582397 ], [ -158.394922, 56.064721 ], [ -158.439944, 56.10778 ], [ -158.475258, 56.093405 ], [ -158.407723, 56.014521 ], [ -158.431471, 55.994452 ], [ -158.467335, 56.027219 ], [ -158.501967, 56.02517 ], [ -158.50984, 55.979617 ], [ -158.59562, 56.045252 ], [ -158.572253624105997, 56.151813486973104 ], [ -158.659738, 56.098553 ], [ -158.636689, 56.005007 ], [ -158.673246, 55.951485 ], [ -158.74856, 55.959365 ], [ -158.747305, 56.009908 ], [ -158.792115821044007, 55.983347647760397 ], [ -158.838785152782975, 56.008278653212585 ], [ -158.909395623437007, 55.934886720019506 ], [ -158.999598, 55.927011 ], [ -159.008170880373996, 55.890072776331699 ], [ -159.062024835279999, 55.919074163248801 ], [ -159.170926013173016, 55.891024560734103 ], [ -159.280553962056985, 55.889172542906394 ], [ -159.31369367352201, 55.8577121066525 ], [ -159.334001624099017, 55.880118993000686 ], [ -159.374842, 55.871522 ], [ -159.411505, 55.788911 ], [ -159.470216, 55.828911 ], [ -159.453945, 55.89682 ], [ -159.528349, 55.888458 ], [ -159.494404, 55.765798 ], [ -159.551432, 55.711543 ], [ -159.530117, 55.665394 ], [ -159.61777, 55.595798 ], [ -159.696713, 55.573306 ], [ -159.733899, 55.569985 ], [ -159.743282, 55.603624 ], [ -159.626772, 55.629412 ], [ -159.695272141830969, 55.665993187523895 ], [ -159.659104334543002, 55.701209210410191 ], [ -159.673191, 55.750961 ], [ -159.602148, 55.805004 ], [ -159.643739, 55.830424 ], [ -159.81107, 55.85657 ], [ -159.858456, 55.841793 ], [ -159.862484, 55.787629 ], [ -159.947645992322975, 55.814589769937385 ], [ -159.966681680369987, 55.776518393844086 ], [ -160.026282, 55.792295 ], [ -160.051945, 55.760594 ], [ -160.017126253692993, 55.721314898508801 ], [ -160.078992239845007, 55.724170251715897 ], [ -160.064715473810054, 55.698472072852887 ], [ -160.124677891156978, 55.71465240769249 ], [ -160.128485028766022, 55.662304265564302 ], [ -160.279827, 55.641384 ], [ -160.421853, 55.662701 ], [ -160.433022, 55.639979 ], [ -160.356913285325987, 55.6061489858266 ], [ -160.435859, 55.573692 ], [ -160.501346, 55.478518 ], [ -160.536654, 55.474938 ], [ -160.595771, 55.57554 ], [ -160.666966, 55.544417 ], [ -160.737095, 55.555448 ], [ -160.77295, 55.538998 ], [ -160.660117, 55.518475 ], [ -160.666917, 55.459776 ], [ -160.795988, 55.454946 ], [ -160.836725, 55.473135 ], [ -160.828273, 55.516111 ], [ -160.86538, 55.526968 ] ] ], [ [ [ -159.398406982422017, 55.717800140380895 ], [ -159.364135742187983, 55.773956298828089 ], [ -159.33464050293, 55.77014923095701 ], [ -159.328918457030994, 55.764438629150398 ], [ -159.398406982422017, 55.717800140380895 ] ] ], [ [ [ -159.355575561523011, 55.807266235351605 ], [ -159.321304321288977, 55.815834045410192 ], [ -159.29084777832, 55.793941497802692 ], [ -159.305130004883011, 55.748256683349595 ], [ -159.355575561523011, 55.807266235351605 ] ] ], [ [ [ -159.098587036133011, 55.861518859863295 ], [ -159.110015869140994, 55.828205108642592 ], [ -159.185195922852017, 55.8415336608887 ], [ -159.145233154297017, 55.876747131347692 ], [ -159.098587036133011, 55.861518859863295 ] ] ], [ [ [ -160.818145751952983, 55.951747894287095 ], [ -160.805770874022983, 55.899398803710895 ], [ -160.932357788085994, 55.895591735839794 ], [ -160.847656249999972, 55.919387817382798 ], [ -160.818145751952983, 55.951747894287095 ] ] ], [ [ [ -159.979171752930029, 58.591793060302692 ], [ -159.994400024414006, 58.608924865722685 ], [ -159.993453979492017, 58.614639282226598 ], [ -159.963943481444971, 58.608924865722685 ], [ -159.979171752930029, 58.591793060302692 ] ] ], [ [ [ -160.300872802733977, 58.725997924804702 ], [ -160.244720458984006, 58.664131164550795 ], [ -160.274230957030994, 58.636528015136697 ], [ -160.316101074219006, 58.684116363525398 ], [ -160.300872802733977, 58.725997924804702 ] ] ], [ [ [ -161.056594848632983, 58.702201843261697 ], [ -160.843399047851989, 58.751693725585895 ], [ -160.68635559082, 58.819271087646506 ], [ -160.880508422851989, 58.581325531005902 ], [ -160.961410522460994, 58.553722381591797 ], [ -161.075637817383011, 58.549915313720696 ], [ -161.056594848632983, 58.702201843261697 ] ] ], [ [ [ -160.405578613281023, 58.747886657714787 ], [ -160.387496948241989, 58.701248168945298 ], [ -160.426513671875, 58.679359436035206 ], [ -160.405578613281023, 58.747886657714787 ] ] ], [ [ [ -160.179046630859006, 58.824031829834006 ], [ -160.203796386719006, 58.824981689453097 ], [ -160.232345581054972, 58.852584838867209 ], [ -160.212356567383011, 58.851631164550795 ], [ -160.179046630859006, 58.824031829834006 ] ] ], [ [ [ -164.02748107910196, 59.709789276123004 ], [ -163.930526733397983, 59.69194412231451 ], [ -163.964431762695, 59.679450988769482 ], [ -164.02748107910196, 59.709789276123004 ] ] ], [ [ [ -164.947509765625, 62.596313476562493 ], [ -165.071243286132983, 62.576328277587884 ], [ -165.076004028320028, 62.582038879394482 ], [ -165.01318359375, 62.640094757080099 ], [ -164.947509765625, 62.596313476562493 ] ] ], [ [ [ -164.920684814453011, 62.673706054687493 ], [ -164.843933105469006, 62.65645599365228 ], [ -164.818359374999972, 62.608863830566406 ], [ -164.874877929687983, 62.595779418945284 ], [ -164.929000854491989, 62.613624572753892 ], [ -164.942687988280994, 62.654670715331989 ], [ -164.920684814453011, 62.673706054687493 ] ] ], [ [ [ -162.430304, 63.625745 ], [ -162.424205, 63.636215 ], [ -162.374243, 63.626425 ], [ -162.341892, 63.594062 ], [ -162.345179, 63.551785 ], [ -162.377988, 63.543813 ], [ -162.614949, 63.540601 ], [ -162.707559, 63.577607 ], [ -162.558234, 63.634308 ], [ -162.430304, 63.625745 ] ] ], [ [ [ -155.75, 55.82185 ], [ -155.656723, 55.86087 ], [ -155.62056, 55.907509 ], [ -155.568207, 55.907509 ], [ -155.589157, 55.761887 ], [ -155.718597, 55.772358 ], [ -155.75, 55.82185 ] ] ], [ [ [ -158.773086547851989, 55.883411407470703 ], [ -158.711212158203011, 55.824398040771491 ], [ -158.822570800781023, 55.858665466308601 ], [ -158.861602783202983, 55.8415336608887 ], [ -158.840652465819971, 55.80821990966799 ], [ -158.889190673828011, 55.810123443603494 ], [ -158.869216918945, 55.8805541992188 ], [ -158.773086547851989, 55.883411407470703 ] ] ], [ [ [ -156.749923706055, 56.034843444824197 ], [ -156.693771362305, 56.068153381347692 ], [ -156.687103271484006, 56.006290435791001 ], [ -156.749923706055, 56.034843444824197 ] ] ], [ [ [ -158.113494873047017, 56.1337280273438 ], [ -158.151565551757983, 56.148006439208999 ], [ -158.091598510741989, 56.157524108886697 ], [ -158.113494873047017, 56.1337280273438 ] ] ], [ [ [ -156.778472900390994, 56.216632843017599 ], [ -156.75944519043, 56.169044494628892 ], [ -156.771820068359006, 56.150009155273395 ], [ -156.804183959960994, 56.176658630371094 ], [ -156.778472900390994, 56.216632843017599 ] ] ], [ [ [ -157.832473754883011, 56.370010375976591 ], [ -157.796310424805, 56.320518493652301 ], [ -157.826766967773011, 56.311000823974602 ], [ -157.901962280272983, 56.342407226562493 ], [ -157.832473754883011, 56.370010375976591 ] ] ], [ [ [ -154.668517, 56.452544 ], [ -154.742887, 56.401678 ], [ -154.799907, 56.419387 ], [ -154.70614, 56.521273 ], [ -154.534726, 56.60054 ], [ -154.402289, 56.580543 ], [ -154.39248, 56.554053 ], [ -154.668517, 56.452544 ] ] ], [ [ [ -156.972896, 56.536505 ], [ -157.121393, 56.551963 ], [ -157.168777, 56.53021 ], [ -157.328898, 56.528155 ], [ -157.250098, 56.582142 ], [ -157.077383, 56.579035 ], [ -156.972896, 56.536505 ] ] ], [ [ [ -153.952958, 56.507174 ], [ -154.304371, 56.502322 ], [ -154.3474, 56.512046 ], [ -154.362361, 56.542512 ], [ -154.244234, 56.609194 ], [ -154.103243, 56.617695 ], [ -154.025334, 56.551763 ], [ -153.870804, 56.558015 ], [ -153.952958, 56.507174 ] ] ], [ [ [ -157.390945434570028, 56.637798309326193 ], [ -157.425216674805029, 56.638748168945298 ], [ -157.425216674805029, 56.647315979003899 ], [ -157.390945434570028, 56.637798309326193 ] ] ], [ [ [ -154.050354003906051, 56.730239868164105 ], [ -154.02180480957, 56.684551239013693 ], [ -154.121734619140966, 56.695022583007784 ], [ -154.153152465819971, 56.681697845459006 ], [ -154.129348754883011, 56.707393646240192 ], [ -154.050354003906051, 56.730239868164105 ] ] ], [ [ [ -153.612533569336023, 56.8948974609375 ], [ -153.600158691405994, 56.909172058105504 ], [ -153.550674438476989, 56.912979125976591 ], [ -153.570648193359006, 56.892993927002003 ], [ -153.612533569336023, 56.8948974609375 ] ] ], [ [ [ -154.186597, 57.658578 ], [ -153.983015, 57.649835 ], [ -153.909415, 57.442413 ], [ -153.795299, 57.349047 ], [ -153.773191, 57.372442 ], [ -153.874177, 57.447817 ], [ -153.87595, 57.542769 ], [ -153.813136, 57.588581 ], [ -153.874286, 57.64611 ], [ -153.667261, 57.639008 ], [ -153.648693, 57.654125 ], [ -153.862886, 57.706943 ], [ -153.930279, 57.696791 ], [ -153.93522, 57.813047 ], [ -153.755054, 57.883565 ], [ -153.648798, 57.880103 ], [ -153.571362, 57.832101 ], [ -153.554226, 57.72245 ], [ -153.515205, 57.716505 ], [ -153.487849993297999, 57.774107578492199 ], [ -153.469892, 57.766536 ], [ -153.479457, 57.84202 ], [ -153.35358, 57.809731 ], [ -153.322687, 57.83619 ], [ -153.512024, 57.909156 ], [ -153.536524, 57.93077 ], [ -153.513347, 57.968751 ], [ -153.469421, 57.977282 ], [ -153.268149, 57.888741 ], [ -153.127278, 57.856748 ], [ -153.089419, 57.865233 ], [ -153.270325, 57.958566 ], [ -153.302198, 57.991706 ], [ -153.276536, 57.998447 ], [ -153.069857, 57.934428 ], [ -153.011006007729009, 57.925441298463006 ], [ -152.983763056673013, 57.950231124436293 ], [ -152.805420576824986, 57.914019885635092 ], [ -152.902633, 57.830146 ], [ -152.916334, 57.771216 ], [ -152.874498, 57.737961 ], [ -152.822543, 57.843203 ], [ -152.790211, 57.858058 ], [ -152.735459485115996, 57.824549160935206 ], [ -152.703579645775989, 57.869286018725489 ], [ -152.669315407292032, 57.880707431553397 ], [ -152.650456, 57.863721 ], [ -152.625607, 57.881232 ], [ -152.635378, 57.91861 ], [ -152.587705, 57.926961 ], [ -152.549661, 57.900137 ], [ -152.421408, 57.975683 ], [ -152.437416, 57.936978 ], [ -152.324103, 57.916604 ], [ -152.364777, 57.883921 ], [ -152.414976581641042, 57.902230963867197 ], [ -152.468511, 57.888621 ], [ -152.396153283822997, 57.855009252690486 ], [ -152.442511846375965, 57.8406588890035 ], [ -152.433653, 57.824314 ], [ -152.351152, 57.834768 ], [ -152.310927, 57.783452 ], [ -152.342674, 57.762306 ], [ -152.443786, 57.776142 ], [ -152.497314, 57.738596 ], [ -152.44303, 57.668049 ], [ -152.394474, 57.684665 ], [ -152.467756, 57.598221 ], [ -152.439667, 57.590399 ], [ -152.322733, 57.623402 ], [ -152.152393, 57.619485 ], [ -152.163996, 57.584607 ], [ -152.29147, 57.517103 ], [ -152.346660494900959, 57.4231370801323 ], [ -152.426433214540964, 57.437454455280005 ], [ -152.483717448837012, 57.422185295729896 ], [ -152.471344251606979, 57.461208456225599 ], [ -152.517004, 57.432184 ], [ -152.600375, 57.468833 ], [ -152.684413, 57.466597 ], [ -152.743084, 57.50571 ], [ -152.809036, 57.494505 ], [ -152.954939, 57.520449 ], [ -152.94901, 57.498212 ], [ -152.762676, 57.45756 ], [ -152.620377, 57.401601 ], [ -152.630441, 57.322668 ], [ -152.707768, 57.276046 ], [ -152.734988531053006, 57.307019383047795 ], [ -152.818187, 57.265368 ], [ -152.909051, 57.324222 ], [ -153.008525, 57.339733 ], [ -153.11628, 57.297312 ], [ -153.012992, 57.299453 ], [ -152.950982, 57.248991 ], [ -153.077916, 57.211444 ], [ -153.215967, 57.209297 ], [ -153.123865, 57.175445 ], [ -152.949333, 57.187346 ], [ -152.869797, 57.150849 ], [ -152.911371, 57.126813 ], [ -153.18001, 57.094523 ], [ -153.220953, 57.068239 ], [ -153.200217, 57.042039 ], [ -153.235282, 57.007398 ], [ -153.312583, 56.991486 ], [ -153.348707, 57.008373 ], [ -153.320929, 57.036838 ], [ -153.356503745776024, 57.052892947625004 ], [ -153.337468057728984, 57.072880420074092 ], [ -153.402608, 57.070092 ], [ -153.380389, 57.120468 ], [ -153.294156929284981, 57.175432198544684 ], [ -153.310143, 57.194426 ], [ -153.350266, 57.192339 ], [ -153.454618263241997, 57.110052368994197 ], [ -153.501174974929967, 57.140457112639695 ], [ -153.49885, 57.065363 ], [ -153.577006, 57.093177 ], [ -153.675981, 57.06983 ], [ -153.675736, 57.054778 ], [ -153.580831, 57.049048 ], [ -153.593498061956012, 57.02053227794579 ], [ -153.543429, 56.995245 ], [ -153.600664, 56.942629 ], [ -153.691659323073992, 56.928478791622396 ], [ -153.756253194754976, 56.87490926438889 ], [ -153.704603, 56.878046 ], [ -153.696693, 56.861519 ], [ -153.778199, 56.834386 ], [ -153.807353, 56.848584 ], [ -153.97178, 56.744861 ], [ -154.050518, 56.763523 ], [ -154.129017, 56.742168 ], [ -154.072878, 56.841099 ], [ -153.850464, 56.957278 ], [ -153.976871, 56.955144 ], [ -153.970875639344001, 56.997448515308605 ], [ -153.925189988031974, 57.059314501460193 ], [ -153.804787, 57.113158 ], [ -153.779087, 57.158821 ], [ -153.955647088906005, 57.074543051897507 ], [ -154.076623, 56.970589 ], [ -154.165409, 56.943244 ], [ -154.231771, 56.872294 ], [ -154.305713, 56.846871 ], [ -154.312888, 56.918673 ], [ -154.40749, 56.968334 ], [ -154.524695, 56.991623 ], [ -154.529844, 57.168882 ], [ -154.574343, 57.239919 ], [ -154.613723, 57.2678 ], [ -154.79384, 57.288862 ], [ -154.74309, 57.31477 ], [ -154.79369819329699, 57.3496117350521 ], [ -154.717624095170009, 57.366543605810087 ], [ -154.708508551151027, 57.426703280760407 ], [ -154.629678, 57.510197 ], [ -154.344244, 57.630901 ], [ -154.186597, 57.658578 ] ] ], [ [ [ -152.312393188476989, 57.367935180664105 ], [ -152.285751342772983, 57.392681121826193 ], [ -152.257186889648011, 57.386016845703097 ], [ -152.285751342772983, 57.366981506347692 ], [ -152.312393188476989, 57.367935180664105 ] ] ], [ [ [ -152.307632446288977, 57.753170013427699 ], [ -152.249572753905994, 57.790287017822294 ], [ -152.230545043944971, 57.785530090332003 ], [ -152.231491088867017, 57.775058746337898 ], [ -152.307632446288977, 57.753170013427699 ] ] ], [ [ [ -152.723571777343977, 57.973983764648388 ], [ -152.773056030272983, 57.922584533691399 ], [ -152.857772827147983, 57.952091217041009 ], [ -152.811126708984006, 57.976837158203097 ], [ -152.723571777343977, 57.973983764648388 ] ] ], [ [ [ -154.479446411133011, 58.050247192382798 ], [ -154.513702392577983, 58.067378997802699 ], [ -154.460403442382983, 58.061668395996101 ], [ -154.479446411133011, 58.050247192382798 ] ] ], [ [ [ -151.817108154296989, 58.183731079101605 ], [ -151.871841430664034, 58.169456481933594 ], [ -151.890869140625, 58.193248748779297 ], [ -151.862319946289006, 58.257495880127003 ], [ -151.817108154296989, 58.263442993164098 ], [ -151.790939331055, 58.246788024902294 ], [ -151.817108154296989, 58.183731079101605 ] ] ], [ [ [ -153.218115, 58.043909 ], [ -153.365574, 58.039052 ], [ -153.419783, 58.059638 ], [ -153.281874, 58.147555 ], [ -153.156402, 58.090087 ], [ -153.223709, 58.16212 ], [ -153.202801, 58.20808 ], [ -153.060846, 58.194502 ], [ -153.000579, 58.211768 ], [ -153.101841, 58.257938 ], [ -153.044316, 58.306336 ], [ -152.94127, 58.279614 ], [ -152.878858, 58.288533 ], [ -152.869811, 58.304906 ], [ -152.91245, 58.307191 ], [ -152.93644, 58.334923 ], [ -152.895407, 58.345305 ], [ -152.821964, 58.328501 ], [ -152.774048, 58.366826 ], [ -152.839234, 58.372477 ], [ -152.88886, 58.409384 ], [ -152.812207, 58.403464 ], [ -152.733845, 58.460662 ], [ -152.610955, 58.475775 ], [ -152.600534, 58.494946 ], [ -152.653673, 58.506572 ], [ -152.66622, 58.544087 ], [ -152.61613, 58.601852 ], [ -152.56771, 58.621304 ], [ -152.545009, 58.594253 ], [ -152.50282, 58.593451 ], [ -152.337964, 58.637404 ], [ -152.372317, 58.531175 ], [ -152.505516, 58.441876 ], [ -152.493991, 58.354684 ], [ -152.364682, 58.364613 ], [ -152.328063, 58.434372 ], [ -152.224965, 58.357372 ], [ -152.125339, 58.396396 ], [ -152.08925, 58.367644 ], [ -152.146519, 58.24912 ], [ -152.116569, 58.248537 ], [ -152.064777865149978, 58.317335428935195 ], [ -152.04910889612205, 58.2896178054053 ], [ -152.030073208076004, 58.296756188422798 ], [ -151.986171, 58.350413 ], [ -151.986127, 58.213774 ], [ -152.112205, 58.148559 ], [ -152.223175, 58.194794 ], [ -152.203699, 58.212055 ], [ -152.23383, 58.243329 ], [ -152.280629, 58.242344 ], [ -152.311415, 58.221115 ], [ -152.273605, 58.12563 ], [ -152.482674, 58.129813 ], [ -152.541533, 58.083666 ], [ -152.584222, 58.187477 ], [ -152.631214, 58.081924 ], [ -152.656801, 58.061049 ], [ -152.771303, 58.046883 ], [ -152.765326658876972, 58.008841406717401 ], [ -152.796259651952994, 57.992185179676497 ], [ -152.982406, 57.984697 ], [ -153.218115, 58.043909 ] ] ], [ [ [ -152.016464233397983, 58.908756256103494 ], [ -151.999328613280994, 58.923984527587891 ], [ -151.955551147460994, 58.914466857910185 ], [ -151.988861083983977, 58.911609649658189 ], [ -152.016464233397983, 58.908756256103494 ] ] ], [ [ [ -152.004089355469006, 58.941116333007784 ], [ -152.074523925780966, 58.912563323974602 ], [ -152.063095092773011, 58.946826934814503 ], [ -152.004089355469006, 58.941116333007784 ] ] ], [ [ [ -152.307708740233977, 58.9620552062988 ], [ -152.242034912108977, 58.938262939453104 ], [ -152.15446472168, 58.943019866943409 ], [ -152.342926025391023, 58.905899047851605 ], [ -152.307708740233977, 58.9620552062988 ] ] ], [ [ [ -151.643127441405966, 59.104583740234403 ], [ -151.708801269530966, 59.100776672363295 ], [ -151.723083496094006, 59.1198120117188 ], [ -151.685958862305029, 59.129333496093778 ], [ -151.643127441405966, 59.104583740234403 ] ] ], [ [ [ -151.433731079101989, 59.132186889648402 ], [ -151.430877685547017, 59.110294342041016 ], [ -151.468948364258011, 59.113151550293011 ], [ -151.526062011719006, 59.146465301513686 ], [ -151.433731079101989, 59.132186889648402 ] ] ], [ [ [ -151.799224853515994, 59.178825378417997 ], [ -151.79635620117196, 59.136947631835888 ], [ -151.879165649414006, 59.14836883544919 ], [ -151.880126953125, 59.157886505127003 ], [ -151.799224853515994, 59.178825378417997 ] ] ], [ [ [ -150.773193359375, 59.319686889648402 ], [ -150.69705200195304, 59.413913726806598 ], [ -150.609481811522954, 59.386314392089801 ], [ -150.618057250976989, 59.355857849121108 ], [ -150.721801757813012, 59.292087554931598 ], [ -150.773193359375, 59.319686889648402 ] ] ], [ [ [ -153.539077758789006, 59.39226150512701 ], [ -153.390609741210994, 59.412250518798793 ], [ -153.343017578125, 59.356094360351598 ], [ -153.413452148438012, 59.322780609130902 ], [ -153.515289306641023, 59.320877075195291 ], [ -153.573348999022983, 59.371322631835895 ], [ -153.539077758789006, 59.39226150512701 ] ] ], [ [ [ -149.77001953125, 59.609981536865199 ], [ -149.842346191405966, 59.666137695312507 ], [ -149.839492797852017, 59.675655364990185 ], [ -149.80236816406196, 59.653766632080099 ], [ -149.77001953125, 59.609981536865199 ] ] ], [ [ [ -152.567306518555, 60.158447265624993 ], [ -152.560653686522983, 60.094680786132798 ], [ -152.632980346679972, 60.148929595947287 ], [ -152.619659423827983, 60.183193206787095 ], [ -152.567306518555, 60.158447265624993 ] ] ], [ [ [ -152.012420654297017, 60.404010772705099 ], [ -151.980056762695028, 60.414478302002003 ], [ -151.930572509766023, 60.516319274902301 ], [ -151.841094970703011, 60.481101989746108 ], [ -151.963882446289034, 60.408767700195291 ], [ -151.95626831054696, 60.367839813232393 ], [ -152.080001831054972, 60.341190338134794 ], [ -152.072387695313012, 60.361179351806605 ], [ -152.005752563477017, 60.375453948974588 ], [ -152.012420654297017, 60.404010772705099 ] ] ], [ [ [ -150.164047241210994, 61.174003601074197 ], [ -150.228775024413977, 61.123558044433594 ], [ -150.271606445313012, 61.123558044433594 ], [ -150.22021484375, 61.170196533203097 ], [ -150.164047241210994, 61.174003601074197 ] ] ], [ [ [ -135.688586907157003, 57.319016531267401 ], [ -135.570803587368033, 57.239899452823501 ], [ -135.658859, 57.247964 ], [ -135.5986, 57.14536 ], [ -135.565707, 57.147312 ], [ -135.574693, 57.094339 ], [ -135.65054, 57.015139 ], [ -135.821915, 56.988215 ], [ -135.857028, 56.997287 ], [ -135.83489, 57.091387 ], [ -135.755997, 57.121225 ], [ -135.735405, 57.155403 ], [ -135.785583, 57.177929 ], [ -135.831889946233019, 57.170716624079013 ], [ -135.823232717563997, 57.219303421518013 ], [ -135.871864891130997, 57.221161197402594 ], [ -135.828831, 57.301981 ], [ -135.860558, 57.330854 ], [ -135.730323, 57.337286 ], [ -135.657272, 57.262027 ], [ -135.688586907157003, 57.319016531267401 ] ] ], [ [ [ -135.535705566406023, 57.226814270019503 ], [ -135.455993652344006, 57.172679901123004 ], [ -135.514892578124972, 57.157211303710895 ], [ -135.514892578124972, 57.139366149902301 ], [ -135.549987792969006, 57.156620025634787 ], [ -135.535705566406023, 57.226814270019503 ] ] ], [ [ [ -135.738555588278984, 57.931727740268698 ], [ -135.377758, 57.802212 ], [ -135.29156, 57.737468 ], [ -135.201461, 57.728171 ], [ -135.098422, 57.754898 ], [ -135.024837, 57.74299 ], [ -134.929726, 57.759203 ], [ -134.83712, 57.482761 ], [ -134.90268, 57.459349 ], [ -135.091216, 57.466352 ], [ -135.638023360782995, 57.700920022703087 ], [ -135.596977658431996, 57.650951341580708 ], [ -135.636833630279995, 57.643218093311795 ], [ -135.684951, 57.677508 ], [ -135.695111651588974, 57.651532144212396 ], [ -135.592778, 57.602474 ], [ -135.546143, 57.613826 ], [ -135.511012, 57.595906 ], [ -135.587475, 57.568829 ], [ -135.553903, 57.45487 ], [ -135.610454256286005, 57.442232126351399 ], [ -135.711400636549996, 57.367759589389799 ], [ -135.84381, 57.390896 ], [ -136.014529, 57.506227 ], [ -136.001717, 57.544499 ], [ -136.061747, 57.592068 ], [ -136.207876, 57.638107 ], [ -136.365052, 57.828561 ], [ -136.458829, 57.853901 ], [ -136.484259, 57.89646 ], [ -136.572045, 57.918469 ], [ -136.556247, 58.077019 ], [ -136.500119, 58.104787 ], [ -136.431573606227005, 58.0715210743612 ], [ -136.446285788907005, 58.113340350140803 ], [ -136.365543563315981, 58.148853557050693 ], [ -136.306057038170024, 58.127438407998206 ], [ -136.355430854041003, 58.222616848231397 ], [ -136.283886, 58.223685 ], [ -136.199875379988981, 58.154132647473098 ], [ -136.162108, 58.218724 ], [ -135.976386, 58.202029 ], [ -135.801133, 58.287716 ], [ -135.7351, 58.240213 ], [ -135.589198, 58.213677 ], [ -135.497911, 58.168882 ], [ -135.630741444673021, 58.035007048914593 ], [ -135.621582, 57.984623 ], [ -135.411777, 58.145473 ], [ -135.275797, 58.097024 ], [ -135.108896, 58.08827 ], [ -134.935005, 58.021639 ], [ -134.926395, 57.921919 ], [ -135.004952, 57.884338 ], [ -135.140674, 57.926114 ], [ -135.173712, 57.919399 ], [ -134.954547, 57.815785 ], [ -135.02337, 57.780537 ], [ -135.225158, 57.777783 ], [ -135.552802, 57.902711 ], [ -135.738555588278984, 57.931727740268698 ] ] ], [ [ [ -136.373275756835994, 58.232135772705085 ], [ -136.400039672851989, 58.271991729736285 ], [ -136.281066894530994, 58.267826080322308 ], [ -136.31379699707, 58.2297554016113 ], [ -136.373275756835994, 58.232135772705085 ] ] ], [ [ [ -136.047882080077983, 58.318984985351591 ], [ -136.035400390625, 58.273181915283189 ], [ -136.09428405761696, 58.257118225097692 ], [ -136.154968261719034, 58.276748657226605 ], [ -136.047882080077983, 58.318984985351591 ] ] ], [ [ [ -135.538497924804972, 58.337841033935497 ], [ -135.649856567383011, 58.324516296386683 ], [ -135.727905273437983, 58.365444183349595 ], [ -135.631774902344006, 58.380672454833991 ], [ -135.538497924804972, 58.337841033935497 ] ] ], [ [ [ -136.017730712891023, 58.504878997802699 ], [ -135.999649047852017, 58.523914337158203 ], [ -135.986312866210994, 58.517253875732386 ], [ -136.017730712891023, 58.504878997802699 ] ] ], [ [ [ -136.096481323241989, 58.558895111084006 ], [ -136.14978027343696, 58.591255187988295 ], [ -136.145980834960994, 58.607433319091804 ], [ -136.100296020508011, 58.596012115478487 ], [ -136.096481323241989, 58.558895111084006 ] ] ], [ [ [ -136.205230712891023, 58.629562377929709 ], [ -136.246368408203011, 58.663185119628892 ], [ -136.22998046875, 58.675251007080085 ], [ -136.205230712891023, 58.629562377929709 ] ] ], [ [ [ -136.55989074707, 58.87714767456049 ], [ -136.578918457030994, 58.892375946044901 ], [ -136.572265625000028, 58.896183013916001 ], [ -136.557983398438012, 58.896183013916001 ], [ -136.55989074707, 58.87714767456049 ] ] ], [ [ [ -136.833999633789006, 58.947578430175795 ], [ -136.793075561523011, 58.904747009277301 ], [ -136.861602783203011, 58.941867828369091 ], [ -136.833999633789006, 58.947578430175795 ] ] ], [ [ [ -139.715362548828011, 59.588092803955099 ], [ -139.783889770508011, 59.558586120605483 ], [ -139.798171997069971, 59.585235595703089 ], [ -139.725830078125, 59.638534545898395 ], [ -139.715362548828011, 59.588092803955099 ] ] ], [ [ [ -139.670623779296989, 59.628067016601591 ], [ -139.64016723632804, 59.626163482666001 ], [ -139.662063598633011, 59.617595672607393 ], [ -139.670623779296989, 59.628067016601591 ] ] ], [ [ [ -139.516433715819971, 59.713726043701193 ], [ -139.588775634765994, 59.708969116210902 ], [ -139.578308105469006, 59.73466491699218 ], [ -139.516433715819971, 59.713726043701193 ] ] ], [ [ [ -149.363845825195, 59.856971740722685 ], [ -149.377166748047046, 59.836982727050803 ], [ -149.402862548828011, 59.844596862793011 ], [ -149.400955200194971, 59.868392944335888 ], [ -149.363845825195, 59.856971740722685 ] ] ], [ [ [ -144.567077636719006, 59.851737976074197 ], [ -144.323425292969034, 59.992599487304695 ], [ -144.196838378905994, 60.001167297363295 ], [ -144.601348876953011, 59.7974853515625 ], [ -144.567077636719006, 59.851737976074197 ] ] ], [ [ [ -149.317199707031023, 59.936920166015597 ], [ -149.357177734374972, 59.899799346923793 ], [ -149.331481933594006, 59.944534301757798 ], [ -149.317199707031023, 59.936920166015597 ] ] ], [ [ [ -148.195999145507983, 59.9702339172363 ], [ -148.218841552734006, 59.976894378662088 ], [ -148.11129760742196, 59.97118377685549 ], [ -148.000885009765994, 60.038761138916009 ], [ -148.083694458007983, 59.959762573242195 ], [ -148.227416992188012, 59.932163238525384 ], [ -148.195999145507983, 59.9702339172363 ] ] ], [ [ [ -147.813385009765966, 60.055892944335902 ], [ -147.901901245117017, 59.974040985107393 ], [ -148.040863037108977, 59.939777374267585 ], [ -148.028488159179972, 59.97594451904299 ], [ -147.887619018555, 60.066364288330099 ], [ -147.853363037109006, 60.0787353515625 ], [ -147.813385009765966, 60.055892944335902 ] ] ], [ [ [ -144.388153076172017, 60.050659179687472 ], [ -144.367202758789006, 60.000213623046896 ], [ -144.367202758789006, 59.988792419433594 ], [ -144.388153076172017, 60.050659179687472 ] ] ], [ [ [ -147.815643310546989, 59.901824951171896 ], [ -147.739501953125028, 59.9529838562012 ], [ -147.681198120117017, 59.961311340332003 ], [ -147.697860717773011, 59.992244720458991 ], [ -147.594360351563012, 60.021987915039098 ], [ -147.390914916991989, 60.127872467041001 ], [ -147.321899414062983, 60.2147216796875 ], [ -147.213058471679972, 60.248779296874993 ], [ -147.183898925781023, 60.315849304199205 ], [ -147.214828491210994, 60.337265014648402 ], [ -147.182708740234006, 60.361061096191406 ], [ -147.091094970702983, 60.377716064453089 ], [ -147.124404907227017, 60.337265014648402 ], [ -146.999496459960966, 60.340835571289091 ], [ -147.105377197265966, 60.262313842773409 ], [ -146.918594360351989, 60.306331634521484 ], [ -146.957855224609034, 60.253982543945305 ], [ -147.208877563476989, 60.142150878906293 ], [ -147.357604980469006, 60.04102325439451 ], [ -147.352844238280966, 59.961311340332003 ], [ -147.421844482422017, 59.963687896728509 ], [ -147.49084472656304, 59.941085815429695 ], [ -147.453964233398011, 59.867321014404297 ], [ -147.533676147460966, 59.842338562011697 ], [ -147.600296020507983, 59.854232788085902 ], [ -147.660980224608977, 59.814971923828089 ], [ -147.858474731445028, 59.763816833496108 ], [ -147.927474975585966, 59.784038543701186 ], [ -147.912017822265994, 59.835197448730497 ], [ -147.8798828125, 59.867321014404297 ], [ -147.803741455078011, 59.879219055175788 ], [ -147.815643310546989, 59.901824951171896 ] ] ], [ [ [ -148.142432433640039, 60.013032273703793 ], [ -148.039306640625028, 60.110027313232393 ], [ -148.000045776366989, 60.118354797363295 ], [ -147.971496582030994, 60.159996032714787 ], [ -147.890594482422017, 60.104076385498011 ], [ -148.038116455078011, 60.064815521240199 ], [ -148.122589111327983, 59.987483978271506 ], [ -148.142432433640039, 60.013032273703793 ] ] ], [ [ [ -144.340560913086023, 60.143932342529304 ], [ -144.34912109375, 60.090633392333999 ], [ -144.43098449707, 60.152500152587898 ], [ -144.340560913086023, 60.143932342529304 ] ] ], [ [ [ -144.26345825195304, 60.167728424072294 ], [ -144.308197021484006, 60.166778564453111 ], [ -144.26345825195304, 60.174392700195284 ], [ -144.26345825195304, 60.167728424072294 ] ] ], [ [ [ -147.483825683594006, 60.224597930908196 ], [ -147.496200561523011, 60.265525817871094 ], [ -147.341064453124972, 60.305500030517585 ], [ -147.340103149413977, 60.275043487548785 ], [ -147.483825683594006, 60.224597930908196 ] ] ], [ [ [ -148.055374145507983, 60.37164688110348 ], [ -147.993515014648011, 60.376407623291001 ], [ -147.993515014648011, 60.349758148193402 ], [ -148.023971557616989, 60.282180786132798 ], [ -148.076309204102046, 60.274566650390604 ], [ -148.148651123047017, 60.293601989746101 ], [ -148.154357910155994, 60.317398071289098 ], [ -148.055374145507983, 60.37164688110348 ] ] ], [ [ [ -145.173843383789006, 60.359989166259801 ], [ -145.210021972655994, 60.303833007812507 ], [ -145.299484252930029, 60.330482482910206 ], [ -145.173843383789006, 60.359989166259801 ] ] ], [ [ [ -145.089141845702983, 60.320014953613295 ], [ -145.076766967773011, 60.352375030517585 ], [ -145.039642333984006, 60.366649627685497 ], [ -145.041549682616989, 60.357131958007805 ], [ -145.089141845702983, 60.320014953613295 ] ] ], [ [ [ -145.086288452147983, 60.399013519287102 ], [ -145.108169555664006, 60.307640075683594 ], [ -145.136734008788977, 60.296218872070305 ], [ -145.161468505859006, 60.341903686523395 ], [ -145.086288452147983, 60.399013519287102 ] ] ], [ [ [ -146.69314575195304, 60.284591674804702 ], [ -146.524200439453011, 60.350666046142585 ], [ -146.542709350585994, 60.35797500610348 ], [ -146.655899047851989, 60.340461730957003 ], [ -146.725112915039006, 60.359939575195298 ], [ -146.721084594727017, 60.396415710449197 ], [ -146.590637207030966, 60.491039276122997 ], [ -146.528854370116989, 60.492134094238303 ], [ -146.455047607422017, 60.465316772460888 ], [ -146.355728149414034, 60.476345062255902 ], [ -146.35009765625, 60.407779693603501 ], [ -146.127029418945, 60.430816650390597 ], [ -146.090179443358977, 60.407817840576193 ], [ -146.106353759765966, 60.375453948974588 ], [ -146.152664184569971, 60.376651763916001 ], [ -146.222473144530994, 60.343093872070298 ], [ -146.302169799805, 60.349235534667997 ], [ -146.392852783202983, 60.327476501464794 ], [ -146.607299804688012, 60.241180419921911 ], [ -146.650451660156023, 60.242980957031293 ], [ -146.69314575195304, 60.284591674804702 ] ] ], [ [ [ -147.690773, 60.405054 ], [ -147.618906, 60.368848 ], [ -147.703599, 60.285589 ], [ -147.704731, 60.227874 ], [ -147.766484, 60.15418 ], [ -147.845681, 60.195434 ], [ -147.828962, 60.207442 ], [ -147.945158, 60.222324 ], [ -147.950532, 60.243791 ], [ -147.792822, 60.476193 ], [ -147.765825, 60.476505 ], [ -147.750864, 60.440981 ], [ -147.715312, 60.447915 ], [ -147.721824, 60.508635 ], [ -147.566372, 60.580849 ], [ -147.619972, 60.436821 ], [ -147.690773, 60.405054 ] ] ], [ [ [ -146.15589904785196, 60.526294708252003 ], [ -145.764663696289006, 60.613403320312493 ], [ -145.820663452148011, 60.550052642822287 ], [ -146.109710693358977, 60.470344543457003 ], [ -146.216781616210994, 60.450229644775398 ], [ -146.329772949219006, 60.458297729492188 ], [ -146.289688110352017, 60.515693664550803 ], [ -146.15589904785196, 60.526294708252003 ] ] ], [ [ [ -147.483825683594006, 60.683357238769503 ], [ -147.451461791992017, 60.699539184570312 ], [ -147.381988525391023, 60.65575408935549 ], [ -147.341064453124972, 60.674793243408196 ], [ -147.307754516602017, 60.661468505859396 ], [ -147.348678588866989, 60.627201080322294 ], [ -147.406738281249972, 60.646236419677685 ], [ -147.483825683594006, 60.618637084960895 ], [ -147.466690063476989, 60.633865356445298 ], [ -147.500015258789006, 60.653850555419893 ], [ -147.460037231445, 60.663372039794886 ], [ -147.483825683594006, 60.683357238769503 ] ] ], [ [ [ -148.216232299805029, 60.755218505859382 ], [ -148.107727050781023, 60.742843627929695 ], [ -148.090591430664006, 60.661941528320291 ], [ -148.156860351563012, 60.618129730224595 ], [ -148.23811340332, 60.703819274902287 ], [ -148.216232299805029, 60.755218505859382 ] ] ], [ [ [ -147.3876953125, 60.687164306640597 ], [ -147.415298461914006, 60.704296112060504 ], [ -147.361999511719034, 60.714767456054695 ], [ -147.357238769530994, 60.699539184570312 ], [ -147.3876953125, 60.687164306640597 ] ] ], [ [ [ -148.020259, 60.72495 ], [ -147.965419, 60.751996 ], [ -147.906021, 60.735515 ], [ -147.848176, 60.698116 ], [ -147.868067, 60.670825 ], [ -147.932931, 60.655714 ], [ -148.020259, 60.72495 ] ] ], [ [ [ -147.403884887695028, 60.720478057861293 ], [ -147.487640380859006, 60.728092193603494 ], [ -147.383895874023011, 60.741416931152294 ], [ -147.403884887695028, 60.720478057861293 ] ] ], [ [ [ -147.418869018554972, 60.871334075927706 ], [ -147.453140258788977, 60.870384216308594 ], [ -147.456939697265994, 60.881805419921911 ], [ -147.418869018554972, 60.871334075927706 ] ] ], [ [ [ -147.141802, 60.853991 ], [ -147.32564, 60.877153 ], [ -147.226303, 60.910421 ], [ -147.115336, 60.911938 ], [ -147.071788, 60.893833 ], [ -147.141802, 60.853991 ] ] ], [ [ [ -147.222030639647983, 70.231582641601605 ], [ -147.183959960936988, 70.220161437988295 ], [ -147.240112304688012, 70.208740234375014 ], [ -147.222030639647983, 70.231582641601605 ] ] ], [ [ [ -133.514404296875, 54.818672180175803 ], [ -133.527725219727017, 54.763469696044893 ], [ -133.539154052734006, 54.835803985595696 ], [ -133.514404296875, 54.818672180175803 ] ] ], [ [ [ -132.871063232421989, 54.700679779052692 ], [ -132.877212524413977, 54.753772735595689 ], [ -133.163726806640966, 54.946361541748004 ], [ -133.172058105469006, 55.020717620849595 ], [ -133.222625732421989, 55.055816650390597 ], [ -133.191680908202983, 55.060573577880902 ], [ -133.236297607421989, 55.099834442138693 ], [ -133.142913818359006, 55.104000091552706 ], [ -133.229171752930029, 55.123035430908196 ], [ -133.208343505859006, 55.139095306396499 ], [ -133.236892700195028, 55.164081573486293 ], [ -133.206558227539006, 55.165866851806591 ], [ -133.236907958984034, 55.183326721191392 ], [ -133.196640014648011, 55.19257736206049 ], [ -133.222030639647983, 55.234870910644496 ], [ -133.135177612304972, 55.261043548583999 ], [ -132.970993041991989, 55.05878829956049 ], [ -133.032257080078011, 55.067714691162095 ], [ -132.959503173827983, 55.02104568481451 ], [ -132.901397705078011, 54.910072326660192 ], [ -132.750305175781023, 54.820842742919901 ], [ -132.670593261719006, 54.676292419433594 ], [ -132.770523071289006, 54.672721862793004 ], [ -132.871063232421989, 54.700679779052692 ] ] ], [ [ [ -133.433792114258011, 55.2092895507813 ], [ -133.46533203125, 55.271751403808594 ], [ -133.423095703125028, 55.274131774902301 ], [ -133.458786010741989, 55.318149566650398 ], [ -133.359466552734006, 55.345596313476598 ], [ -133.305313110352017, 55.328262329101605 ], [ -133.315414428710994, 55.281864166259808 ], [ -133.274963378905994, 55.293167114257798 ], [ -133.232131958008011, 55.267589569091804 ], [ -133.253555297851989, 55.223567962646506 ], [ -133.341262817382983, 55.205699920654297 ], [ -133.362411499023011, 55.224758148193395 ], [ -133.433792114258011, 55.2092895507813 ] ] ], [ [ [ -133.674377441405994, 55.371135711669886 ], [ -133.57801818847696, 55.430027008056584 ], [ -133.458450317382983, 55.3984985351563 ], [ -133.465591430664006, 55.374702453613303 ], [ -133.570877075195028, 55.339012145996087 ], [ -133.608947753905994, 55.2366943359375 ], [ -133.688659667969034, 55.30034637451169 ], [ -133.633331298828011, 55.355072021484389 ], [ -133.674377441405994, 55.371135711669886 ] ] ], [ [ [ -133.409072875977017, 55.408016204833991 ], [ -133.443572998046989, 55.384815216064496 ], [ -133.423355102539006, 55.424671173095703 ], [ -133.409072875977017, 55.408016204833991 ] ] ], [ [ [ -133.231796264648011, 55.438949584960902 ], [ -133.254409790039006, 55.406826019287088 ], [ -133.321624755859006, 55.405635833740185 ], [ -133.293075561523011, 55.444896697997997 ], [ -133.231796264648011, 55.438949584960902 ] ] ], [ [ [ -133.666656494141023, 55.421104431152308 ], [ -133.639282226561988, 55.438949584960902 ], [ -133.618469238280994, 55.438354492187493 ], [ -133.64404296875, 55.420509338378892 ], [ -133.666656494141023, 55.421104431152308 ] ] ], [ [ [ -133.617279052734006, 55.44727706909179 ], [ -133.517333984375, 55.527584075927706 ], [ -133.437026977539006, 55.488323211669886 ], [ -133.431671142577983, 55.44965744018549 ], [ -133.535186767578011, 55.427646636962905 ], [ -133.617279052734006, 55.44727706909179 ] ] ], [ [ [ -133.726135253905994, 55.5281791687012 ], [ -133.757064819335994, 55.533531188964794 ], [ -133.732681274414006, 55.555541992187493 ], [ -133.604187011719006, 55.550189971923785 ], [ -133.586944580078011, 55.503787994384787 ], [ -133.668441772461023, 55.441921234130895 ], [ -133.740417480469006, 55.468692779541001 ], [ -133.820129394530966, 55.4359741210938 ], [ -133.726135253905994, 55.5281791687012 ] ] ], [ [ [ -133.447143554687983, 55.553161621093786 ], [ -133.369216918945, 55.573387145996101 ], [ -133.287124633789006, 55.537101745605497 ], [ -133.287719726562983, 55.5031929016113 ], [ -133.35791015625, 55.45500946044919 ], [ -133.443664550780994, 55.518638610839801 ], [ -133.447143554687983, 55.553161621093786 ] ] ], [ [ [ -133.696395874023011, 55.581123352050795 ], [ -133.72673034668, 55.592422485351605 ], [ -133.717208862305029, 55.606105804443402 ], [ -133.705917358397983, 55.605510711669886 ], [ -133.696395874023011, 55.581123352050795 ] ] ], [ [ [ -133.575637817383011, 55.65369415283201 ], [ -133.607757568359006, 55.684032440185497 ], [ -133.542922973633011, 55.6673774719238 ], [ -133.589904785155966, 55.618598937988295 ], [ -133.623229980469006, 55.649532318115192 ], [ -133.575637817383011, 55.65369415283201 ] ] ], [ [ [ -133.655944824218977, 55.823230743408196 ], [ -133.555999755859006, 55.835128784179702 ], [ -133.422058105468977, 55.788822174072294 ], [ -133.313888549805029, 55.792892456054702 ], [ -133.335311889648011, 55.76136398315429 ], [ -133.416549682617017, 55.739646911621094 ], [ -133.508422851562983, 55.7673149108887 ], [ -133.489379882813012, 55.712585449218793 ], [ -133.532806396484006, 55.693550109863303 ], [ -133.643325805663977, 55.729038238525391 ], [ -133.700561523438012, 55.77861785888669 ], [ -133.655944824218977, 55.823230743408196 ] ] ], [ [ [ -133.352966308594006, 55.837318420410192 ], [ -133.344039916991989, 55.880744934082003 ], [ -133.291687011719006, 55.914054870605497 ], [ -133.286331176758011, 55.870037078857393 ], [ -133.245880126952983, 55.879554748535199 ], [ -133.223281860352017, 55.846836090087898 ], [ -133.257186889647983, 55.7754516601563 ], [ -133.352966308594006, 55.837318420410192 ] ] ], [ [ [ -133.690841674804972, 55.891452789306605 ], [ -133.687866210937983, 55.851596832275384 ], [ -133.703338623047017, 55.890857696533196 ], [ -133.690841674804972, 55.891452789306605 ] ] ], [ [ [ -134.122839, 55.918654 ], [ -134.282453, 55.828667 ], [ -134.344418, 55.843198 ], [ -134.336063, 55.926614 ], [ -134.230613, 55.905629 ], [ -134.122839, 55.918654 ] ] ], [ [ [ -133.384094238281023, 55.8767700195313 ], [ -133.391815185546989, 55.8892631530762 ], [ -133.375167846680029, 55.88807296752929 ], [ -133.384094238281023, 55.8767700195313 ] ] ], [ [ [ -133.524276733398011, 55.882526397705107 ], [ -133.504653930663977, 55.892044067382791 ], [ -133.483825683594006, 55.885501861572301 ], [ -133.489776611328011, 55.877769470214794 ], [ -133.524276733398011, 55.882526397705107 ] ] ], [ [ [ -133.420974731445028, 55.880340576171889 ], [ -133.413833618164034, 55.892829895019496 ], [ -133.403717041015994, 55.8892631530762 ], [ -133.420974731445028, 55.880340576171889 ] ] ], [ [ [ -133.92025, 55.860295 ], [ -133.940298, 55.917506 ], [ -133.864099, 55.936286 ], [ -133.861039, 55.848844 ], [ -133.92025, 55.860295 ] ] ], [ [ [ -133.49394226074196, 55.904537200927706 ], [ -133.482055664063012, 55.914054870605497 ], [ -133.476699829102017, 55.902751922607401 ], [ -133.49394226074196, 55.904537200927706 ] ] ], [ [ [ -133.338684082031023, 55.954505920410199 ], [ -133.306564331055, 55.930713653564503 ], [ -133.338088989257983, 55.9098930358887 ], [ -133.338684082031023, 55.954505920410199 ] ] ], [ [ [ -132.997833251953011, 56.153785705566392 ], [ -132.997833251953011, 56.187694549560497 ], [ -132.977600097655966, 56.154380798339787 ], [ -132.997833251953011, 56.153785705566392 ] ] ], [ [ [ -132.919906616211023, 56.218032836914098 ], [ -132.95024108886696, 56.203159332275391 ], [ -133.004959106445028, 56.216247558593786 ], [ -133.00080871582, 56.241230010986285 ], [ -132.919906616211023, 56.218032836914098 ] ] ], [ [ [ -134.806163, 56.235533 ], [ -134.839411, 56.309403 ], [ -134.945704, 56.38971 ], [ -135.058238, 56.529453 ], [ -135.045054, 56.583392 ], [ -134.967164, 56.603026 ], [ -134.979386, 56.627676 ], [ -135.118709, 56.597728 ], [ -135.175826, 56.677876 ], [ -135.305077, 56.726382 ], [ -135.318082, 56.748688 ], [ -135.280875, 56.768357 ], [ -135.398678, 56.779201 ], [ -135.408542, 56.826014 ], [ -135.332356, 56.913951 ], [ -135.383376, 56.981544 ], [ -135.329492, 57.004507 ], [ -135.31278, 57.044984 ], [ -135.374100018924992, 57.045390651786093 ], [ -135.422746, 57.167724 ], [ -135.372441, 57.198063 ], [ -135.358715072241012, 57.243775701740695 ], [ -135.477683, 57.256824 ], [ -135.552574, 57.233194 ], [ -135.601781797456965, 57.300772176505696 ], [ -135.695563169010001, 57.357459784338701 ], [ -135.554548, 57.426636 ], [ -135.548794, 57.508977 ], [ -135.419205, 57.564159 ], [ -135.347597, 57.550232 ], [ -135.297784, 57.483721 ], [ -135.209123, 57.488753 ], [ -135.145949, 57.439049 ], [ -134.849477, 57.40967 ], [ -134.806352, 57.341888 ], [ -134.829365, 57.294098 ], [ -134.88478, 57.330003 ], [ -134.951267, 57.32866 ], [ -134.955014, 57.309433 ], [ -134.879535, 57.288177 ], [ -134.841774, 57.248588 ], [ -134.615955, 56.637289 ], [ -134.634207, 56.540968 ], [ -134.671047, 56.5412 ], [ -134.63401, 56.31584 ], [ -134.668151, 56.167026 ], [ -134.806163, 56.235533 ] ] ], [ [ [ -132.960357666016023, 56.256698608398395 ], [ -132.996047973632983, 56.248966217041009 ], [ -132.999618530273011, 56.272163391113303 ], [ -132.967483520508011, 56.275733947753892 ], [ -132.960357666016023, 56.256698608398395 ] ] ], [ [ [ -133.931488037109006, 56.285171508789098 ], [ -133.961822509765994, 56.289932250976598 ], [ -133.953506469726989, 56.301830291747997 ], [ -133.93505859375, 56.3006401062012 ], [ -133.931488037109006, 56.285171508789098 ] ] ], [ [ [ -133.789978027343977, 56.39754486083978 ], [ -133.81947326660196, 56.402301788330078 ], [ -133.81661987304696, 56.419433593749993 ], [ -133.797592163085994, 56.416580200195291 ], [ -133.789978027343977, 56.39754486083978 ] ] ], [ [ [ -133.859104, 56.430348 ], [ -133.89304, 56.427364 ], [ -133.877774712619015, 56.394925829697904 ], [ -133.914135146174033, 56.400292210918195 ], [ -133.933512, 56.375428 ], [ -133.839099, 56.335467 ], [ -133.863690412804033, 56.277040344885002 ], [ -133.952965680402968, 56.342577687569609 ], [ -133.975808506058996, 56.334963412351001 ], [ -133.98247099687498, 56.279759917015795 ], [ -133.920605010722994, 56.276904563808792 ], [ -133.880927498451001, 56.222712339401014 ], [ -133.905316973761018, 56.198917729342696 ], [ -133.957471, 56.202584 ], [ -133.956411, 56.095484 ], [ -133.989359, 56.081347 ], [ -134.038695, 56.105807 ], [ -134.024356, 56.160382 ], [ -134.058499, 56.227214 ], [ -134.087317, 56.225424 ], [ -134.116077732353006, 56.165188869585101 ], [ -134.190371, 56.152571 ], [ -134.106454122584012, 56.134209143733202 ], [ -134.130907, 56.000104 ], [ -134.170903605648988, 56.049949977254201 ], [ -134.230449, 56.068341 ], [ -134.259913, 56.121275 ], [ -134.227942, 56.162835 ], [ -134.275977511944006, 56.259415525415896 ], [ -134.232195429437013, 56.287017273083599 ], [ -134.298292, 56.291993 ], [ -134.292353, 56.352644 ], [ -134.244041838893992, 56.379521394755407 ], [ -134.244568626667018, 56.426929580226385 ], [ -134.193921962890983, 56.4099064459961 ], [ -134.196394341796974, 56.439800393652291 ], [ -134.246627, 56.457135 ], [ -134.222814, 56.475402 ], [ -134.146136382030988, 56.411069356054696 ], [ -134.067466, 56.390987 ], [ -134.040938, 56.42153 ], [ -134.246095354863002, 56.556984259218098 ], [ -134.319759594452023, 56.558275827748297 ], [ -134.276735, 56.62029 ], [ -134.401407, 56.725419 ], [ -134.419791, 56.838385 ], [ -134.316868, 56.909091 ], [ -134.171675, 56.851218 ], [ -134.14716, 56.859357 ], [ -134.150935, 56.884958 ], [ -134.271664, 56.935928 ], [ -134.178507, 56.914018 ], [ -134.13624, 56.928842 ], [ -134.141385, 56.950887 ], [ -134.083291, 56.931579 ], [ -133.946767, 56.798924 ], [ -133.944663, 56.736433 ], [ -133.907795, 56.72184 ], [ -133.862981, 56.75565 ], [ -133.890805, 56.80798 ], [ -133.748129457918964, 56.773919101666195 ], [ -133.759649974647999, 56.675912887262093 ], [ -133.694972620846016, 56.595692852064907 ], [ -133.771710238284015, 56.556431745468693 ], [ -133.872242465780005, 56.603426100333792 ], [ -133.848207, 56.573057 ], [ -133.929349529920017, 56.499919546580195 ], [ -133.868625, 56.470919 ], [ -133.859104, 56.430348 ] ] ], [ [ [ -133.81282043457, 56.492721557617202 ], [ -133.786163330077983, 56.455600738525398 ], [ -133.835662841796989, 56.496528625488303 ], [ -133.81282043457, 56.492721557617202 ] ] ], [ [ [ -132.903211, 56.80361 ], [ -132.820556, 56.793787 ], [ -132.743207, 56.71372 ], [ -132.622788, 56.66871 ], [ -132.625449531534002, 56.642202339251398 ], [ -132.541282, 56.584573 ], [ -132.796627, 56.496471 ], [ -133.041726, 56.518356 ], [ -133.075496, 56.578684 ], [ -133.025091, 56.605048 ], [ -133.184363, 56.706526 ], [ -133.277352, 56.816432 ], [ -133.325392, 56.791864 ], [ -133.31986, 56.737693 ], [ -133.272958, 56.733653 ], [ -133.250686, 56.751431 ], [ -133.219681, 56.706887 ], [ -133.233684, 56.649286 ], [ -133.106316, 56.618393 ], [ -133.089215, 56.523916 ], [ -133.138307, 56.532923 ], [ -133.122245, 56.49202 ], [ -133.203584, 56.447657 ], [ -133.348504, 56.469568 ], [ -133.401797, 56.496355 ], [ -133.512684, 56.437015 ], [ -133.655468, 56.442279 ], [ -133.663064, 56.56207 ], [ -133.69437775559399, 56.570708511503696 ], [ -133.662631072008963, 56.598923694103206 ], [ -133.724121018166983, 56.679568852520404 ], [ -133.687722338905019, 56.773178055504296 ], [ -133.709249386880998, 56.787239463034197 ], [ -133.672562272782017, 56.798329051720685 ], [ -133.689996321028985, 56.839421241371589 ], [ -133.765323771376956, 56.807488954016996 ], [ -133.86904, 56.845938 ], [ -133.921451, 56.961511 ], [ -134.049218, 57.029203 ], [ -134.033979, 57.063281 ], [ -133.887957, 57.097744 ], [ -133.362502, 57.007424 ], [ -133.104611, 57.005701 ], [ -132.98137, 56.92738 ], [ -132.903211, 56.80361 ] ] ], [ [ [ -135.480972290039006, 57.248226165771499 ], [ -135.397109985351989, 57.239898681640597 ], [ -135.442901611328011, 57.183982849121101 ], [ -135.510131835937955, 57.224433898925803 ], [ -135.480972290039006, 57.248226165771499 ] ] ], [ [ [ -133.518569946289006, 57.213687896728501 ], [ -133.545333862304972, 57.240459442138686 ], [ -133.538192749023011, 57.252357482910206 ], [ -133.515594482422017, 57.226776123046889 ], [ -133.518569946289006, 57.213687896728501 ] ] ], [ [ [ -133.849365234375, 57.277278900146499 ], [ -133.86650085449196, 57.293460845947287 ], [ -133.856979370116989, 57.311546325683601 ], [ -133.842712402343977, 57.299171447753885 ], [ -133.849365234375, 57.277278900146499 ] ] ], [ [ [ -133.807495117188012, 57.30964279174799 ], [ -133.824630737304972, 57.2896537780762 ], [ -133.833190917969006, 57.313449859619098 ], [ -133.807495117188012, 57.30964279174799 ] ] ], [ [ [ -134.169743, 58.066845 ], [ -133.904874, 57.807406 ], [ -133.877567889267993, 57.734613056341601 ], [ -133.896846, 57.685524 ], [ -133.817662, 57.629764 ], [ -133.8176, 57.568353 ], [ -133.994964, 57.719821 ], [ -134.03082, 57.818646 ], [ -134.121337, 57.871236 ], [ -134.159296072359012, 57.95090606177169 ], [ -134.229237099846983, 58.016711651363501 ], [ -134.266847709822031, 58.021338107544196 ], [ -134.238294177751982, 57.966134612208904 ], [ -134.334424402388009, 57.992784575474204 ], [ -134.279220907052036, 57.911882901276002 ], [ -134.294848915366998, 57.863644798412295 ], [ -134.240197746557016, 57.870004387573388 ], [ -134.04536998308501, 57.675347023283898 ], [ -134.08987529751397, 57.660314386434706 ], [ -134.013367, 57.655898 ], [ -133.935976, 57.614414 ], [ -133.943417, 57.561555 ], [ -133.857368, 57.463964 ], [ -134.032768233374014, 57.493157250775099 ], [ -134.057115333445012, 57.47461501297321 ], [ -133.986368743759982, 57.461034527196396 ], [ -133.965545627787009, 57.433595099578582 ], [ -133.906656800065008, 57.444973165407006 ], [ -133.867279, 57.36206 ], [ -133.968495, 57.303937 ], [ -134.079762588238992, 57.345630668413598 ], [ -134.12179493577699, 57.324871903437192 ], [ -134.094446676744013, 57.271589950494196 ], [ -134.120879825005971, 57.240115864007286 ], [ -134.144008035396013, 57.25640088069499 ], [ -134.15539, 57.208003 ], [ -134.378359, 57.115016 ], [ -134.386052, 57.087392 ], [ -134.484288, 57.036481 ], [ -134.601407, 57.033812 ], [ -134.613951584047982, 57.013695858100292 ], [ -134.637378417075013, 57.136712465119778 ], [ -134.613356718796013, 57.157653248952997 ], [ -134.646773, 57.226327 ], [ -134.633843896762016, 57.245818114755011 ], [ -134.568146959685009, 57.227847348625012 ], [ -134.617080744454029, 57.261632355375596 ], [ -134.517279, 57.314567 ], [ -134.574114, 57.341172 ], [ -134.578511, 57.400291 ], [ -134.527594, 57.405331 ], [ -134.486023, 57.372492 ], [ -134.464032, 57.392184 ], [ -134.607557, 57.513042 ], [ -134.611177, 57.563137 ], [ -134.674438, 57.614409 ], [ -134.731798, 57.721921 ], [ -134.705869, 57.828929 ], [ -134.810673522705002, 58.045846555904191 ], [ -134.784927, 58.096793 ], [ -134.914857, 58.214932 ], [ -134.955902, 58.410297 ], [ -134.806116, 58.321284 ], [ -134.779354, 58.281279 ], [ -134.724463, 58.268277 ], [ -134.699956, 58.161494 ], [ -134.631434, 58.162198 ], [ -134.559241, 58.195121 ], [ -134.32736, 58.14388 ], [ -134.177467, 58.15964 ], [ -134.169743, 58.066845 ] ] ], [ [ [ -134.21354675293, 57.894752502441392 ], [ -134.108856201171989, 57.801475524902294 ], [ -134.108856201171989, 57.771018981933587 ], [ -134.189758300781023, 57.833835601806598 ], [ -134.21354675293, 57.894752502441392 ] ] ], [ [ [ -134.202346801757983, 57.906330108642599 ], [ -134.233535766601989, 57.903316497802706 ], [ -134.279220581055, 57.955665588378906 ], [ -134.195465087890994, 57.936630249023388 ], [ -134.202346801757983, 57.906330108642599 ] ] ], [ [ [ -134.108322143554972, 58.082668304443395 ], [ -134.145202636719006, 58.090400695800788 ], [ -134.147583007813012, 58.105274200439496 ], [ -134.105346679687983, 58.096946716308594 ], [ -134.108322143554972, 58.082668304443395 ] ] ], [ [ [ -134.923278808594006, 58.487178802490206 ], [ -134.851303100586023, 58.431259155273388 ], [ -134.810256958008011, 58.370582580566399 ], [ -134.840591430664006, 58.369987487793018 ], [ -134.923278808594006, 58.487178802490206 ] ] ], [ [ [ -135.028579711914006, 58.519893646240199 ], [ -134.967300415038977, 58.48955535888669 ], [ -134.939941406249972, 58.471115112304695 ], [ -135.004180908202954, 58.484798431396499 ], [ -135.028579711914006, 58.519893646240199 ] ] ], [ [ [ -134.895324707031023, 58.5579643249512 ], [ -134.922683715820028, 58.571052551269496 ], [ -134.9208984375, 58.572837829589808 ], [ -134.895324707031023, 58.5579643249512 ] ] ], [ [ [ -135.316024780272983, 58.924854278564489 ], [ -135.334106445313012, 58.943889617919901 ], [ -135.349334716796989, 59.020034790039098 ], [ -135.296035766602017, 58.959117889404283 ], [ -135.316024780272983, 58.924854278564489 ] ] ], [ [ [ 179.076803464040267, 51.498526314524334 ], [ 179.191082406286313, 51.462943338572202 ], [ 179.236253383153752, 51.409614375091422 ], [ 179.386221307886643, 51.404409378228216 ], [ 179.467581266885048, 51.371637400560779 ], [ 179.261618370010609, 51.35769641070474 ], [ 179.060354471857011, 51.454883344604482 ], [ 178.951626527454863, 51.541971285170739 ], [ 178.706047651722798, 51.59319025116978 ], [ 178.625536692937629, 51.637311221274807 ], [ 178.664013673908073, 51.661943204101824 ], [ 178.738019636174783, 51.63274222378201 ], [ 178.903910552342353, 51.614922235203458 ], [ 179.076803464040267, 51.498526314524334 ] ] ], [ [ [ 178.246209887636383, 51.817086100095288 ], [ 178.310298855264108, 51.820001097613627 ], [ 178.380741818602274, 51.763915135721 ], [ 178.308563855303703, 51.77570912811661 ], [ 178.246209887636383, 51.817086100095288 ] ] ], [ [ [ 178.029618307991257, 51.871513801663802 ], [ 178.018403103881184, 51.879158449815932 ], [ 178.031159445075815, 51.879158449707411 ], [ 178.029618307991257, 51.871513801663802 ] ] ], [ [ [ 178.539395740696847, 51.903254038736151 ], [ 178.484831768474294, 51.909906034505035 ], [ 178.463385780701202, 51.987856980957886 ], [ 178.591597715014444, 51.952660004387234 ], [ 178.539395740696847, 51.903254038736151 ] ] ], [ [ [ 179.475569266174944, 51.937464011170739 ], [ 179.482464262940823, 51.982841979897614 ], [ 179.62228319208549, 52.024982950595557 ], [ 179.77847011250077, 51.962224993628027 ], [ 179.743012130361137, 51.911757028426138 ], [ 179.639077182921426, 51.871939055986466 ], [ 179.521868242457117, 51.89677303909599 ], [ 179.475569266174944, 51.937464011170739 ] ] ], [ [ [ 177.607536214425693, 51.954728011025431 ], [ 177.601006216859759, 51.922262033449641 ], [ 177.373935331887736, 51.91976803762514 ], [ 177.311769360560902, 51.82597910290432 ], [ 177.203997416775962, 51.880539066618304 ], [ 177.345578347554664, 51.963013008169646 ], [ 177.497442271367362, 51.993335985598286 ], [ 177.545605249917202, 52.101098910850808 ], [ 177.602674221861832, 52.137327885290532 ], [ 177.675953183337924, 52.09217491565407 ], [ 177.532730252802338, 51.970078001238001 ], [ 177.607536214425693, 51.954728011025431 ] ] ], [ [ [ 178.105874962505567, 51.998364976365139 ], [ 178.107266962815373, 52.045751943710435 ], [ 178.17578192778879, 52.036784949338305 ], [ 178.174473927520893, 51.991691980411233 ], [ 178.105874962505567, 51.998364976365139 ] ] ], [ [ [ 177.368150144455257, 52.118381771742399 ], [ 177.356934940363175, 52.123676568026845 ], [ 177.368791013492398, 52.125793723415462 ], [ 177.368150144455257, 52.118381771742399 ] ] ], [ [ [ 175.944182075300063, 52.336444771225821 ], [ 175.902772096471239, 52.336830771690835 ], [ 175.874355112615689, 52.371011748639539 ], [ 175.950562073534144, 52.368364749114406 ], [ 175.944182075300063, 52.336444771225821 ] ] ], [ [ [ 173.707744226133627, 52.477384724247912 ], [ 173.725699208186256, 52.356586806950432 ], [ 173.644796249459716, 52.357605808459169 ], [ 173.588797281186743, 52.400980780139719 ], [ 173.48384633335192, 52.383492795117355 ], [ 173.356930399553789, 52.403880784693875 ], [ 173.440114360957239, 52.4536717480308 ], [ 173.530108314768853, 52.449975748036593 ], [ 173.623886271145722, 52.506955706181103 ], [ 173.772802195266365, 52.509912700075816 ], [ 173.707744226133627, 52.477384724247912 ] ] ], [ [ [ 174.071845056863822, 52.718302548569518 ], [ 174.096653045871875, 52.743492530563742 ], [ 174.159255011196962, 52.707394553853383 ], [ 174.109412036884777, 52.708567554315849 ], [ 174.071845056863822, 52.718302548569518 ] ] ], [ [ [ 174.00483009140504, 52.719864549229868 ], [ 173.972603108641863, 52.729430543477314 ], [ 173.954078119730326, 52.751417528804978 ], [ 174.003654093737879, 52.744290532420337 ], [ 174.00483009140504, 52.719864549229868 ] ] ], [ [ [ 173.8616561688481, 52.773586515969704 ], [ 173.931556131822163, 52.75858152445911 ], [ 173.932929130261385, 52.7466565326446 ], [ 173.8616561688481, 52.773586515969704 ] ] ], [ [ [ 172.640375809408539, 52.925448447159589 ], [ 172.512999873159174, 52.905188465242048 ], [ 172.461670901534376, 52.92716745177281 ], [ 172.643269814914277, 53.004986392233818 ], [ 173.107252574541434, 52.993235385921047 ], [ 173.211755516239322, 52.939496419863062 ], [ 173.2954024721096, 52.92699442602467 ], [ 173.427673396388087, 52.83077048854711 ], [ 173.302334460273045, 52.823293497321423 ], [ 173.224054503191809, 52.856410476786529 ], [ 173.142681539358136, 52.786261527555432 ], [ 172.998475614310792, 52.796986524510039 ], [ 172.903631660058494, 52.76167455175225 ], [ 172.809390710759232, 52.789297535644522 ], [ 172.763370210569917, 52.823663981692874 ], [ 172.754239746650171, 52.877497476590634 ], [ 172.640375809408539, 52.925448447159589 ] ] ], [ [ [ -132.806472778319971, 54.869068145752003 ], [ -132.800521850585994, 54.933906555175795 ], [ -132.719619750977017, 54.936882019042997 ], [ -132.665496826172017, 54.9124946594238 ], [ -132.621475219726989, 54.875015258789091 ], [ -132.657760620116989, 54.832782745361285 ], [ -132.623855590820028, 54.757232666015597 ], [ -132.676193237305029, 54.765560150146499 ], [ -132.806472778319971, 54.869068145752003 ] ] ], [ [ [ -131.266084, 54.998806 ], [ -131.200161, 54.910169 ], [ -131.266049, 54.859369 ], [ -131.353233, 54.859009 ], [ -131.491504, 54.930392 ], [ -131.482676, 54.952659 ], [ -131.266084, 54.998806 ] ] ], [ [ [ -131.498168945312983, 54.992610931396499 ], [ -131.519592285155994, 54.958702087402294 ], [ -131.533264160155994, 55.002128601074205 ], [ -131.498168945312983, 54.992610931396499 ] ] ], [ [ [ -131.25248718261696, 55.011646270751996 ], [ -131.274505615234006, 55.025920867919893 ], [ -131.241195678711023, 55.037223815918004 ], [ -131.25248718261696, 55.011646270751996 ] ] ], [ [ [ -132.917449951172017, 55.040943145751996 ], [ -132.934707641601989, 55.068309783935504 ], [ -132.906753540039006, 55.077827453613288 ], [ -132.901992797852017, 55.063549041748011 ], [ -132.917449951172017, 55.040943145751996 ] ] ], [ [ [ -131.174560546875, 55.0877876281738 ], [ -131.213226318358977, 55.044956207275405 ], [ -131.246551513671989, 55.072917938232393 ], [ -131.207290649414006, 55.112178802490199 ], [ -131.174560546875, 55.0877876281738 ] ] ], [ [ [ -132.830612182617017, 55.07842254638669 ], [ -132.89485168457, 55.153968811035199 ], [ -132.838928222655966, 55.196205139160199 ], [ -132.696166992186988, 55.124225616455085 ], [ -132.684860229491989, 55.033805847168004 ], [ -132.749114990234006, 54.992759704589801 ], [ -132.884140014648011, 55.028453826904297 ], [ -132.830612182617017, 55.07842254638669 ] ] ], [ [ [ -131.577376817668011, 55.130978431105504 ], [ -131.548736405969009, 55.12466971337259 ], [ -131.542787753455002, 55.144300266670491 ], [ -131.598454, 55.179566 ], [ -131.607383, 55.240437 ], [ -131.56265, 55.284012 ], [ -131.326851667176015, 55.169284607231688 ], [ -131.362319, 55.155896 ], [ -131.378572, 55.017308 ], [ -131.484995, 55.010454 ], [ -131.524941795910962, 55.059829400963501 ], [ -131.608817796366992, 54.996178819057704 ], [ -131.642130250447991, 55.011645315595601 ], [ -131.648673768214024, 55.043768039174303 ], [ -131.577376817668011, 55.130978431105504 ] ] ], [ [ [ -132.913284301757983, 55.219997406005909 ], [ -132.874618530272983, 55.219997406005909 ], [ -132.887710571288977, 55.171218872070298 ], [ -132.950180053711023, 55.186092376708999 ], [ -132.913284301757983, 55.219997406005909 ] ] ], [ [ [ -131.399444580078011, 55.249034881591804 ], [ -131.428009033203011, 55.238922119140597 ], [ -131.459533691406023, 55.266284942627003 ], [ -131.455963134766051, 55.268070220947287 ], [ -131.399444580078011, 55.249034881591804 ] ] ], [ [ [ -131.615361314133025, 55.288852522774789 ], [ -131.688644, 55.282113 ], [ -131.684960548552993, 55.228771132377503 ], [ -131.736118960178004, 55.223417345114498 ], [ -131.711729484869011, 55.191294621535796 ], [ -131.753964917722016, 55.125859443875491 ], [ -131.829585, 55.191916 ], [ -131.862162, 55.289284 ], [ -131.85233, 55.423782 ], [ -131.615361314133025, 55.288852522774789 ] ] ], [ [ [ -131.033905029296989, 55.284465789794901 ], [ -131.044189453125028, 55.296676635742188 ], [ -131.038726806640994, 55.305515289306605 ], [ -131.027465820313012, 55.299407958984396 ], [ -131.033905029296989, 55.284465789794901 ] ] ], [ [ [ -131.637969970703011, 55.332279205322308 ], [ -131.606445312499972, 55.303131103515611 ], [ -131.661163330078011, 55.336441040039098 ], [ -131.637969970703011, 55.332279205322308 ] ] ], [ [ [ -130.981857299805, 55.3700561523438 ], [ -130.948287963866989, 55.380886077880895 ], [ -130.930953979491989, 55.34423828125 ], [ -130.963088989257983, 55.3155326843262 ], [ -130.981857299805, 55.3700561523438 ] ] ], [ [ [ -131.755783081055029, 55.5440864562988 ], [ -131.755187988280994, 55.5167236328125 ], [ -131.827163696289006, 55.477462768554702 ], [ -131.847976684569971, 55.517913818359411 ], [ -131.755783081055029, 55.5440864562988 ] ] ], [ [ [ -133.068551147286001, 55.443073134676794 ], [ -133.183360140817001, 55.484713702278796 ], [ -133.17676, 55.586722 ], [ -133.263042, 55.568793 ], [ -133.438933, 55.645167 ], [ -133.394486, 55.666881 ], [ -133.388252856101019, 55.731027634244292 ], [ -133.316869025925996, 55.75660684005701 ], [ -133.259761961786012, 55.747088996033696 ], [ -133.172911635072978, 55.814903634699803 ], [ -133.167559232725011, 55.859866173026504 ], [ -133.216336798429012, 55.86606204632519 ], [ -133.282366841341002, 55.949938046780694 ], [ -133.257382500780011, 56.017752685446894 ], [ -133.300212798885013, 56.090326246124697 ], [ -133.287125763353004, 56.019537281201195 ], [ -133.379924742580016, 55.9576712950496 ], [ -133.383493934088989, 55.895805308897998 ], [ -133.453093168509014, 55.905918018172798 ], [ -133.44325761405301, 55.931167478542299 ], [ -133.503061849632019, 55.95231750778651 ], [ -133.485129746789028, 55.988282322275907 ], [ -133.392416912861023, 55.996337536394407 ], [ -133.393606643363995, 56.017157820195393 ], [ -133.476887778567999, 56.004070784663298 ], [ -133.48759535309398, 56.021321876955611 ], [ -133.718804843287018, 55.893235618255687 ], [ -133.725968804920001, 55.915631292619807 ], [ -133.812118661921005, 55.936192067006296 ], [ -133.816362744526003, 55.964024583178997 ], [ -133.693765, 56.070562 ], [ -133.561742197043003, 56.088234455987006 ], [ -133.630169920818958, 56.104412782523006 ], [ -133.643256956350996, 56.128207392581295 ], [ -133.548802, 56.14284 ], [ -133.54283, 56.160794 ], [ -133.679543736690022, 56.211488527785399 ], [ -133.635523708083014, 56.229334485329105 ], [ -133.664218, 56.310504 ], [ -133.620652076796006, 56.326892386568097 ], [ -133.626005864058982, 56.358420244895598 ], [ -133.163212, 56.317445 ], [ -133.040979, 56.184536 ], [ -133.05552, 56.125258 ], [ -133.007346002543017, 56.1169049528038 ], [ -132.919768543564999, 56.030824026026906 ], [ -132.837592, 56.024327 ], [ -132.618464, 55.911476 ], [ -132.470697, 55.782162 ], [ -132.462531, 55.673854 ], [ -132.382505, 55.665336 ], [ -132.301119, 55.55096 ], [ -132.146062, 55.470346 ], [ -132.17861, 55.452829 ], [ -132.514797574335972, 55.576767304480285 ], [ -132.560602198699002, 55.576767304480285 ], [ -132.525505148863004, 55.549998368164594 ], [ -132.608786284067008, 55.486347786258797 ], [ -132.571904638476013, 55.477424807486699 ], [ -132.519556496347974, 55.520255105591694 ], [ -132.491597829529979, 55.503598878550896 ], [ -132.416644807846012, 55.516685914082892 ], [ -132.388686141026966, 55.480993998995494 ], [ -132.288585, 55.451365 ], [ -132.479688, 55.420918 ], [ -132.390782, 55.401739 ], [ -132.273503, 55.419189 ], [ -132.22596, 55.374919 ], [ -132.166857, 55.363039 ], [ -132.098531, 55.28056 ], [ -132.142742, 55.238212 ], [ -132.229963, 55.23808 ], [ -132.207431, 55.218273 ], [ -132.104376, 55.200899 ], [ -132.037122, 55.275144 ], [ -131.995908, 55.259054 ], [ -131.977397, 55.180949 ], [ -132.040874, 55.127326 ], [ -132.000833997076967, 55.104444294823011 ], [ -132.094024, 55.039452 ], [ -132.197614, 55.005158 ], [ -132.143263, 54.984633 ], [ -132.039217, 55.036765 ], [ -131.984591666667001, 55.027978333333287 ], [ -131.957914, 54.791239 ], [ -132.029747, 54.701189 ], [ -132.165182, 54.69405 ], [ -132.256092, 54.734617 ], [ -132.307943, 54.718714 ], [ -132.351004, 54.818182 ], [ -132.309213, 54.847534 ], [ -132.370179342075005, 54.899961160095998 ], [ -132.387494, 54.913664 ], [ -132.484579, 54.899301 ], [ -132.609786, 54.965728 ], [ -132.541802, 55.097764 ], [ -132.550502, 55.114247 ], [ -132.594568, 55.105378 ], [ -132.630865, 55.052946 ], [ -132.581133, 55.166076 ], [ -132.656309528026014, 55.236654892421008 ], [ -132.631920052715998, 55.169435119006295 ], [ -132.685457925346981, 55.143855913193597 ], [ -132.825251259439995, 55.2057218993452 ], [ -132.845476677989012, 55.268777615999703 ], [ -132.890686437100015, 55.234870296666699 ], [ -133.015608139905964, 55.203342438339398 ], [ -133.057843572760021, 55.266993020245401 ], [ -133.244343, 55.291865 ], [ -133.280701, 55.341536 ], [ -133.226844, 55.38185 ], [ -133.025125983929996, 55.360386864724198 ], [ -133.087586835333013, 55.429391233893298 ], [ -133.068551147286001, 55.443073134676794 ] ] ], [ [ [ -131.724243164062983, 55.562526702880902 ], [ -131.718887329101989, 55.535758972168004 ], [ -131.723648071289006, 55.535758972168004 ], [ -131.724243164062983, 55.562526702880902 ] ] ], [ [ [ -131.81526184082, 55.852226257324197 ], [ -131.840835571289006, 55.852821350097692 ], [ -131.831924438476989, 55.8581733703613 ], [ -131.81526184082, 55.852226257324197 ] ] ], [ [ [ -131.648696899414006, 55.912902832031286 ], [ -131.589218139648011, 55.852821350097692 ], [ -131.713745117187017, 55.85326385498049 ], [ -131.689514160155994, 55.890232086181598 ], [ -131.648696899414006, 55.912902832031286 ] ] ], [ [ [ -132.029327392577983, 56.093261718749993 ], [ -131.98649597168, 56.02782440185549 ], [ -132.032897949219006, 55.97607421875 ], [ -132.070373535155994, 56.031394958496101 ], [ -132.029327392577983, 56.093261718749993 ] ] ], [ [ [ -132.872909545898011, 56.129398345947294 ], [ -132.898483276367045, 56.100250244140589 ], [ -132.940124511719006, 56.124637603759794 ], [ -132.920501708984006, 56.147838592529297 ], [ -132.872909545898011, 56.129398345947294 ] ] ], [ [ [ -132.894317626953011, 56.157356262207003 ], [ -132.948455810546989, 56.163898468017599 ], [ -132.985931396484006, 56.196022033691406 ], [ -132.941909790039006, 56.19007492065429 ], [ -132.894317626953011, 56.157356262207003 ] ] ], [ [ [ -132.957364, 56.448963 ], [ -132.716056, 56.454861 ], [ -132.628592, 56.416284 ], [ -132.620608, 56.3912 ], [ -132.684112, 56.345671 ], [ -132.662081, 56.274795 ], [ -132.877582, 56.240322 ], [ -133.067556, 56.333573 ], [ -133.070863, 56.354194 ], [ -132.957364, 56.448963 ] ] ], [ [ [ -132.478439331055, 56.438282012939503 ], [ -132.404678344726989, 56.405563354492202 ], [ -132.40705871582, 56.386528015136697 ], [ -132.546264648438012, 56.356784820556598 ], [ -132.55517578125, 56.403781890869084 ], [ -132.478439331055, 56.438282012939503 ] ] ], [ [ [ -132.587905883788977, 56.471595764160206 ], [ -132.599792480469006, 56.448989868164105 ], [ -132.652740478516023, 56.482898712158196 ], [ -132.629547119140966, 56.487655639648395 ], [ -132.587905883788977, 56.471595764160206 ] ] ], [ [ [ -132.561721801758011, 56.498363494872997 ], [ -132.595031738280994, 56.489440917968786 ], [ -132.615264892578011, 56.509071350097699 ], [ -132.581359863280994, 56.511451721191392 ], [ -132.561721801758011, 56.498363494872997 ] ] ], [ [ [ -132.44691467285196, 56.516803741455092 ], [ -132.476058959960994, 56.518589019775398 ], [ -132.465957641602017, 56.545356750488295 ], [ -132.446319580077983, 56.541194915771499 ], [ -132.44691467285196, 56.516803741455092 ] ] ], [ [ [ -132.530792236327983, 56.562610626220696 ], [ -132.531387329102046, 56.520374298095689 ], [ -132.549240112304972, 56.510856628418004 ], [ -132.530792236327983, 56.562610626220696 ] ] ], [ [ [ -132.400817871093977, 56.606925964355497 ], [ -132.450790405272983, 56.564098358154297 ], [ -132.459701538085994, 56.565879821777287 ], [ -132.447219848632983, 56.596813201904304 ], [ -132.400817871093977, 56.606925964355497 ] ] ], [ [ [ -132.530502319336023, 56.687232971191392 ], [ -132.450790405272983, 56.6652221679688 ], [ -132.335968017578011, 56.6622505187988 ], [ -132.328842163086023, 56.652137756347699 ], [ -132.426986694336023, 56.609901428222699 ], [ -132.500152587890994, 56.604549407958991 ], [ -132.570358276367017, 56.633697509765597 ], [ -132.530502319336023, 56.687232971191392 ] ] ], [ [ [ -132.830902099609006, 56.983478546142607 ], [ -132.836853027344006, 57.019763946533203 ], [ -132.819595336914006, 56.977527618408196 ], [ -132.830902099609006, 56.983478546142607 ] ] ] ] } },
{ "type": "Feature", "properties": { "STATE": "AL" }, "geometry": { "type": "MultiPolygon", "coordinates": [ [ [ [ -88.074854, 30.249119 ], [ -88.166569, 30.249255 ], [ -88.280571, 30.230274 ], [ -88.313323, 30.230024 ], [ -88.141143, 30.255024 ], [ -88.124658, 30.28364 ], [ -88.074854, 30.249119 ] ] ], [ [ [ -88.053375244140597, 30.506986618042003 ], [ -88.026222229003892, 30.516609191894492 ], [ -88.023986816406293, 30.4903163909912 ], [ -88.053375244140597, 30.506986618042003 ] ] ], [ [ [ -88.395023, 30.369425 ], [ -88.473227, 31.893856 ], [ -88.097888, 34.892202 ], [ -88.154617, 34.922392 ], [ -88.202959, 35.008028 ], [ -85.605165, 34.984678 ], [ -85.1844, 32.861317 ], [ -85.076399, 32.594665 ], [ -84.96303, 32.424244 ], [ -85.007103, 32.328362 ], [ -84.890894303099003, 32.261503843916891 ], [ -85.061144, 32.134065 ], [ -85.065929, 31.971158 ], [ -85.140731, 31.857461 ], [ -85.12553, 31.694965 ], [ -85.058169, 31.620227 ], [ -85.041305, 31.540987 ], [ -85.114601, 31.277333 ], [ -85.107516, 31.186451 ], [ -85.035615, 31.108192 ], [ -85.002368, 31.000682 ], [ -87.598928, 30.997457 ], [ -87.634938, 30.865886 ], [ -87.532607, 30.743489 ], [ -87.406958, 30.675165 ], [ -87.395026, 30.615281 ], [ -87.447702, 30.510458 ], [ -87.368191, 30.433407 ], [ -87.504701, 30.324039 ], [ -87.452378, 30.300201 ], [ -87.80056, 30.229365 ], [ -88.028401, 30.221132 ], [ -87.936041, 30.261469 ], [ -87.893201, 30.239237 ], [ -87.78775, 30.254244 ], [ -87.755516, 30.291217 ], [ -87.906343, 30.40938 ], [ -87.933355, 30.487357 ], [ -87.901711, 30.550879 ], [ -87.919346, 30.63606 ], [ -88.008396, 30.684956 ], [ -88.061998, 30.644891 ], [ -88.136173, 30.320729 ], [ -88.191542, 30.317002 ], [ -88.200065, 30.362378 ], [ -88.260695, 30.382381 ], [ -88.395023, 30.369425 ] ] ] ] } },
{ "type": "Feature", "properties": { "STATE": "AR" }, "geometry": { "type": "Polygon", "coordinates": [ [ [ -91.166073, 33.004106 ], [ -94.042964, 33.019219 ], [ -94.04345, 33.552253 ], [ -94.082641, 33.575492 ], [ -94.128658, 33.550952 ], [ -94.183913, 33.594682 ], [ -94.217198, 33.580737 ], [ -94.194399, 33.573678 ], [ -94.196395, 33.555123 ], [ -94.250197, 33.556765 ], [ -94.242777, 33.589709 ], [ -94.275601, 33.557964 ], [ -94.289129, 33.582144 ], [ -94.309582, 33.551673 ], [ -94.344023, 33.567824 ], [ -94.381667, 33.544035 ], [ -94.382887, 33.583268 ], [ -94.412175, 33.568691 ], [ -94.471974, 33.602665 ], [ -94.448637, 33.642766 ], [ -94.485875, 33.637867 ], [ -94.431215, 35.39429 ], [ -94.617919, 36.499414 ], [ -90.152481, 36.497952 ], [ -90.138512, 36.413952 ], [ -90.064514, 36.382085 ], [ -90.06398, 36.303038 ], [ -90.319168, 36.089976 ], [ -90.37789, 35.995683 ], [ -89.733095, 36.000608 ], [ -89.64727, 35.89492 ], [ -89.741241064600089, 35.906748773190508 ], [ -89.772467, 35.865098 ], [ -89.706085, 35.81826 ], [ -89.781793, 35.805084 ], [ -89.821216, 35.756716 ], [ -89.956254, 35.733386 ], [ -89.931036, 35.660044 ], [ -89.851176, 35.657432 ], [ -89.956749, 35.590511 ], [ -89.909022, 35.520548 ], [ -90.032938, 35.55344 ], [ -90.041563, 35.39662 ], [ -90.098719, 35.478595 ], [ -90.179265, 35.385194 ], [ -90.13551, 35.376668 ], [ -90.130475, 35.413745 ], [ -90.074992, 35.384152 ], [ -90.109093, 35.304987 ], [ -90.168794, 35.279088 ], [ -90.078750435985285, 35.227805886033394 ], [ -90.117393, 35.18789 ], [ -90.065392, 35.137691 ], [ -90.165328, 35.125228 ], [ -90.209397, 35.026546 ], [ -90.295596, 35.040093 ], [ -90.309297, 34.995694 ], [ -90.244725, 34.921031 ], [ -90.313476, 34.871698 ], [ -90.307384, 34.846195 ], [ -90.414864, 34.831846 ], [ -90.438313, 34.884581 ], [ -90.479872, 34.883264 ], [ -90.452479, 34.739898 ], [ -90.518317494217783, 34.732790464096603 ], [ -90.522892, 34.802265 ], [ -90.568081, 34.724802 ], [ -90.471185, 34.699066 ], [ -90.466041, 34.674312 ], [ -90.532188, 34.627487 ], [ -90.549856, 34.695478 ], [ -90.588419, 34.670963 ], [ -90.540736, 34.548085 ], [ -90.588942, 34.491097 ], [ -90.571145, 34.420319 ], [ -90.658542, 34.375705 ], [ -90.661395, 34.315398 ], [ -90.693129, 34.32257 ], [ -90.683222145194193, 34.368816949086899 ], [ -90.765764, 34.362109 ], [ -90.743082, 34.302257 ], [ -90.828267, 34.27365 ], [ -90.847808, 34.20653 ], [ -90.929015, 34.244541 ], [ -90.916048, 34.196916 ], [ -90.816572, 34.183023 ], [ -90.810884, 34.155903 ], [ -90.847168, 34.136884 ], [ -90.91001, 34.165508 ], [ -90.9543, 34.138498 ], [ -90.870528, 34.080516 ], [ -90.89242, 34.02686 ], [ -90.987948, 34.019038 ], [ -90.967632, 33.963324 ], [ -91.01889, 34.003151 ], [ -91.087921, 33.975335 ], [ -91.010318, 33.929352 ], [ -91.073011, 33.857449 ], [ -90.988466, 33.78453 ], [ -91.023285, 33.762991 ], [ -91.132185, 33.78342 ], [ -91.146618, 33.732456 ], [ -91.117733, 33.705342 ], [ -91.059891, 33.714816 ], [ -91.03146, 33.678142 ], [ -91.09404, 33.658351 ], [ -91.160866, 33.707096 ], [ -91.229015, 33.677543 ], [ -91.130445, 33.606034 ], [ -91.231418, 33.560593 ], [ -91.182900812057369, 33.502378527774191 ], [ -91.235181, 33.438972 ], [ -91.177293, 33.443638 ], [ -91.167403196830392, 33.4983043760841 ], [ -91.117975, 33.453807 ], [ -91.208113, 33.402007 ], [ -91.140937685546191, 33.380476525369801 ], [ -91.086498, 33.451576 ], [ -91.057621, 33.445341 ], [ -91.142219, 33.348989 ], [ -91.106142, 33.241799 ], [ -91.07853, 33.283306 ], [ -91.043624, 33.274636 ], [ -91.091711, 33.220813 ], [ -91.089862, 33.139655 ], [ -91.20178, 33.125121 ], [ -91.124639, 33.064127 ], [ -91.129088, 33.033554 ], [ -91.166073, 33.004106 ] ] ] } },
{ "type": "Feature", "properties": { "STATE": "AZ" }, "geometry": { "type": "Polygon", "coordinates": [ [ [ -111.074825, 31.332239 ], [ -114.813613, 32.494277 ], [ -114.809393, 32.617119 ], [ -114.701918, 32.745548 ], [ -114.618373, 32.728245 ], [ -114.539224, 32.749812 ], [ -114.468971, 32.845155 ], [ -114.467663968679986, 32.9668606948714 ], [ -114.511343, 33.023455 ], [ -114.662317, 33.032671 ], [ -114.706488, 33.08816 ], [ -114.672088, 33.258499 ], [ -114.731223, 33.302434 ], [ -114.698035, 33.352442 ], [ -114.725282, 33.405048 ], [ -114.643302, 33.416745 ], [ -114.524599, 33.552231 ], [ -114.531523, 33.675108 ], [ -114.494197, 33.707922 ], [ -114.535478, 33.934651 ], [ -114.438266, 34.022609 ], [ -114.415908, 34.107636 ], [ -114.229715, 34.186928 ], [ -114.134426538824002, 34.266387340646894 ], [ -114.176909, 34.349306 ], [ -114.386699, 34.457911 ], [ -114.380838, 34.529724 ], [ -114.470477, 34.711368 ], [ -114.635176, 34.875003 ], [ -114.636893290914998, 35.028367257478287 ], [ -114.602908, 35.068588 ], [ -114.646759, 35.101872 ], [ -114.578524, 35.12875 ], [ -114.569238, 35.18348 ], [ -114.604314, 35.353584 ], [ -114.677643, 35.489742 ], [ -114.653406, 35.610789 ], [ -114.689407, 35.651412 ], [ -114.71211, 35.806185 ], [ -114.677420381752, 35.874727962934898 ], [ -114.731159, 35.943916 ], [ -114.753638, 36.090705 ], [ -114.631716, 36.142306 ], [ -114.511721, 36.150956 ], [ -114.446605, 36.12597 ], [ -114.405475, 36.147371 ], [ -114.252651, 36.020193 ], [ -114.148191, 36.028013 ], [ -114.123144, 36.111576 ], [ -114.046838, 36.194069 ], [ -114.0506, 37.000396 ], [ -109.045223, 36.999084 ], [ -109.050044, 31.332502 ], [ -111.074825, 31.332239 ] ] ] } },
{ "type": "Feature", "properties": { "STATE": "CA" }, "geometry": { "type": "MultiPolygon", "coordinates": [ [ [ [ -122.378545005860005, 37.605591502572693 ], [ -122.168449124765971, 37.504143349397495 ], [ -122.111343654058984, 37.507579502467799 ], [ -122.163049471056993, 37.667933086227798 ], [ -122.246826009880024, 37.721929686736779 ], [ -122.243947218870005, 37.751779006769794 ], [ -122.330790212690985, 37.783830407357001 ], [ -122.315569588096992, 37.89696062914809 ], [ -122.385908147525015, 37.908136191679397 ], [ -122.430087187764002, 37.963114548849589 ], [ -122.367582031638989, 37.978168146759394 ], [ -122.367909276461006, 38.012529620387099 ], [ -122.283478247993997, 38.022674438162007 ], [ -122.273006160030022, 38.074380299552097 ], [ -122.396380210120981, 38.149975540264698 ], [ -122.489974315555997, 38.112014294326691 ], [ -122.497828362503981, 38.019401948723683 ], [ -122.448413297307994, 37.9847132358233 ], [ -122.50306440014397, 37.928753121991996 ], [ -122.438268479532979, 37.880974306271597 ], [ -122.480811270296982, 37.873447504145794 ], [ -122.47915131912697, 37.825428 ], [ -122.529451676670007, 37.814889863617097 ], [ -122.639977, 37.897349 ], [ -122.727297, 37.904626 ], [ -122.856573, 38.016717 ], [ -122.939711, 38.031908 ], [ -122.97439, 37.992429 ], [ -123.024066, 37.994878 ], [ -122.949074, 38.15406 ], [ -122.993959, 38.237602 ], [ -122.977082, 38.267902 ], [ -123.024333, 38.310573 ], [ -123.063671, 38.302178 ], [ -123.128825, 38.450418 ], [ -123.331899, 38.565542 ], [ -123.441774, 38.699744 ], [ -123.725367, 38.917438 ], [ -123.738885801716009, 38.954119503434789 ], [ -123.690095, 39.031157 ], [ -123.822085, 39.343857 ], [ -123.766475, 39.552803 ], [ -123.851714, 39.832041 ], [ -124.079983, 40.029773 ], [ -124.110549, 40.103765 ], [ -124.363414, 40.260974 ], [ -124.347853, 40.314634 ], [ -124.408601, 40.443201 ], [ -124.137066, 40.925732 ], [ -124.112165, 41.028173 ], [ -124.153622, 41.05355 ], [ -124.165414, 41.129822 ], [ -124.106986, 41.229678 ], [ -124.063076, 41.439579 ], [ -124.147412, 41.717955 ], [ -124.255994, 41.783014 ], [ -124.208439, 41.888192 ], [ -124.211605, 41.99846 ], [ -120.001058, 41.995139 ], [ -120.001014, 38.999574 ], [ -117.500117, 37.22038 ], [ -114.633013, 35.002085 ], [ -114.634382, 34.87289 ], [ -114.470477, 34.711368 ], [ -114.380838, 34.529724 ], [ -114.386699, 34.457911 ], [ -114.176909, 34.349306 ], [ -114.134426538824002, 34.266387340646894 ], [ -114.434181, 34.087379 ], [ -114.438266, 34.022609 ], [ -114.535478, 33.934651 ], [ -114.494197, 33.707922 ], [ -114.531523, 33.675108 ], [ -114.524599, 33.552231 ], [ -114.643302, 33.416745 ], [ -114.725282, 33.405048 ], [ -114.698035, 33.352442 ], [ -114.731223, 33.302434 ], [ -114.672088, 33.258499 ], [ -114.706488, 33.08816 ], [ -114.66506, 33.033908 ], [ -114.52013, 33.029984 ], [ -114.469038548795027, 32.972295217534992 ], [ -114.468971, 32.845155 ], [ -114.530755, 32.793485 ], [ -114.526856, 32.757094 ], [ -114.618373, 32.728245 ], [ -114.701918, 32.745548 ], [ -114.719633, 32.718763 ], [ -117.124862, 32.534156 ], [ -117.168866, 32.671952 ], [ -117.246069, 32.669352 ], [ -117.28217, 32.839547 ], [ -117.25447, 32.900146 ], [ -117.315278, 33.093504 ], [ -117.469794, 33.296417 ], [ -117.645582, 33.440728 ], [ -117.715349, 33.460556 ], [ -117.784888, 33.541525 ], [ -118.132698, 33.753217 ], [ -118.180831, 33.763072 ], [ -118.181367, 33.717367 ], [ -118.258687, 33.703741 ], [ -118.411211, 33.741985 ], [ -118.428407, 33.774715 ], [ -118.392107, 33.840915 ], [ -118.519514, 34.027509 ], [ -118.744952, 34.032103 ], [ -118.805114, 34.001239 ], [ -119.130169, 34.100102 ], [ -119.216441, 34.146105 ], [ -119.278644, 34.266902 ], [ -119.559459, 34.413395 ], [ -119.873971, 34.408795 ], [ -120.141165, 34.473405 ], [ -120.471376, 34.447846 ], [ -120.511421, 34.522953 ], [ -120.645739, 34.581035 ], [ -120.60045, 34.70464 ], [ -120.637415, 34.755895 ], [ -120.610266, 34.85818 ], [ -120.670835, 34.904115 ], [ -120.629931, 35.061515 ], [ -120.644311, 35.139616 ], [ -120.856047, 35.206487 ], [ -120.89679, 35.247877 ], [ -120.862684, 35.346776 ], [ -120.884757, 35.430196 ], [ -121.003359, 35.46071 ], [ -121.166712, 35.635399 ], [ -121.284730500498, 35.662507802494787 ], [ -121.332449, 35.783106 ], [ -121.462264, 35.885618 ], [ -121.503112, 36.000299 ], [ -121.574602, 36.025156 ], [ -121.717176, 36.195146 ], [ -121.902728698539988, 36.306378847724694 ], [ -121.95491548300599, 36.523084036005599 ], [ -121.925937, 36.525173 ], [ -121.932508, 36.559935 ], [ -121.978592, 36.580488 ], [ -121.93643, 36.636746 ], [ -121.886764, 36.601459 ], [ -121.842263, 36.630059 ], [ -121.791544, 36.815186 ], [ -121.894667, 36.961851 ], [ -122.105976, 36.955951 ], [ -122.405073, 37.195791 ], [ -122.40085, 37.359225 ], [ -122.452087, 37.48054 ], [ -122.519533, 37.537302 ], [ -122.494085, 37.644035 ], [ -122.514483, 37.780829 ], [ -122.478083, 37.810828 ], [ -122.385322783505998, 37.790723811935301 ], [ -122.356784205741988, 37.729504618707004 ], [ -122.393189528717997, 37.707530537249298 ], [ -122.355310103497999, 37.61573631717679 ], [ -122.378545005860005, 37.605591502572693 ] ] ], [ [ [ -123.00019029554899, 37.7029370922656 ], [ -123.011464029056981, 37.691906677606092 ], [ -123.012193982459991, 37.706749072369298 ], [ -123.00019029554899, 37.7029370922656 ] ] ], [ [ [ -122.372421570686981, 37.811300998869498 ], [ -122.369941134606989, 37.832136679252095 ], [ -122.362660516188001, 37.807577341460394 ], [ -122.372421570686981, 37.811300998869498 ] ] ], [ [ [ -122.418470388090014, 37.852721315622695 ], [ -122.438565286067984, 37.868366625909303 ], [ -122.421341090184981, 37.869945511505399 ], [ -122.418470388090014, 37.852721315622695 ] ] ], [ [ [ -120.248484, 33.999329 ], [ -120.043259, 34.035806 ], [ -120.046575, 34.000002 ], [ -119.978876, 33.983081 ], [ -119.97026, 33.944359 ], [ -120.121817, 33.895712 ], [ -120.248484, 33.999329 ] ] ], [ [ [ -120.465329, 34.038448 ], [ -120.368278, 34.076465 ], [ -120.302122, 34.023574 ], [ -120.465329, 34.038448 ] ] ], [ [ [ -118.596037, 33.015357 ], [ -118.569013, 33.029151 ], [ -118.356541, 32.817311 ], [ -118.425634, 32.800595 ], [ -118.487908, 32.84459 ], [ -118.596037, 33.015357 ] ] ], [ [ [ -119.429559, 33.228167 ], [ -119.545872, 33.233406 ], [ -119.578942, 33.278628 ], [ -119.465717, 33.259239 ], [ -119.429559, 33.228167 ] ] ], [ [ [ -118.307806841284972, 33.330486 ], [ -118.325244, 33.299075 ], [ -118.465368, 33.326056 ], [ -118.48875, 33.419826 ], [ -118.563442, 33.434381 ], [ -118.603375, 33.478098 ], [ -118.370323, 33.409285 ], [ -118.307806841284972, 33.330486 ] ] ], [ [ [ -119.032524108887003, 33.465129852294908 ], [ -119.048164367676009, 33.483692169189489 ], [ -119.029090881347983, 33.488674163818395 ], [ -119.032524108887003, 33.465129852294908 ] ] ], [ [ [ -119.433912, 34.015975 ], [ -119.396251, 34.005918 ], [ -119.357462, 34.015919 ], [ -119.391551, 34.002505 ], [ -119.433912, 34.015975 ] ] ], [ [ [ -119.923337, 34.069361 ], [ -119.637742, 34.013178 ], [ -119.59324, 34.049625 ], [ -119.52064, 34.034262 ], [ -119.560464, 33.99553 ], [ -119.758141, 33.959212 ], [ -119.873358, 33.980375 ], [ -119.876329, 34.032087 ], [ -119.923337, 34.069361 ] ] ] ] } },
{ "type": "Feature", "properties": { "STATE": "CO" }, "geometry": { "type": "Polygon", "coordinates": [ [ [ -102.04224, 36.993083 ], [ -109.045223, 36.999084 ], [ -109.050076, 41.000659 ], [ -102.051614, 41.002377 ], [ -102.04224, 36.993083 ] ] ] } },
{ "type": "Feature", "properties": { "STATE": "CT" }, "geometry": { "type": "MultiPolygon", "coordinates": [ [ [ [ -73.422164916992202, 41.047561645507791 ], [ -73.367858886718793, 41.088119506835895 ], [ -73.35205078125, 41.088119506835895 ], [ -73.422164916992202, 41.047561645507791 ] ] ], [ [ [ -73.549053250488683, 41.306853475418393 ], [ -73.487314, 42.049638 ], [ -72.813541, 42.036494 ], [ -72.816741, 41.997595 ], [ -72.766739, 42.002995 ], [ -72.755838, 42.036195 ], [ -71.80065, 42.023569 ], [ -71.797683, 41.416709 ], [ -71.842563, 41.409855 ], [ -71.829595341247099, 41.344544084114204 ], [ -71.860513496724181, 41.320248317827293 ], [ -71.945652, 41.337799 ], [ -72.11182, 41.299098 ], [ -72.184122, 41.323997 ], [ -72.205108565554582, 41.285186580993695 ], [ -72.248160654019387, 41.299487539993109 ], [ -72.386629, 41.261798 ], [ -72.451925, 41.278885 ], [ -72.547235, 41.250499 ], [ -72.662838, 41.269197 ], [ -72.694744, 41.24497 ], [ -72.757476695808009, 41.266913397783696 ], [ -72.895445, 41.243697 ], [ -72.916826714143582, 41.2820333171858 ], [ -73.111052, 41.150797 ], [ -73.1777742862742, 41.166696891877393 ], [ -73.657336, 40.985171 ], [ -73.727775, 41.100696 ], [ -73.482709, 41.21276 ], [ -73.549053250488683, 41.306853475418393 ] ] ] ] } },
{ "type": "Feature", "properties": { "STATE": "DC" }, "geometry": { "type": "Polygon", "coordinates": [ [ [ -77.040999, 38.99511 ], [ -76.909395, 38.892812 ], [ -77.038598, 38.791513 ], [ -77.040599, 38.871212 ], [ -77.1199, 38.934311 ], [ -77.040999, 38.99511 ] ] ] } },
{ "type": "Feature", "properties": { "STATE": "DE" }, "geometry": { "type": "MultiPolygon", "coordinates": [ [ [ [ -75.693521, 38.460128 ], [ -75.788359, 39.721811 ], [ -75.685991, 39.811054 ], [ -75.539346, 39.838211 ], [ -75.405337, 39.796213 ], [ -75.613153, 39.62096 ], [ -75.563034, 39.56224 ], [ -75.589901, 39.462022 ], [ -75.402964, 39.254626 ], [ -75.402035, 39.066885 ], [ -75.318354, 38.988191 ], [ -75.304078, 38.91316 ], [ -75.190552, 38.806861 ], [ -75.134022, 38.782242 ], [ -75.089473, 38.797198 ], [ -75.048939, 38.451263 ], [ -75.693521, 38.460128 ] ] ], [ [ [ -75.564927, 39.583248 ], [ -75.578719, 39.591504 ], [ -75.579615, 39.598656 ], [ -75.564927, 39.583248 ] ] ], [ [ [ -75.55587, 39.605824 ], [ -75.571759, 39.623584 ], [ -75.559446, 39.629812 ], [ -75.55587, 39.605824 ] ] ] ] } },
{ "type": "Feature", "properties": { "STATE": "FL" }, "geometry": { "type": "MultiPolygon", "coordinates": [ [ [ [ -83.412768233486503, 29.668485315373491 ], [ -83.537645, 29.72306 ], [ -83.686423, 29.923735 ], [ -84.024274, 30.103271 ], [ -84.167881, 30.071422 ], [ -84.205589382036692, 30.114323467765498 ], [ -84.203349, 30.085875 ], [ -84.256438724185401, 30.103791229421194 ], [ -84.277168, 30.060263 ], [ -84.358923013906079, 30.058224242508395 ], [ -84.342046321637397, 29.9671014099034 ], [ -84.423334583251176, 29.983354225784502 ], [ -84.435708054574491, 29.964106603725995 ], [ -84.339426, 29.946007 ], [ -84.349066, 29.896812 ], [ -84.451705, 29.929085 ], [ -84.511996, 29.916574 ], [ -84.888031, 29.722406 ], [ -84.877111, 29.772888 ], [ -84.90413, 29.786279 ], [ -84.993264, 29.714961 ], [ -85.121473, 29.715854 ], [ -85.344768, 29.654793 ], [ -85.397871, 29.740498 ], [ -85.417971, 29.828855 ], [ -85.405815, 29.865817 ], [ -85.353885, 29.684765 ], [ -85.311389877418378, 29.697557490644101 ], [ -85.302591, 29.808094 ], [ -85.405052, 29.938487 ], [ -85.509148, 29.971466 ], [ -85.601178, 30.056342 ], [ -85.9226, 30.238024 ], [ -86.222561, 30.343585 ], [ -86.750906, 30.391881 ], [ -87.518324, 30.280435 ], [ -87.452378, 30.300201 ], [ -87.504701, 30.324039 ], [ -87.366939, 30.44048 ], [ -87.447702, 30.510458 ], [ -87.395026, 30.615281 ], [ -87.406958, 30.675165 ], [ -87.532607, 30.743489 ], [ -87.634938, 30.865886 ], [ -87.598928, 30.997457 ], [ -85.0019, 31.000681 ], [ -84.935412943655379, 30.882481354554095 ], [ -84.914322, 30.753591 ], [ -84.864693, 30.711542 ], [ -82.214839, 30.568591 ], [ -82.210291, 30.42459 ], [ -82.161757, 30.357851 ], [ -82.036825, 30.377884 ], [ -82.005477, 30.563495 ], [ -82.043795, 30.729641 ], [ -82.022866, 30.787991 ], [ -81.973856, 30.778487 ], [ -81.949787, 30.827493 ], [ -81.719927, 30.744634 ], [ -81.432725, 30.703017 ], [ -81.447087, 30.503679 ], [ -81.410809, 30.482039 ], [ -81.240924, 29.739218 ], [ -80.966176, 29.14796 ], [ -80.574868, 28.585166 ], [ -80.525094, 28.459454 ], [ -80.587813, 28.410856 ], [ -80.606874, 28.336484 ], [ -80.566432, 28.09563 ], [ -80.383695, 27.740045 ], [ -80.031362, 26.796339 ], [ -80.127986788894475, 25.772245409097096 ], [ -80.154972087620195, 25.6654904118618 ], [ -80.197674077319775, 25.744370493727001 ], [ -80.296719002339998, 25.622195329074987 ], [ -80.339420992039578, 25.499427059842798 ], [ -80.306801412424292, 25.384368897305094 ], [ -80.41887227693158, 25.235532114443199 ], [ -80.645876107788794, 25.189004983853103 ], [ -80.633989992293891, 25.176829365161996 ], [ -80.669235592218996, 25.137836589387199 ], [ -80.681610557184797, 25.1732929496828 ], [ -80.703717938497704, 25.139115238892003 ], [ -80.764463728522486, 25.159162547270999 ], [ -80.777499155101893, 25.135047008099303 ], [ -80.79118635301019, 25.161769632586797 ], [ -80.802266465602486, 25.140912950059899 ], [ -80.796218178483699, 25.172449978953001 ], [ -80.807480636234089, 25.181974543784595 ], [ -81.079859, 25.118797 ], [ -81.172044, 25.222276 ], [ -81.117265, 25.354953 ], [ -81.253951, 25.638181 ], [ -81.346078, 25.721473 ], [ -81.352730541537582, 25.822015166192898 ], [ -81.527665276992678, 25.901530948032001 ], [ -81.644553467821098, 25.897952740545797 ], [ -81.678287, 25.845301 ], [ -81.727086, 25.907207 ], [ -81.868983, 26.378648 ], [ -82.024603859101688, 26.512677175654598 ], [ -82.105671834711998, 26.483929668311397 ], [ -82.137869032240289, 26.637441327218593 ], [ -82.181565241619381, 26.681712462678298 ], [ -82.139018928968696, 26.702985613432798 ], [ -82.093022926132889, 26.665613862521397 ], [ -82.05507622267929, 26.802451975693103 ], [ -82.093022926132889, 26.906517941579498 ], [ -82.063125544344899, 26.950214128675007 ], [ -82.175240798471606, 26.916867034418299 ], [ -82.147068250634291, 26.789803067114001 ], [ -82.233310739238689, 26.7840535723304 ], [ -82.259867, 26.717398 ], [ -82.289086, 26.827784 ], [ -82.539719, 27.254326 ], [ -82.745748, 27.538834 ], [ -82.706821, 27.498415 ], [ -82.65072, 27.523115 ], [ -82.393383, 27.837519 ], [ -82.413915, 27.901401 ], [ -82.461914342535891, 27.908430684855297 ], [ -82.461055073694084, 27.938161386780703 ], [ -82.491117, 27.9145 ], [ -82.47244, 27.822559 ], [ -82.553946, 27.848462 ], [ -82.529918, 27.877501 ], [ -82.553918, 27.966998 ], [ -82.678606470567289, 27.993715093564695 ], [ -82.720122, 27.936399 ], [ -82.628063, 27.910397 ], [ -82.586519, 27.816703 ], [ -82.63982, 27.703907 ], [ -82.718822, 27.692007 ], [ -82.698091, 27.638858 ], [ -82.733076, 27.612972 ], [ -82.746223, 27.731306 ], [ -82.849126, 27.8632 ], [ -82.840882, 27.937162 ], [ -82.824874816842097, 27.960201237224787 ], [ -82.832154697909317, 27.909242060517197 ], [ -82.782724, 28.055894 ], [ -82.805097, 28.172181 ], [ -82.665055, 28.484434 ], [ -82.668721736029497, 28.69565811015849 ], [ -82.712372593197784, 28.720920614110099 ], [ -82.730245385109185, 28.850154647931198 ], [ -82.688864, 28.905609 ], [ -82.764055, 28.999707 ], [ -82.759703920012598, 29.0541923354963 ], [ -82.816925, 29.076215 ], [ -82.804736, 29.146624 ], [ -82.991653, 29.180664 ], [ -83.053207, 29.130839 ], [ -83.077265, 29.255331 ], [ -83.169576, 29.290355 ], [ -83.218075, 29.420492 ], [ -83.294747145508381, 29.437923477742391 ], [ -83.400252195696694, 29.517241948824697 ], [ -83.412768233486503, 29.668485315373491 ] ] ], [ [ [ -85.077237, 29.670862 ], [ -85.124913, 29.628433 ], [ -85.222545852021909, 29.678039182603698 ], [ -85.114268, 29.688658 ], [ -85.077237, 29.670862 ] ] ], [ [ [ -84.696726, 29.76993 ], [ -84.776954, 29.692191 ], [ -84.957779, 29.612635 ], [ -85.051033, 29.586928 ], [ -85.097082, 29.625215 ], [ -85.023501, 29.597073 ], [ -84.696726, 29.76993 ] ] ], [ [ [ -84.579986572265597, 29.806856155395504 ], [ -84.674682617187486, 29.786233901977496 ], [ -84.573974609375014, 29.830572128295898 ], [ -84.579986572265597, 29.806856155395504 ] ] ], [ [ [ -82.755928039550781, 27.575551986694293 ], [ -82.764694213867173, 27.589300155639595 ], [ -82.762283325195298, 27.602533340454094 ], [ -82.755928039550781, 27.575551986694293 ] ] ], [ [ [ -82.431221008300795, 27.838607788085898 ], [ -82.441688537597699, 27.823534011840799 ], [ -82.438575744628906, 27.839603424072301 ], [ -82.431221008300795, 27.838607788085898 ] ] ], [ [ [ -82.435447692871108, 27.884199142456104 ], [ -82.424278259277287, 27.868217468261697 ], [ -82.437683105468793, 27.865123748779297 ], [ -82.435447692871108, 27.884199142456104 ] ] ], [ [ [ -82.821584923103586, 27.964442734219286 ], [ -82.823063036914377, 28.044757888376395 ], [ -82.835424548933091, 28.094840869784196 ], [ -82.813435001817098, 28.037159988572704 ], [ -82.821584923103586, 27.964442734219286 ] ] ], [ [ [ -82.842742919921903, 28.111225128173796 ], [ -82.838386535644489, 28.114498138427699 ], [ -82.832405090332003, 28.106716156005884 ], [ -82.842742919921903, 28.111225128173796 ] ] ], [ [ [ -82.840568542480483, 28.163084030151396 ], [ -82.852432250976591, 28.2101726531982 ], [ -82.837989807128892, 28.235435485839794 ], [ -82.840568542480483, 28.163084030151396 ] ] ], [ [ [ -82.157463073730497, 24.567941665649393 ], [ -82.114036560058594, 24.563777923584002 ], [ -82.141403198242188, 24.598279953002905 ], [ -82.102142333984403, 24.585191726684595 ], [ -82.115226745605497, 24.550094604492195 ], [ -82.157463073730497, 24.567941665649393 ] ] ], [ [ [ -81.451267228935691, 24.747463590360798 ], [ -81.298369, 24.654326 ], [ -81.395096, 24.621062 ], [ -81.49858, 24.66498 ], [ -81.511165, 24.625135 ], [ -81.602998, 24.586444 ], [ -81.81289, 24.546468 ], [ -81.798796782777899, 24.595675731431797 ], [ -81.687016610887483, 24.592533587759696 ], [ -81.562916567399995, 24.692912346405599 ], [ -81.459043293502376, 24.707355473598593 ], [ -81.451267228935691, 24.747463590360798 ] ] ], [ [ [ -81.260006, 24.674848 ], [ -81.244761, 24.669202 ], [ -81.281778, 24.65375 ], [ -81.260006, 24.674848 ] ] ], [ [ [ -81.297401428222685, 24.716732025146502 ], [ -81.342277526855483, 24.7383003234863 ], [ -81.324638366699176, 24.767210006713892 ], [ -81.297401428222685, 24.716732025146502 ] ] ], [ [ [ -82.14936802180749, 26.4776052140218 ], [ -82.013913, 26.452058 ], [ -82.082915, 26.422059 ], [ -82.177017, 26.471558 ], [ -82.255158832786492, 26.708160187706593 ], [ -82.14936802180749, 26.4776052140218 ] ] ], [ [ [ -81.124094, 24.704873 ], [ -81.022169799297188, 24.733091079474196 ], [ -80.986654155255508, 24.761239640565996 ], [ -80.910431, 24.782324 ], [ -80.906288, 24.769867 ], [ -81.078439, 24.692382 ], [ -81.124094, 24.704873 ] ] ], [ [ [ -80.884572, 24.791561 ], [ -80.89264906450309, 24.785991120743699 ], [ -80.906874, 24.783744 ], [ -80.884572, 24.791561 ] ] ], [ [ [ -80.846191, 24.802968 ], [ -80.79278, 24.843918 ], [ -80.780564, 24.84052 ], [ -80.796053, 24.81194 ], [ -80.846191, 24.802968 ] ] ], [ [ [ -80.697097778320284, 24.908584594726594 ], [ -80.704658508300795, 24.898618698120103 ], [ -80.699844360351605, 24.908929824829102 ], [ -80.697097778320284, 24.908584594726594 ] ] ], [ [ [ -80.545804194609588, 24.996636016146297 ], [ -80.349799971653795, 25.210595491747295 ], [ -80.333786711150012, 25.253890574533997 ], [ -80.368185535547298, 25.2823585714982 ], [ -80.292567408195694, 25.3143850680828 ], [ -80.174543837688006, 25.518405736936401 ], [ -80.204197986346983, 25.412243821295103 ], [ -80.377084, 25.130487 ], [ -80.571668, 24.953659 ], [ -80.657542624598776, 24.89120426070459 ], [ -80.766965499999898, 24.836158 ], [ -80.545804194609588, 24.996636016146297 ] ] ] ] } },
{ "type": "Feature", "properties": { "STATE": "GA" }, "geometry": { "type": "Polygon", "coordinates": [ [ [ -84.864693, 30.711542 ], [ -85.035615, 31.108192 ], [ -85.107516, 31.186451 ], [ -85.114601, 31.277333 ], [ -85.041305, 31.540987 ], [ -85.141931, 31.781963 ], [ -85.134131, 31.89216 ], [ -85.053815, 32.013502 ], [ -85.06206, 32.132486 ], [ -84.890894303099003, 32.261503843916891 ], [ -85.007103, 32.328362 ], [ -84.96303, 32.424244 ], [ -85.076399, 32.594665 ], [ -85.1844, 32.861317 ], [ -85.605165, 34.984678 ], [ -83.108535, 35.000771 ], [ -83.121111917501693, 34.939129009096398 ], [ -83.323866, 34.789712 ], [ -83.338689994050597, 34.682001511547902 ], [ -83.23178, 34.611297 ], [ -83.169993975276384, 34.605444342338693 ], [ -83.034712, 34.483495 ], [ -82.876864, 34.475303 ], [ -82.835004, 34.366069 ], [ -82.746656, 34.266407 ], [ -82.717507, 34.150504 ], [ -82.641553, 34.092212 ], [ -82.556835, 33.945353 ], [ -82.32448, 33.820033 ], [ -82.247472, 33.752591 ], [ -82.186154, 33.62088 ], [ -82.046335, 33.56383 ], [ -81.926336, 33.462937 ], [ -81.939737, 33.344941 ], [ -81.84729625332028, 33.306783412304704 ], [ -81.852136, 33.247544 ], [ -81.768935, 33.217447 ], [ -81.743835, 33.14145 ], [ -81.492253, 33.009342 ], [ -81.502427, 32.935353 ], [ -81.417984, 32.818196 ], [ -81.427517, 32.701896 ], [ -81.393033, 32.651543 ], [ -81.41866, 32.629392 ], [ -81.366964, 32.577059 ], [ -81.281324, 32.556464 ], [ -81.186829, 32.464086 ], [ -81.20513, 32.423788 ], [ -81.122333, 32.305395 ], [ -81.156587, 32.24391 ], [ -81.117234, 32.117605 ], [ -81.050234, 32.085308 ], [ -81.002297, 32.100048 ], [ -80.841913, 32.002643 ], [ -80.897687, 31.949065 ], [ -80.972392, 31.94127 ], [ -80.934508, 31.90918 ], [ -80.99269, 31.857641 ], [ -81.065255, 31.877095 ], [ -81.075812, 31.829031 ], [ -81.036873, 31.812721 ], [ -81.077057, 31.761256 ], [ -81.130634, 31.722692 ], [ -81.203572, 31.719448 ], [ -81.131137, 31.695774 ], [ -81.133493, 31.623348 ], [ -81.173079, 31.555908 ], [ -81.260076, 31.54828 ], [ -81.177254, 31.517074 ], [ -81.278798, 31.367214 ], [ -81.25482, 31.315452 ], [ -81.288402792421493, 31.211065104270997 ], [ -81.399677, 31.134113 ], [ -81.420474, 31.016703 ], [ -81.493651, 30.977528 ], [ -81.403409, 30.957914 ], [ -81.460061, 30.769912 ], [ -81.444124, 30.709714 ], [ -81.719927, 30.744634 ], [ -81.899380350451878, 30.821661541209 ], [ -81.949787, 30.827493 ], [ -81.979061, 30.776415 ], [ -82.017051, 30.791657 ], [ -82.049507, 30.655548 ], [ -82.005477, 30.563495 ], [ -82.050069, 30.362338 ], [ -82.19294, 30.378779 ], [ -82.23581979681029, 30.53718669763429 ], [ -82.214839, 30.568591 ], [ -84.864693, 30.711542 ] ] ] } },
{ "type": "Feature", "properties": { "STATE": "HI" }, "geometry": { "type": "MultiPolygon", "coordinates": [ [ [ [ -166.208633422852017, 23.783916473388697 ], [ -166.213821411132983, 23.783929824829102 ], [ -166.214935302733977, 23.786916732788097 ], [ -166.208633422852017, 23.783916473388697 ] ] ], [ [ [ -166.220642089843977, 23.853935241699197 ], [ -166.21823120117196, 23.861295700073196 ], [ -166.216766357422017, 23.854198455810504 ], [ -166.220642089843977, 23.853935241699197 ] ] ], [ [ [ -166.280426025391023, 23.866075515747099 ], [ -166.28369140625, 23.872631072998004 ], [ -166.27864074707, 23.870164871215799 ], [ -166.280426025391023, 23.866075515747099 ] ] ], [ [ [ -166.245300292969006, 23.871730804443398 ], [ -166.247985839843977, 23.867916107177699 ], [ -166.253326416015966, 23.872838973998999 ], [ -166.245300292969006, 23.871730804443398 ] ] ], [ [ [ -168.001266479492017, 25.005043029785199 ], [ -167.995834350585966, 24.998214721679702 ], [ -167.998504638671989, 24.997116088867202 ], [ -168.001266479492017, 25.005043029785199 ] ] ], [ [ [ -171.746139526367017, 25.750568389892599 ], [ -171.751388549805029, 25.781381607055696 ], [ -171.722366333007983, 25.7895832061768 ], [ -171.720077514648011, 25.762859344482393 ], [ -171.746139526367017, 25.750568389892599 ] ] ], [ [ [ -173.956878662108977, 26.061834335327099 ], [ -173.98280334472696, 26.085908889770494 ], [ -173.969421386718977, 26.088565826416005 ], [ -173.956878662108977, 26.061834335327099 ] ] ], [ [ [ -175.934143066405994, 27.759706497192397 ], [ -175.942276000977017, 27.752868652343807 ], [ -175.943801879882983, 27.758138656616197 ], [ -175.934143066405994, 27.759706497192397 ] ] ], [ [ [ -175.904953002929972, 27.762660980224599 ], [ -175.895187377929972, 27.765071868896502 ], [ -175.895706176757983, 27.762027740478501 ], [ -175.904953002929972, 27.762660980224599 ] ] ], [ [ [ -175.816558837891023, 27.782472610473597 ], [ -175.811965942383011, 27.777545928955099 ], [ -175.818054199218977, 27.779790878295895 ], [ -175.816558837891023, 27.782472610473597 ] ] ], [ [ [ -175.861572265625, 27.782007217407202 ], [ -175.858520507812983, 27.786539077758796 ], [ -175.858474731445028, 27.783359527587901 ], [ -175.861572265625, 27.782007217407202 ] ] ], [ [ [ -175.743881225585994, 27.907583236694297 ], [ -175.73828125, 27.913597106933601 ], [ -175.740661621094006, 27.907432556152301 ], [ -175.743881225585994, 27.907583236694297 ] ] ], [ [ [ -175.740997314452983, 27.919805526733391 ], [ -175.737091064452983, 27.928401947021502 ], [ -175.733627319335994, 27.927259445190391 ], [ -175.740997314452983, 27.919805526733391 ] ] ], [ [ [ -178.342102050781023, 28.388927459716793 ], [ -178.307815551757983, 28.394899368286094 ], [ -178.291076660155966, 28.407390594482401 ], [ -178.294540405273011, 28.388641357421896 ], [ -178.342102050781023, 28.388927459716793 ] ] ], [ [ [ -155.086403581836578, 19.727838411831556 ], [ -155.006427615974729, 19.739281551156367 ], [ -154.983782608169292, 19.641642527243423 ], [ -154.809565566254292, 19.522372501755527 ], [ -154.838549571017268, 19.463637486292274 ], [ -154.980865599257754, 19.349286454045693 ], [ -155.159639636423208, 19.268370429272025 ], [ -155.296765666575538, 19.26628442526199 ], [ -155.514744710735641, 19.132496386283496 ], [ -155.601870725316076, 18.971567343938389 ], [ -155.672010086233399, 18.917461465896071 ], [ -155.881554788481509, 19.036639352948129 ], [ -155.92139379964209, 19.12117837295245 ], [ -155.887360798449436, 19.337096427626175 ], [ -155.922613810344103, 19.478606461976536 ], [ -156.064368849008559, 19.730761521084002 ], [ -156.049655847275886, 19.780447533883802 ], [ -155.925847822414596, 19.85892355683718 ], [ -155.831952805481194, 19.982770590346838 ], [ -155.828186806249562, 20.035419603623119 ], [ -155.899153825270645, 20.145723629295166 ], [ -155.882635825239959, 20.263021659120145 ], [ -155.772738800430858, 20.245404657722204 ], [ -155.598037758151179, 20.124534632174779 ], [ -155.468215728845024, 20.104291630590307 ], [ -155.270320682394413, 20.014520613335979 ], [ -155.086345637015143, 19.855394578225795 ], [ -155.086403581836578, 19.727838411831556 ] ] ], [ [ [ -156.690534097260496, 20.514261214317486 ], [ -156.696667013443772, 20.541641705838941 ], [ -156.61073899623625, 20.593765721345957 ], [ -156.543038556879026, 20.580110539048928 ], [ -156.544173979280345, 20.522797705524166 ], [ -156.690534097260496, 20.514261214317486 ] ] ], [ [ [ -156.284395924407107, 20.596483731383984 ], [ -156.438389958520247, 20.601332728197892 ], [ -156.46404797004476, 20.781662772592515 ], [ -156.537756986195177, 20.778403769639894 ], [ -156.678639020296259, 20.870536788583536 ], [ -156.694115026444706, 20.952703808690423 ], [ -156.6428140176304, 21.027578828949302 ], [ -156.54629599557191, 21.005077826152906 ], [ -156.474800976125209, 20.894541800550229 ], [ -156.324582944769844, 20.950179818858892 ], [ -156.242559926227642, 20.937833818134873 ], [ -156.11573989458293, 20.827296794044202 ], [ -155.987948864674792, 20.77654778494329 ], [ -155.991538863458516, 20.713649769056978 ], [ -156.053389875243425, 20.654315752426474 ], [ -156.284395924407107, 20.596483731383984 ] ] ], [ [ [ -157.010006095250645, 20.929752793582722 ], [ -156.897174069935147, 20.915390793351943 ], [ -156.837052054961561, 20.863570782178275 ], [ -156.808474047229197, 20.820391772227225 ], [ -156.838326051942062, 20.764570757398584 ], [ -156.96789507945212, 20.735075746214452 ], [ -156.991839087779141, 20.826598768357659 ], [ -157.061133105172189, 20.890630782284873 ], [ -157.010006095250645, 20.929752793582722 ] ] ], [ [ [ -156.893593079717505, 21.053833497815123 ], [ -157.079701116582214, 21.105830835491858 ], [ -157.31334816797326, 21.105750828386068 ], [ -157.257090159817068, 21.227263860451004 ], [ -156.999113101450405, 21.18221685702439 ], [ -156.974007097161433, 21.21849886685979 ], [ -156.903471079750318, 21.164205855396645 ], [ -156.712701037566205, 21.161542860433695 ], [ -156.794141052638196, 21.075791836536347 ], [ -156.893593079717505, 21.053833497815123 ] ] ], [ [ [ -157.793172399271924, 21.435735413047254 ], [ -157.789281407210183, 21.435828873276368 ], [ -157.793050328866229, 21.43390626525607 ], [ -157.793172399271924, 21.435735413047254 ] ] ], [ [ [ -158.103305348005506, 21.297895851682505 ], [ -158.279515396742568, 21.575789915172066 ], [ -158.12561536343361, 21.58673492286869 ], [ -157.96863333362964, 21.712699959322542 ], [ -157.836950298029194, 21.529940917944202 ], [ -157.840995296366629, 21.459478900244207 ], [ -157.786518282829945, 21.415628891031389 ], [ -157.772214526722195, 21.457737367414449 ], [ -157.731782236869464, 21.455940383008688 ], [ -157.738605271905357, 21.404295889713698 ], [ -157.651805249621361, 21.313895869885599 ], [ -157.700105258449383, 21.263995855935544 ], [ -157.721305263914644, 21.286895860982266 ], [ -157.809605282239318, 21.257695850941776 ], [ -157.904825534675524, 21.329167423965238 ], [ -157.910930749941599, 21.305764117668051 ], [ -157.967976319464128, 21.327981863461027 ], [ -158.103305348005506, 21.297895851682505 ] ] ], [ [ [ -160.543325593852614, 21.667123470160004 ], [ -160.549322298360892, 21.645349172607897 ], [ -160.55577676845374, 21.668283137971603 ], [ -160.543325593852614, 21.667123470160004 ] ] ], [ [ [ -160.247576502434754, 21.8299095737747 ], [ -160.228970832947283, 21.889112926655308 ], [ -160.112751812135258, 21.995240956932808 ], [ -160.058548800447795, 21.996375959131399 ], [ -160.079070800821398, 21.89607593366722 ], [ -160.161625817404712, 21.864741923031993 ], [ -160.205856823513585, 21.779513900477912 ], [ -160.247576502434754, 21.8299095737747 ] ] ], [ [ [ -159.615214042415005, 21.901736321788341 ], [ -159.788144742721386, 22.018406974090126 ], [ -159.726048734639505, 22.152167009347689 ], [ -159.583970706750364, 22.226676032783359 ], [ -159.339969652849703, 22.20851503679738 ], [ -159.295276639983683, 22.130386018965549 ], [ -159.338001645965193, 22.046570996708411 ], [ -159.334719641867565, 21.961094975638062 ], [ -159.446604662680357, 21.871642949641668 ], [ -159.615214042415005, 21.901736321788341 ] ] ], [ [ [ -161.93575149036522, 23.053575479259717 ], [ -161.910772847855924, 23.065509763566926 ], [ -161.910162495681021, 23.055068934616436 ], [ -161.93575149036522, 23.053575479259717 ] ] ], [ [ [ -164.706085205078011, 23.569265365600597 ], [ -164.711364746093977, 23.5838432312012 ], [ -164.689254760741989, 23.574687957763693 ], [ -164.706085205078011, 23.569265365600597 ] ] ], [ [ [ -166.170227050780966, 23.731037139892599 ], [ -166.169723510742017, 23.726047515869098 ], [ -166.174179077148011, 23.736131668090799 ], [ -166.170227050780966, 23.731037139892599 ] ] ] ] } },
{ "type": "Feature", "properties": { "STATE": "IA" }, "geometry": { "type": "Polygon", "coordinates": [ [ [ -94.811188, 40.573532 ], [ -95.765645, 40.585208 ], [ -95.776251, 40.647463 ], [ -95.885349, 40.721093 ], [ -95.834156, 40.783016 ], [ -95.847785, 40.864328 ], [ -95.809474, 40.891228 ], [ -95.882415, 41.060411 ], [ -95.883489, 41.154898 ], [ -95.841288, 41.174998 ], [ -95.927491, 41.202198 ], [ -95.927491, 41.298397 ], [ -95.90249, 41.273398 ], [ -95.874689, 41.307097 ], [ -95.956691, 41.345496 ], [ -95.920281, 41.451566 ], [ -96.011757, 41.476212 ], [ -96.005079, 41.544004 ], [ -96.040701, 41.507076 ], [ -96.09409, 41.539265 ], [ -96.121401, 41.688522 ], [ -96.073063, 41.705004 ], [ -96.106425, 41.73789 ], [ -96.064537, 41.793002 ], [ -96.161756, 41.90182 ], [ -96.129505, 41.971673 ], [ -96.186265, 41.977417 ], [ -96.194556, 42.008662 ], [ -96.236487, 41.996428 ], [ -96.223822, 42.033346 ], [ -96.271427, 42.044988 ], [ -96.2689, 42.11359 ], [ -96.349688, 42.172043 ], [ -96.328905, 42.254734 ], [ -96.417786, 42.351449 ], [ -96.386007, 42.474495 ], [ -96.476509, 42.493595 ], [ -96.516338, 42.630435 ], [ -96.639704, 42.737071 ], [ -96.526357247542293, 42.891852203673999 ], [ -96.541689, 42.922576 ], [ -96.49167, 43.009707 ], [ -96.518431421900274, 43.042067521037097 ], [ -96.46085, 43.064033 ], [ -96.436589, 43.120842 ], [ -96.475571, 43.221054 ], [ -96.560439634199582, 43.224218915788192 ], [ -96.553217, 43.259141 ], [ -96.58522, 43.268878 ], [ -96.580346400182677, 43.298203589195303 ], [ -96.530392, 43.300034 ], [ -96.521572, 43.38564 ], [ -96.594254, 43.434153 ], [ -96.598928, 43.500457 ], [ -91.217706, 43.50055 ], [ -91.20662, 43.352524 ], [ -91.107237, 43.313645 ], [ -91.057918, 43.255366 ], [ -91.175253, 43.134665 ], [ -91.179457, 43.067427 ], [ -91.14556, 42.90798 ], [ -91.100565, 42.883078 ], [ -91.06468, 42.750914 ], [ -90.949213, 42.685573 ], [ -90.706303, 42.634169 ], [ -90.643927, 42.540401 ], [ -90.654027, 42.478503 ], [ -90.443874, 42.355218 ], [ -90.391108, 42.225473 ], [ -90.167533, 42.122475 ], [ -90.140061, 42.003252 ], [ -90.181973, 41.80707 ], [ -90.310708, 41.742214 ], [ -90.343228, 41.587833 ], [ -90.461432, 41.523533 ], [ -90.591037, 41.512832 ], [ -90.655839, 41.462132 ], [ -91.04589, 41.414085 ], [ -91.113648, 41.241401 ], [ -90.946627, 41.096632 ], [ -90.952233, 40.954047 ], [ -91.092993, 40.821079 ], [ -91.123928, 40.669152 ], [ -91.339719, 40.613488 ], [ -91.405241, 40.554641 ], [ -91.364211, 40.500043 ], [ -91.375746, 40.391879 ], [ -91.482322, 40.382057 ], [ -91.526425, 40.413404 ], [ -91.52509, 40.457845 ], [ -91.574746, 40.465664 ], [ -91.620071, 40.540817 ], [ -91.6887, 40.55739 ], [ -91.729115, 40.61364 ], [ -94.811188, 40.573532 ] ] ] } },
{ "type": "Feature", "properties": { "STATE": "ID" }, "geometry": { "type": "Polygon", "coordinates": [ [ [ -117.009255, 41.998127 ], [ -117.026870719380995, 43.832478675777992 ], [ -116.982347, 43.86884 ], [ -116.934485, 44.021249 ], [ -116.977351, 44.085364 ], [ -116.894083, 44.160191 ], [ -116.971675, 44.197256 ], [ -116.975905, 44.242844 ], [ -117.05303, 44.229076 ], [ -117.104208, 44.27994 ], [ -117.143394, 44.258262 ], [ -117.198147, 44.273828 ], [ -117.222647, 44.297578 ], [ -117.189769, 44.336585 ], [ -117.242675, 44.396548 ], [ -117.225076, 44.482346 ], [ -117.149242, 44.536151 ], [ -117.062273, 44.727143 ], [ -116.9347, 44.783881 ], [ -116.852427, 44.887577 ], [ -116.847944, 45.022602 ], [ -116.729607, 45.142091 ], [ -116.673793, 45.321511 ], [ -116.463504, 45.615785 ], [ -116.535396, 45.691734 ], [ -116.546643, 45.750972 ], [ -116.665344, 45.781998 ], [ -116.711822, 45.826267 ], [ -116.782676, 45.825376 ], [ -116.859795, 45.907264 ], [ -116.981962, 46.084915 ], [ -116.92187, 46.167808 ], [ -116.965841, 46.203417 ], [ -116.986688, 46.296662 ], [ -117.06263, 46.352522 ], [ -117.034696, 46.418318 ], [ -117.032351, 48.999188 ], [ -116.049193, 49.000912 ], [ -116.04885, 47.977186 ], [ -115.906409, 47.846261 ], [ -115.852291, 47.827991 ], [ -115.831755, 47.755785 ], [ -115.797299, 47.75752 ], [ -115.72377, 47.696671 ], [ -115.73627, 47.654762 ], [ -115.689404, 47.595402 ], [ -115.747263148157003, 47.54319732026039 ], [ -115.653044297003007, 47.476034549804993 ], [ -115.728801342699015, 47.428925121143493 ], [ -115.578619372679995, 47.367006769826688 ], [ -115.51186, 47.295219 ], [ -115.326903417685017, 47.255911821100298 ], [ -115.300504, 47.188139 ], [ -115.140375, 47.093013 ], [ -115.049538, 46.970774 ], [ -115.001274, 46.971901 ], [ -114.929997254371003, 46.919624504363696 ], [ -114.947413, 46.859324 ], [ -114.920459, 46.827697 ], [ -114.765106, 46.758153 ], [ -114.76689, 46.696901 ], [ -114.696656, 46.740572 ], [ -114.620859, 46.707415 ], [ -114.642713, 46.673145 ], [ -114.593292, 46.632848 ], [ -114.466902, 46.631695 ], [ -114.360709, 46.669059 ], [ -114.320665, 46.646963 ], [ -114.342072, 46.519679 ], [ -114.403019, 46.498675 ], [ -114.376413, 46.442983 ], [ -114.422458, 46.387097 ], [ -114.425587, 46.287899 ], [ -114.470479, 46.26732 ], [ -114.445928, 46.173933 ], [ -114.527096, 46.146218 ], [ -114.460049, 46.097104 ], [ -114.49341843996099, 46.037170280513287 ], [ -114.470965141875993, 45.9957423722702 ], [ -114.403712344651993, 45.967049202452692 ], [ -114.431159, 45.935737 ], [ -114.388243, 45.88234 ], [ -114.409477, 45.85164 ], [ -114.509303, 45.845531 ], [ -114.566172, 45.773864 ], [ -114.495421, 45.703321 ], [ -114.507645, 45.658949 ], [ -114.563652, 45.637412 ], [ -114.538132, 45.606834 ], [ -114.559038, 45.565706 ], [ -114.460542, 45.561283 ], [ -114.333218, 45.459316 ], [ -114.270717, 45.486116 ], [ -114.248121, 45.545877 ], [ -114.192802, 45.536596 ], [ -114.086584, 45.59118 ], [ -113.986656, 45.704564 ], [ -113.93422, 45.682232 ], [ -113.904691, 45.622007 ], [ -113.806729, 45.602146 ], [ -113.834555, 45.520729 ], [ -113.766022, 45.520621 ], [ -113.78416, 45.454946 ], [ -113.733092, 45.390173 ], [ -113.738729, 45.329741 ], [ -113.599506, 45.191114 ], [ -113.57467, 45.128411 ], [ -113.513342, 45.115225 ], [ -113.520134, 45.093033 ], [ -113.45197, 45.059247 ], [ -113.443782, 44.95989 ], [ -113.498745, 44.942314 ], [ -113.455071, 44.865424 ], [ -113.377153, 44.834858 ], [ -113.341704, 44.784853 ], [ -113.247166, 44.82295 ], [ -113.131453, 44.772837 ], [ -113.06776, 44.679474 ], [ -113.049349, 44.62938 ], [ -113.083819399691009, 44.602220490850002 ], [ -113.019776518542002, 44.528505149324587 ], [ -113.003544, 44.450814 ], [ -112.855395, 44.359975 ], [ -112.81324, 44.378103 ], [ -112.836034, 44.422653 ], [ -112.781294, 44.484888 ], [ -112.71911, 44.504344 ], [ -112.50031, 44.463051 ], [ -112.473207, 44.480027 ], [ -112.387389, 44.448058 ], [ -112.35421, 44.535638 ], [ -112.286187, 44.568472 ], [ -112.106755, 44.520829 ], [ -111.870504, 44.564033 ], [ -111.821488, 44.509286 ], [ -111.704218, 44.560205 ], [ -111.471682, 44.540824 ], [ -111.525764, 44.604883 ], [ -111.473178, 44.665479 ], [ -111.489339, 44.704946 ], [ -111.414271, 44.710741 ], [ -111.385005, 44.755128 ], [ -111.29626, 44.702271 ], [ -111.224161182832006, 44.623401714457195 ], [ -111.23018028325302, 44.587025376854506 ], [ -111.131379, 44.499925 ], [ -111.048974, 44.474072 ], [ -111.046689, 42.001567 ], [ -117.009255, 41.998127 ] ] ] } },
{ "type": "Feature", "properties": { "STATE": "IL" }, "geometry": { "type": "Polygon", "coordinates": [ [ [ -90.370819, 38.333554 ], [ -90.17881, 38.62915 ], [ -90.20991, 38.72605 ], [ -90.123107, 38.798048 ], [ -90.113327, 38.849306 ], [ -90.250248, 38.919344 ], [ -90.440078, 38.967364 ], [ -90.545872, 38.874008 ], [ -90.628485, 38.891617 ], [ -90.713629, 39.053977 ], [ -90.681086, 39.10059 ], [ -90.72996, 39.255894 ], [ -91.03827, 39.448436 ], [ -91.100307, 39.538695 ], [ -91.153628, 39.548248 ], [ -91.181936, 39.602677 ], [ -91.367753, 39.729029 ], [ -91.363444, 39.792804 ], [ -91.446385, 39.870394 ], [ -91.41936, 39.927717 ], [ -91.494878, 40.036453 ], [ -91.510322, 40.127994 ], [ -91.466603, 40.334461 ], [ -91.372921, 40.399108 ], [ -91.364211, 40.500043 ], [ -91.405241, 40.554641 ], [ -91.339719, 40.613488 ], [ -91.123928, 40.669152 ], [ -91.092993, 40.821079 ], [ -90.952233, 40.954047 ], [ -90.946627, 41.096632 ], [ -91.113648, 41.241401 ], [ -91.04589, 41.414085 ], [ -90.655839, 41.462132 ], [ -90.556235, 41.524232 ], [ -90.461432, 41.523533 ], [ -90.343228, 41.587833 ], [ -90.310708, 41.742214 ], [ -90.180954, 41.809354 ], [ -90.140061, 42.003252 ], [ -90.162895, 42.116718 ], [ -90.391108, 42.225473 ], [ -90.443874, 42.355218 ], [ -90.655927, 42.491703 ], [ -90.640927, 42.508302 ], [ -87.800477, 42.49192 ], [ -87.828569, 42.269922 ], [ -87.671462333520395, 42.058334165349187 ], [ -87.60945, 41.845233 ], [ -87.524141, 41.72399 ], [ -87.531646, 39.347888 ], [ -87.589084, 39.333831 ], [ -87.61005, 39.282232 ], [ -87.574558, 39.218404 ], [ -87.64598956238568, 39.1449003713198 ], [ -87.572588, 39.057286 ], [ -87.578319, 38.988786 ], [ -87.512187, 38.954417 ], [ -87.553384, 38.863344 ], [ -87.496494, 38.742728 ], [ -87.531231, 38.684036 ], [ -87.62012, 38.639489 ], [ -87.657084454704815, 38.5071686985982 ], [ -87.7395223139103, 38.475068996610595 ], [ -87.745254, 38.408996 ], [ -87.822721, 38.346912 ], [ -87.838243077512473, 38.293749669993893 ], [ -87.938726602595409, 38.289263794147196 ], [ -87.98268813721279, 38.221527148836799 ], [ -87.921680288286481, 38.148407447294488 ], [ -87.999734460214682, 38.100857199829498 ], [ -87.984931083829196, 38.069007526521197 ], [ -88.029789790138693, 38.025045983210802 ], [ -88.012929, 37.966544 ], [ -88.058499371217479, 37.865348996051004 ], [ -88.02803, 37.799224 ], [ -88.160187, 37.657592 ], [ -88.064234, 37.484548 ], [ -88.470224, 37.396255 ], [ -88.515939, 37.284043 ], [ -88.424403, 37.152428 ], [ -88.458948, 37.073796 ], [ -88.545403, 37.070003 ], [ -88.80572, 37.188595 ], [ -88.98326, 37.228685 ], [ -89.076221, 37.175125 ], [ -89.175725, 37.062069 ], [ -89.178975, 37.020928 ], [ -89.132685, 36.9822 ], [ -89.185491, 36.973518 ], [ -89.25493, 37.072014 ], [ -89.307726, 37.069654 ], [ -89.257608, 37.015496 ], [ -89.29213, 36.992189 ], [ -89.381644, 37.04301 ], [ -89.458827, 37.248661 ], [ -89.51834, 37.285497 ], [ -89.421054, 37.387668 ], [ -89.517051, 37.537278 ], [ -89.519808, 37.582748 ], [ -89.475932, 37.592998 ], [ -89.516685, 37.692762 ], [ -89.663352, 37.750052 ], [ -89.669644, 37.799922 ], [ -89.842649, 37.905196 ], [ -89.901832, 37.869822 ], [ -89.950594, 37.881526 ], [ -89.974918, 37.926719 ], [ -89.925085, 37.960021 ], [ -89.997103, 37.963225 ], [ -90.11052, 38.026547 ], [ -90.353902, 38.213855 ], [ -90.370819, 38.333554 ] ] ] } },
{ "type": "Feature", "properties": { "STATE": "IN" }, "geometry": { "type": "Polygon", "coordinates": [ [ [ -87.180063, 37.841375 ], [ -87.402632, 37.942267 ], [ -87.511499, 37.906426 ], [ -87.589816, 37.976042 ], [ -87.62896, 37.926714 ], [ -87.588729, 37.860984 ], [ -87.625014, 37.829077 ], [ -87.679188, 37.836321 ], [ -87.67573, 37.90193 ], [ -87.830578, 37.876516 ], [ -87.898062, 37.927514 ], [ -87.940839, 37.883338 ], [ -87.904595, 37.812526 ], [ -87.95259, 37.771742 ], [ -88.045938932755377, 37.807481239354196 ], [ -88.058499371217479, 37.865348996051004 ], [ -87.999734460214682, 38.100857199829498 ], [ -87.921680288286481, 38.148407447294488 ], [ -87.984234, 38.20996 ], [ -87.952125, 38.273763 ], [ -87.838243077512473, 38.293749669993893 ], [ -87.822721, 38.346912 ], [ -87.745254, 38.408996 ], [ -87.7395223139103, 38.475068996610595 ], [ -87.657084454704815, 38.5071686985982 ], [ -87.62012, 38.639489 ], [ -87.531231, 38.684036 ], [ -87.496494, 38.742728 ], [ -87.553384, 38.863344 ], [ -87.512187, 38.954417 ], [ -87.578319, 38.988786 ], [ -87.572588, 39.057286 ], [ -87.64598956238568, 39.1449003713198 ], [ -87.574558, 39.218404 ], [ -87.61005, 39.282232 ], [ -87.589084, 39.333831 ], [ -87.531646, 39.347888 ], [ -87.524044, 41.708335 ], [ -87.470742, 41.672835 ], [ -87.399300217692087, 41.677620045513898 ], [ -87.42344, 41.642835 ], [ -87.278437, 41.619736 ], [ -87.066033, 41.661845 ], [ -86.824828, 41.76024 ], [ -84.805883, 41.760216 ], [ -84.820157, 39.10548 ], [ -84.897364, 39.057378 ], [ -84.829857, 38.969385 ], [ -84.877029, 38.909016 ], [ -84.785234, 38.880439 ], [ -84.829958, 38.830632 ], [ -84.812877, 38.786087 ], [ -84.990006, 38.778383 ], [ -85.172528, 38.688082 ], [ -85.275454, 38.741172 ], [ -85.434065, 38.729455 ], [ -85.456978, 38.689135 ], [ -85.423077, 38.531581 ], [ -85.498866, 38.468242 ], [ -85.607629, 38.439295 ], [ -85.683561, 38.295469 ], [ -85.744862, 38.26717 ], [ -85.829364, 38.276769 ], [ -85.908764, 38.161169 ], [ -85.925418, 38.023456 ], [ -86.029509, 37.99264 ], [ -86.038188, 37.95935 ], [ -86.095766, 38.00893 ], [ -86.178983, 38.011308 ], [ -86.261273, 38.052721 ], [ -86.271802, 38.137874 ], [ -86.360376728650095, 38.198795599034 ], [ -86.377434268126393, 38.171379221542196 ], [ -86.323453, 38.139032 ], [ -86.401653, 38.105396 ], [ -86.463248, 38.119278 ], [ -86.430091, 38.078638 ], [ -86.521825, 38.038327 ], [ -86.50662, 37.930719 ], [ -86.588581, 37.921159 ], [ -86.625763, 37.847266 ], [ -86.661637, 37.849714 ], [ -86.647081, 37.908621 ], [ -86.73146, 37.89434 ], [ -86.820071, 37.999392 ], [ -87.033444, 37.906593 ], [ -87.090636, 37.787808 ], [ -87.127533, 37.78504 ], [ -87.180063, 37.841375 ] ] ] } },
{ "type": "Feature", "properties": { "STATE": "KS" }, "geometry": { "type": "Polygon", "coordinates": [ [ [ -102.04224, 36.993083 ], [ -102.051744, 40.003078 ], [ -95.30829, 39.999998 ], [ -95.204428, 39.938949 ], [ -95.199347, 39.902709 ], [ -95.149657, 39.905948 ], [ -95.081534, 39.861718 ], [ -94.95154, 39.900533 ], [ -94.939767, 39.85193 ], [ -94.878677, 39.826522 ], [ -94.884084, 39.794234 ], [ -94.935782, 39.778906 ], [ -94.867143, 39.771694 ], [ -94.870143, 39.734594 ], [ -94.960086, 39.743065 ], [ -94.971317, 39.68641 ], [ -95.049518, 39.637876 ], [ -95.054804, 39.582488 ], [ -95.113557, 39.553941 ], [ -94.942039, 39.389499 ], [ -94.885026, 39.389801 ], [ -94.905329, 39.311952 ], [ -94.831471, 39.256273 ], [ -94.823791, 39.209874 ], [ -94.741938, 39.170203 ], [ -94.680336, 39.184303 ], [ -94.662435, 39.157603 ], [ -94.591933, 39.155003 ], [ -94.61808, 36.998135 ], [ -102.04224, 36.993083 ] ] ] } },
{ "type": "Feature", "properties": { "STATE": "KY" }, "geometry": { "type": "MultiPolygon", "coordinates": [ [ [ [ -89.558349, 36.522099 ], [ -89.55264, 36.577178 ], [ -89.479093, 36.568206 ], [ -89.485106, 36.497692 ], [ -89.558349, 36.522099 ] ] ], [ [ [ -88.053205, 36.497129 ], [ -89.417293, 36.499033 ], [ -89.365548, 36.625059 ], [ -89.326731, 36.632186 ], [ -89.236542, 36.566824 ], [ -89.15908, 36.666352 ], [ -89.199798, 36.734217 ], [ -89.119198, 36.759802 ], [ -89.178888, 36.831368 ], [ -89.137969, 36.847349 ], [ -89.098843, 36.95785 ], [ -89.173595, 37.011409 ], [ -89.168087, 37.074218 ], [ -89.041263, 37.202881 ], [ -88.966831, 37.229891 ], [ -88.545403, 37.070003 ], [ -88.458948, 37.073796 ], [ -88.424403, 37.152428 ], [ -88.515939, 37.284043 ], [ -88.476592, 37.386875 ], [ -88.413108, 37.424468 ], [ -88.365471, 37.401663 ], [ -88.281667, 37.452596 ], [ -88.064234, 37.484548 ], [ -88.159372, 37.661847 ], [ -88.02803, 37.799224 ], [ -87.95259, 37.771742 ], [ -87.90681, 37.807624 ], [ -87.941021, 37.879168 ], [ -87.904789, 37.924892 ], [ -87.830578, 37.876516 ], [ -87.67573, 37.90193 ], [ -87.679188, 37.836321 ], [ -87.635806, 37.827015 ], [ -87.588729, 37.860984 ], [ -87.62896, 37.926714 ], [ -87.585916, 37.975442 ], [ -87.511499, 37.906426 ], [ -87.447786, 37.942427 ], [ -87.380247, 37.935596 ], [ -87.162319, 37.840159 ], [ -87.111133, 37.782512 ], [ -87.067836, 37.806065 ], [ -87.033444, 37.906593 ], [ -86.820071, 37.999392 ], [ -86.73146, 37.89434 ], [ -86.647081, 37.908621 ], [ -86.638265, 37.842718 ], [ -86.588581, 37.921159 ], [ -86.50662, 37.930719 ], [ -86.521825, 38.038327 ], [ -86.430091, 38.078638 ], [ -86.463248, 38.119278 ], [ -86.401653, 38.105396 ], [ -86.323453, 38.139032 ], [ -86.377434268126393, 38.171379221542196 ], [ -86.360376728650095, 38.198795599034 ], [ -86.271802, 38.137874 ], [ -86.261273, 38.052721 ], [ -86.178983, 38.011308 ], [ -86.095766, 38.00893 ], [ -86.038188, 37.95935 ], [ -86.029509, 37.99264 ], [ -85.925418, 38.023456 ], [ -85.908764, 38.161169 ], [ -85.829364, 38.276769 ], [ -85.744862, 38.26717 ], [ -85.683561, 38.295469 ], [ -85.607629, 38.439295 ], [ -85.498866, 38.468242 ], [ -85.423077, 38.531581 ], [ -85.456978, 38.689135 ], [ -85.434065, 38.729455 ], [ -85.275454, 38.741172 ], [ -85.172528, 38.688082 ], [ -84.990006, 38.778383 ], [ -84.812877, 38.786087 ], [ -84.829958, 38.830632 ], [ -84.785234, 38.880439 ], [ -84.877029, 38.909016 ], [ -84.829857, 38.969385 ], [ -84.897364, 39.057378 ], [ -84.750749, 39.147358 ], [ -84.620112, 39.073457 ], [ -84.449793, 39.117754 ], [ -84.42573, 39.053059 ], [ -84.304698, 39.006455 ], [ -84.212904, 38.805707 ], [ -83.873168, 38.762418 ], [ -83.769347, 38.65522 ], [ -83.679484, 38.630036 ], [ -83.626922, 38.679387 ], [ -83.520953, 38.703045 ], [ -83.356445, 38.654009 ], [ -83.294193, 38.596588 ], [ -83.245572, 38.627936 ], [ -83.142836, 38.625076 ], [ -83.027917, 38.727143 ], [ -82.879492, 38.751476 ], [ -82.844306, 38.590862 ], [ -82.700045, 38.544336 ], [ -82.604089, 38.459841 ], [ -82.574656, 38.263873 ], [ -82.61226, 38.236087 ], [ -82.611343, 38.171548 ], [ -82.644739, 38.165487 ], [ -82.517351190400404, 38.001203909317596 ], [ -82.464257, 37.983412 ], [ -82.501862, 37.9332 ], [ -82.419781, 37.883821 ], [ -82.401652, 37.810091 ], [ -82.311642, 37.764294 ], [ -82.333581, 37.743283 ], [ -82.303953, 37.67576 ], [ -82.21349, 37.625408 ], [ -82.175264, 37.647971 ], [ -82.133299, 37.552996 ], [ -82.07503, 37.555824 ], [ -82.046653, 37.528193 ], [ -82.042825, 37.548361 ], [ -81.964971, 37.543026 ], [ -82.350948, 37.267077 ], [ -82.722097, 37.120168 ], [ -82.722472, 37.045101 ], [ -82.867535, 36.977518 ], [ -82.878569, 36.889585 ], [ -83.009222, 36.847295 ], [ -83.07259, 36.854589 ], [ -83.136395, 36.743088 ], [ -83.423707, 36.667385 ], [ -83.529612, 36.666184 ], [ -83.690714, 36.582581 ], [ -86.507771, 36.652445 ], [ -86.564143, 36.633472 ], [ -86.589906, 36.652486 ], [ -87.853204, 36.633247 ], [ -87.849567, 36.663701 ], [ -88.070532, 36.678118 ], [ -88.032489, 36.540662 ], [ -88.053205, 36.497129 ] ] ] ] } },
{ "type": "Feature", "properties": { "STATE": "LA" }, "geometry": { "type": "MultiPolygon", "coordinates": [ [ [ [ -91.979085557523689, 29.825034489465796 ], [ -91.983871, 29.794516 ], [ -92.144431, 29.716418 ], [ -92.133750522902574, 29.762573638062801 ], [ -92.202754892071681, 29.741158489010306 ], [ -92.103866602894797, 29.699144877556495 ], [ -92.134347, 29.669516 ], [ -92.111787, 29.62177 ], [ -92.000003, 29.613013 ], [ -92.280392, 29.533434 ], [ -92.653651, 29.588065 ], [ -93.17693, 29.770487 ], [ -93.68364, 29.747153 ], [ -93.837971, 29.690619 ], [ -93.926504, 29.78956 ], [ -93.789431, 29.987812 ], [ -93.699396, 30.05925 ], [ -93.734085, 30.08613 ], [ -93.688212, 30.141376 ], [ -93.720946, 30.209852 ], [ -93.706607851977495, 30.2811873324126 ], [ -93.765822, 30.333318 ], [ -93.757654, 30.390423 ], [ -93.6978, 30.440583 ], [ -93.740253, 30.539569 ], [ -93.561666, 30.807739 ], [ -93.567787752332592, 30.888301832311893 ], [ -93.526245, 30.939411 ], [ -93.571905755076088, 30.987614282198397 ], [ -93.516407263768286, 31.0295504333602 ], [ -93.551034091405285, 31.091111287020002 ], [ -93.533307, 31.184463 ], [ -93.600308, 31.176158 ], [ -93.620343, 31.271025 ], [ -93.68688, 31.305166 ], [ -93.671644, 31.393352 ], [ -93.749476, 31.46869 ], [ -93.726736285639106, 31.511599931372597 ], [ -93.798087, 31.534044 ], [ -93.834924, 31.586211 ], [ -93.802451615781209, 31.693186330065107 ], [ -93.822598, 31.773559 ], [ -93.904766388218277, 31.890598549301195 ], [ -94.041833, 31.992402 ], [ -94.042964, 33.019219 ], [ -91.166073, 33.004106 ], [ -91.214027, 32.93032 ], [ -91.170235, 32.899391 ], [ -91.134041, 32.917676 ], [ -91.135517, 32.979657 ], [ -91.09693, 32.986412 ], [ -91.064449, 32.901064 ], [ -91.145002, 32.84287 ], [ -91.165328, 32.751301 ], [ -91.054749, 32.719229 ], [ -91.151318, 32.615919 ], [ -91.119854, 32.584795 ], [ -91.014286, 32.640482 ], [ -91.010228, 32.601927 ], [ -91.080398, 32.556442 ], [ -90.987831, 32.49419 ], [ -91.038106, 32.49044 ], [ -91.093741, 32.549128 ], [ -91.116008, 32.48314 ], [ -91.052907, 32.438442 ], [ -90.96959, 32.43949 ], [ -90.993625, 32.354047 ], [ -90.912363, 32.339454 ], [ -90.875631066155705, 32.372433940833801 ], [ -90.922231, 32.298639 ], [ -90.979475, 32.293702 ], [ -90.988672140788779, 32.215812095611199 ], [ -91.039007, 32.242349 ], [ -91.164171, 32.196888 ], [ -91.162822, 32.132694 ], [ -91.053175, 32.124237 ], [ -91.050207, 32.178451 ], [ -91.004106, 32.146152 ], [ -91.080208, 32.048355 ], [ -91.16031, 32.070354 ], [ -91.075908, 32.016828 ], [ -91.18481, 31.965557 ], [ -91.18061, 31.917959 ], [ -91.267712, 31.86266 ], [ -91.255611, 31.812662 ], [ -91.293413, 31.86016 ], [ -91.345714, 31.842861 ], [ -91.365528916241999, 31.761628356993004 ], [ -91.263406350296293, 31.754467976418805 ], [ -91.371804157155296, 31.742947796240806 ], [ -91.401015, 31.620365 ], [ -91.515462, 31.630372 ], [ -91.488618, 31.587466 ], [ -91.405415, 31.576466 ], [ -91.522536, 31.522078 ], [ -91.47887, 31.364955 ], [ -91.521836, 31.37517 ], [ -91.541626, 31.431706 ], [ -91.576265, 31.410498 ], [ -91.515614, 31.27821 ], [ -91.654027, 31.255753 ], [ -91.588939, 31.188959 ], [ -91.625994, 31.116896 ], [ -91.559907, 31.054119 ], [ -91.636942, 30.999416 ], [ -89.729616, 31.003927 ], [ -89.851889, 30.661199 ], [ -89.795335218258401, 30.546562687193401 ], [ -89.68341, 30.451793 ], [ -89.615856, 30.223195 ], [ -89.574454, 30.181697 ], [ -89.524504, 30.180753 ], [ -89.640989, 30.138612 ], [ -89.730999, 30.057581 ], [ -89.716377, 30.026222 ], [ -89.818561, 30.043328 ], [ -89.857558, 30.004439 ], [ -89.844202, 29.955645 ], [ -89.804463, 29.932588 ], [ -89.727933, 29.95878 ], [ -89.742479, 29.90817 ], [ -89.711158, 29.879287 ], [ -89.6131591796875, 29.872159957885692 ], [ -89.581359863281293, 29.994722366332997 ], [ -89.501586914062486, 30.0340366363525 ], [ -89.481925964355469, 30.079128265380909 ], [ -89.372375488281278, 30.054729461669893 ], [ -89.433410644531293, 29.991205215454098 ], [ -89.379226684570298, 29.96380424499511 ], [ -89.368019104003892, 29.911491394042994 ], [ -89.315452575683594, 29.923208236694286 ], [ -89.273315429687486, 29.993820190429702 ], [ -89.218070983886676, 29.972749710083004 ], [ -89.231178283691406, 29.925483703613303 ], [ -89.32228851318358, 29.887332916259794 ], [ -89.236297607421875, 29.877080917358398 ], [ -89.3837890625, 29.838928222656296 ], [ -89.331970214843778, 29.790523529052702 ], [ -89.277297973632784, 29.807607650756793 ], [ -89.271034240722685, 29.756355285644499 ], [ -89.386062622070284, 29.788814544677702 ], [ -89.424209594726591, 29.697637557983402 ], [ -89.530258178710881, 29.743749618530302 ], [ -89.651237487792997, 29.7494792938232 ], [ -89.644561767578097, 29.710956573486303 ], [ -89.485366821289091, 29.624357223510703 ], [ -89.649749755859389, 29.672941207885696 ], [ -89.700500818968379, 29.515966705763294 ], [ -89.589536157292486, 29.437662479946006 ], [ -89.528429, 29.454702 ], [ -89.508551, 29.386168 ], [ -89.47714, 29.411241 ], [ -89.340304, 29.381412 ], [ -89.350694, 29.349544 ], [ -89.283028, 29.356467 ], [ -89.24087, 29.310081 ], [ -89.189354, 29.345061 ], [ -89.103865024610997, 29.206407395185995 ], [ -89.029103, 29.220956 ], [ -89.000674, 29.180091 ], [ -89.07531149254099, 29.15834228286819 ], [ -89.023942, 29.1337 ], [ -89.062335, 29.070234 ], [ -89.101009671403872, 29.10932538614809 ], [ -89.158592627745094, 29.021761221133598 ], [ -89.143364077307695, 28.976551462022798 ], [ -89.254726, 29.083261 ], [ -89.41148, 28.925011 ], [ -89.317064730733307, 29.066019195841999 ], [ -89.31992008394019, 29.127409289792396 ], [ -89.400345865937282, 29.116463769165598 ], [ -89.482844, 29.215053 ], [ -89.671781, 29.289028 ], [ -89.850305, 29.311768 ], [ -89.816154908537484, 29.393517901387497 ], [ -89.849641813786491, 29.477996183611598 ], [ -89.932597910323096, 29.4292879524318 ], [ -90.012509841962896, 29.462774857680795 ], [ -90.036374, 29.363661 ], [ -90.009678480569377, 29.294784869102706 ], [ -90.096038446895889, 29.240673255626596 ], [ -90.04291, 29.211765 ], [ -89.950756, 29.260801 ], [ -90.174273, 29.105301 ], [ -90.348768, 29.057817 ], [ -90.234235, 29.110268 ], [ -90.302846, 29.175098 ], [ -90.271251, 29.204639 ], [ -90.332796, 29.276956 ], [ -90.387924, 29.252786 ], [ -90.399465, 29.201046 ], [ -90.472489, 29.192688 ], [ -90.494928, 29.216713 ], [ -90.450674, 29.263739 ], [ -90.510555, 29.290925 ], [ -90.582525, 29.276037 ], [ -90.58847, 29.245863 ], [ -90.544310639123282, 29.224292376844492 ], [ -90.633819, 29.209128 ], [ -90.647042, 29.12858 ], [ -90.764189, 29.113374 ], [ -90.803699, 29.063709 ], [ -90.637495, 29.066608 ], [ -90.839345, 29.039167 ], [ -90.961278, 29.180817 ], [ -91.094015, 29.187711 ], [ -91.302677, 29.265958 ], [ -91.332749703745876, 29.305816397589098 ], [ -91.249109, 29.369864 ], [ -91.197730049734176, 29.313271913636804 ], [ -91.162038134646792, 29.325645110867001 ], [ -91.167748841060586, 29.268062154525989 ], [ -91.132532818174397, 29.252357711887498 ], [ -91.129677464967401, 29.331831709482294 ], [ -91.2813, 29.481547 ], [ -91.447345, 29.544749 ], [ -91.531020747713001, 29.531542807796697 ], [ -91.553537, 29.632766 ], [ -91.648940853793391, 29.6336350684198 ], [ -91.621512, 29.735429 ], [ -91.752259, 29.748264 ], [ -91.85864, 29.703121 ], [ -91.878355218675679, 29.751024774638299 ], [ -91.853568989466098, 29.797075822647304 ], [ -91.826800053150478, 29.786963113372501 ], [ -91.836317897173799, 29.823249893711399 ], [ -91.979085557523689, 29.825034489465796 ] ] ], [ [ [ -91.821578979492202, 29.473924636840795 ], [ -92.035461425781278, 29.578639984130891 ], [ -91.898994445800795, 29.637010574340803 ], [ -91.709205627441392, 29.561012268066385 ], [ -91.821578979492202, 29.473924636840795 ] ] ], [ [ [ -90.939125061035185, 29.056131362914996 ], [ -90.932823181152301, 29.051404953002898 ], [ -90.955673217773381, 29.064994812011697 ], [ -90.939125061035185, 29.056131362914996 ] ] ], [ [ [ -90.428985595703082, 29.064128875732404 ], [ -90.47332000732419, 29.059490203857397 ], [ -90.55031585693358, 29.092142105102496 ], [ -90.470054626464773, 29.066879272460891 ], [ -90.428985595703082, 29.064128875732404 ] ] ], [ [ [ -89.906585693359375, 29.296636581420895 ], [ -89.944221496581989, 29.271717071533207 ], [ -89.950408935546875, 29.275497436523391 ], [ -89.906585693359375, 29.296636581420895 ] ] ], [ [ [ -88.944435119628892, 29.658805847168011 ], [ -88.83119964599608, 29.878839492797898 ], [ -88.840866088867173, 29.995613098144499 ], [ -88.881454467773381, 30.053201675415004 ], [ -88.833724975585895, 29.998821258544904 ], [ -88.818145751953082, 29.889108657836893 ], [ -88.865066528320298, 29.752714157104499 ], [ -88.944435119628892, 29.658805847168011 ] ] ], [ [ [ -89.271377563476591, 30.023277282714801 ], [ -89.342163085937486, 30.0591716766357 ], [ -89.190475463867188, 30.161760330200195 ], [ -89.222839355468778, 30.088474273681598 ], [ -89.173400878906307, 30.043359756469698 ], [ -89.215675354003892, 29.993522644043004 ], [ -89.242828369140597, 30.038980484008796 ], [ -89.271377563476591, 30.023277282714801 ] ] ], [ [ [ -89.429031372070284, 30.128559112548793 ], [ -89.442092895507784, 30.144369125366193 ], [ -89.417694091796903, 30.143682479858402 ], [ -89.429031372070284, 30.128559112548793 ] ] ] ] } },
{ "type": "Feature", "properties": { "STATE": "MA" }, "geometry": { "type": "MultiPolygon", "coordinates": [ [ [ [ -71.339298, 41.893399 ], [ -71.3817, 41.893199 ], [ -71.381401, 42.018798 ], [ -72.755838, 42.036195 ], [ -72.766739, 42.002995 ], [ -72.816741, 41.997595 ], [ -72.813541, 42.036494 ], [ -73.496879, 42.049675 ], [ -73.508142, 42.086257 ], [ -73.264957, 42.74594 ], [ -71.294205, 42.69699 ], [ -71.245504, 42.742589 ], [ -71.181803, 42.73759 ], [ -71.165603, 42.808689 ], [ -71.064201, 42.806289 ], [ -71.031201, 42.859089 ], [ -70.914899, 42.886589 ], [ -70.817296, 42.87229 ], [ -70.778671110181307, 42.693622201057295 ], [ -70.689402, 42.653319 ], [ -70.630077, 42.692699 ], [ -70.591469, 42.639821 ], [ -70.654727, 42.582234 ], [ -70.871381591580786, 42.54640378661729 ], [ -70.835991, 42.490496 ], [ -70.934993, 42.457896 ], [ -70.905692, 42.416197 ], [ -70.936393, 42.418097 ], [ -70.947019610777303, 42.456235534700596 ], [ -70.982994, 42.423996 ], [ -70.953022, 42.343973 ], [ -71.006876760688897, 42.34703918190479 ], [ -71.004900478185874, 42.282720206408101 ], [ -70.924830301800597, 42.2633388605921 ], [ -70.896267231260111, 42.285099536392295 ], [ -70.91748958216219, 42.305686466342209 ], [ -70.882764, 42.30886 ], [ -70.722269, 42.207959 ], [ -70.597891740992296, 42.004549719059789 ], [ -70.639136645403283, 41.993894785420395 ], [ -70.610952627389082, 42.01108016225831 ], [ -70.650874, 42.046247 ], [ -70.710034, 41.999544 ], [ -70.552941, 41.929641 ], [ -70.54103, 41.815754 ], [ -70.412476, 41.744397 ], [ -70.259205, 41.713954 ], [ -70.008462, 41.800786 ], [ -70.000188, 41.886938 ], [ -70.044995, 41.930049 ], [ -70.067565847812702, 41.877792741437794 ], [ -70.095595, 42.032832 ], [ -70.155415, 42.062409 ], [ -70.190834, 42.020028 ], [ -70.245385, 42.063733 ], [ -70.189305, 42.082337 ], [ -70.082624, 42.054657 ], [ -69.968598, 41.9117 ], [ -69.933114, 41.670014 ], [ -69.998071, 41.54365 ], [ -69.973153484587982, 41.646962524452896 ], [ -70.007011, 41.671579 ], [ -70.191061, 41.645259 ], [ -70.265424, 41.609333 ], [ -70.28132, 41.635125 ], [ -70.351634, 41.634687 ], [ -70.437246, 41.605329 ], [ -70.485571, 41.554244 ], [ -70.633607, 41.538254 ], [ -70.79027, 41.446339 ], [ -70.948431, 41.409193 ], [ -70.658659, 41.543385 ], [ -70.6376317515425, 41.654573473724099 ], [ -70.661474857940902, 41.681756345103899 ], [ -70.62652852449429, 41.712994660174694 ], [ -70.726331322143409, 41.732730854387896 ], [ -70.719575490243898, 41.685001961391585 ], [ -70.755347380467896, 41.694326384203301 ], [ -70.765463, 41.641575 ], [ -70.813285642879094, 41.655670491395199 ], [ -70.801063, 41.629513 ], [ -70.852517559945781, 41.626918650702798 ], [ -70.853121141576295, 41.587321185242594 ], [ -70.889209, 41.632904 ], [ -70.901381, 41.592504 ], [ -70.9297222856122, 41.609479038364391 ], [ -70.9532994956583, 41.51500992745639 ], [ -71.12057, 41.497448 ], [ -71.132888, 41.660102 ], [ -71.19569, 41.675102 ], [ -71.261392, 41.752301 ], [ -71.327896, 41.780501 ], [ -71.339298, 41.893399 ] ] ], [ [ [ -70.927978515625014, 42.297405242919901 ], [ -70.951080322265597, 42.289726257324205 ], [ -70.928184509277315, 42.302814483642599 ], [ -70.927978515625014, 42.297405242919901 ] ] ], [ [ [ -70.957267761230483, 42.331661224365192 ], [ -70.955459594726591, 42.3098754882813 ], [ -70.977218627929673, 42.310249328613288 ], [ -70.957267761230483, 42.331661224365192 ] ] ], [ [ [ -70.812454223632798, 41.263961791992188 ], [ -70.825508117675795, 41.252277374267599 ], [ -70.832038879394503, 41.259494781494098 ], [ -70.812454223632798, 41.263961791992188 ] ] ], [ [ [ -70.041142021930995, 41.388705801759997 ], [ -69.960277, 41.278731 ], [ -69.975, 41.247392 ], [ -70.118669, 41.242351 ], [ -70.273478242438699, 41.301527606576798 ], [ -70.082072, 41.299093 ], [ -70.031332, 41.339332 ], [ -70.041142021930995, 41.388705801759997 ] ] ], [ [ [ -70.290428161621094, 41.331958770752003 ], [ -70.308296203613295, 41.338832855224588 ], [ -70.289047241210895, 41.336772918701179 ], [ -70.290428161621094, 41.331958770752003 ] ] ], [ [ [ -70.603555, 41.482384 ], [ -70.490758, 41.383634 ], [ -70.450431, 41.420703 ], [ -70.451084, 41.348161 ], [ -70.709826, 41.341723 ], [ -70.775665, 41.300982 ], [ -70.838777, 41.347209 ], [ -70.774974, 41.349176 ], [ -70.701378, 41.430925 ], [ -70.603555, 41.482384 ] ] ], [ [ [ -70.820918, 41.587673 ], [ -70.838452131082803, 41.596459911355993 ], [ -70.832044491502003, 41.60650400372311 ], [ -70.820918, 41.587673 ] ] ], [ [ [ -70.942489624023381, 42.326847076415994 ], [ -70.923583984375, 42.326160430908196 ], [ -70.925308227539091, 42.317222595214801 ], [ -70.942489624023381, 42.326847076415994 ] ] ], [ [ [ -70.898155212402301, 42.330284118652294 ], [ -70.873748779296889, 42.343345642089794 ], [ -70.878219604492188, 42.3306274414063 ], [ -70.898155212402301, 42.330284118652294 ] ] ] ] } },
{ "type": "Feature", "properties": { "STATE": "MD" }, "geometry": { "type": "MultiPolygon", "coordinates": [ [ [ [ -76.590637, 38.214212 ], [ -76.797452, 38.236918 ], [ -76.824889, 38.301152 ], [ -76.842139, 38.254491 ], [ -76.920932, 38.291568 ], [ -77.016371, 38.445572 ], [ -77.207312, 38.359867 ], [ -77.250172, 38.382781 ], [ -77.27422, 38.48177 ], [ -77.237724, 38.55187 ], [ -77.129084, 38.614364 ], [ -77.132501, 38.673816 ], [ -77.045498, 38.714315 ], [ -77.039498, 38.791113 ], [ -76.909395, 38.892812 ], [ -77.040999, 38.99511 ], [ -77.1199, 38.934311 ], [ -77.249803, 38.985909 ], [ -77.246003, 39.024909 ], [ -77.293105, 39.046508 ], [ -77.46145, 39.075151 ], [ -77.527282, 39.146236 ], [ -77.46021, 39.228359 ], [ -77.566596, 39.306121 ], [ -77.759615, 39.337331 ], [ -77.740012, 39.401694 ], [ -77.803249, 39.437136 ], [ -77.765993, 39.495724 ], [ -77.845666, 39.498628 ], [ -77.825357, 39.529177 ], [ -77.86368, 39.515032 ], [ -77.888945, 39.55595 ], [ -77.83633, 39.56637 ], [ -77.838008, 39.606125 ], [ -77.941939931409891, 39.618789673065102 ], [ -77.946181744674291, 39.584814076965202 ], [ -77.957642471995982, 39.608614082857493 ], [ -78.009985, 39.602893 ], [ -78.08226, 39.671166 ], [ -78.176625, 39.695967 ], [ -78.265088, 39.619274 ], [ -78.355218, 39.640576 ], [ -78.374732, 39.608635 ], [ -78.43025, 39.62329 ], [ -78.395317, 39.584215 ], [ -78.457187, 39.587379 ], [ -78.418777455870085, 39.548952640552201 ], [ -78.468639, 39.516789 ], [ -78.565929, 39.519444 ], [ -78.760196, 39.582154 ], [ -78.77686, 39.604027 ], [ -78.733553, 39.615533 ], [ -78.778477, 39.62265 ], [ -78.76584, 39.648487 ], [ -78.826009, 39.588829 ], [ -78.816764, 39.561691 ], [ -78.942293, 39.480987 ], [ -78.956751, 39.440264 ], [ -79.046276, 39.483801 ], [ -79.096516564530177, 39.4727989650737 ], [ -79.290236, 39.299323 ], [ -79.33238, 39.299919 ], [ -79.476037, 39.203728 ], [ -79.476662, 39.721078 ], [ -75.788359, 39.721811 ], [ -75.693521, 38.460128 ], [ -75.048939, 38.451263 ], [ -75.193796, 38.096013 ], [ -75.242266, 38.027209 ], [ -75.624341, 37.994211 ], [ -75.655681, 37.945435 ], [ -75.71315, 37.976623 ], [ -75.783815, 37.972594 ], [ -75.885032, 37.911717 ], [ -75.87319, 38.034375 ], [ -75.812913, 38.058932 ], [ -75.880515, 38.075011 ], [ -75.827674, 38.133438 ], [ -75.900355, 38.14115 ], [ -75.938484, 38.109976 ], [ -75.959616, 38.137141 ], [ -75.942375, 38.187066 ], [ -75.846377, 38.210477 ], [ -75.919447783998493, 38.264056499414494 ], [ -75.866330609611396, 38.351403115829896 ], [ -75.911064476521005, 38.338554026398285 ], [ -75.940697, 38.246902 ], [ -75.972212, 38.2333 ], [ -76.017364, 38.309106 ], [ -75.961948, 38.341431 ], [ -76.002282, 38.374477 ], [ -76.04958, 38.309594 ], [ -76.032044, 38.216684 ], [ -76.111296, 38.286946 ], [ -76.180165, 38.276956 ], [ -76.126623, 38.242949 ], [ -76.151035, 38.234215 ], [ -76.258189, 38.318373 ], [ -76.238611, 38.350233 ], [ -76.33636, 38.492235 ], [ -76.2473, 38.523818 ], [ -76.308321, 38.571769 ], [ -76.268633, 38.597753 ], [ -76.28526194250999, 38.626185075099109 ], [ -76.212427, 38.606738 ], [ -76.147158, 38.63684 ], [ -76.238685, 38.735434 ], [ -76.275015, 38.712714 ], [ -76.316146, 38.729586 ], [ -76.340341, 38.671245 ], [ -76.300889, 38.82619 ], [ -76.27157517867488, 38.851771113736589 ], [ -76.219328, 38.812371 ], [ -76.19109, 38.82966 ], [ -76.232038, 38.942518 ], [ -76.336104, 38.905977 ], [ -76.33103, 38.86432 ], [ -76.375086, 38.839474 ], [ -76.361727, 38.939175 ], [ -76.301847, 39.039651 ], [ -76.277478, 38.982492 ], [ -76.218929, 38.970538 ], [ -76.163988, 38.999541 ], [ -76.184207, 39.046264 ], [ -76.145174, 39.092824 ], [ -76.203383, 39.085626 ], [ -76.200666, 39.01452 ], [ -76.231765, 39.018518 ], [ -76.274637, 39.16549 ], [ -76.170422, 39.332094 ], [ -76.110527, 39.372257 ], [ -76.002408, 39.367501 ], [ -76.040962, 39.394237 ], [ -75.976747, 39.444627 ], [ -76.012312, 39.453115 ], [ -75.966955, 39.53865 ], [ -75.992633, 39.563098 ], [ -76.096072, 39.536912 ], [ -76.113929, 39.486701 ], [ -76.060989, 39.447722 ], [ -76.226976, 39.349908 ], [ -76.266365, 39.353352 ], [ -76.281578, 39.302108 ], [ -76.295678, 39.350008 ], [ -76.341443, 39.354217 ], [ -76.327579, 39.314108 ], [ -76.380662, 39.299161 ], [ -76.425281, 39.205708 ], [ -76.535885, 39.211008 ], [ -76.525785, 39.177908 ], [ -76.428681, 39.131709 ], [ -76.438928, 39.052788 ], [ -76.39408, 39.011311 ], [ -76.474198, 38.972647 ], [ -76.459479, 38.907113 ], [ -76.49368, 38.910013 ], [ -76.519442, 38.863135 ], [ -76.489878, 38.838715 ], [ -76.557535, 38.744687 ], [ -76.52718, 38.727062 ], [ -76.506023, 38.50461 ], [ -76.386229, 38.382013 ], [ -76.39932, 38.259284 ], [ -76.320136, 38.138339 ], [ -76.322093, 38.036503 ], [ -76.439840631193775, 38.138932640080093 ], [ -76.473266, 38.103035 ], [ -76.529868, 38.134083 ], [ -76.590637, 38.214212 ] ] ], [ [ [ -76.362510681152301, 38.748409271240192 ], [ -76.390693664550781, 38.766281127929702 ], [ -76.373847961425781, 38.782779693603494 ], [ -76.362510681152301, 38.748409271240192 ] ] ], [ [ [ -76.04653, 37.953586 ], [ -76.041668, 38.032148 ], [ -75.970168, 38.015685 ], [ -75.993905, 37.953489 ], [ -76.04653, 37.953586 ] ] ], [ [ [ -76.02217, 38.177882 ], [ -76.0233, 38.07076 ], [ -76.059304, 38.095751 ], [ -76.043423, 38.117868 ], [ -76.095548, 38.125123 ], [ -76.07147, 38.203502 ], [ -76.02217, 38.177882 ] ] ], [ [ [ -76.373039245605497, 39.236976623535192 ], [ -76.355850219726577, 39.260692596435497 ], [ -76.343826293945298, 39.25725555419919 ], [ -76.373039245605497, 39.236976623535192 ] ] ], [ [ [ -76.270153416488782, 39.28030285619009 ], [ -76.257987976074205, 39.287788391113295 ], [ -76.272254943847685, 39.2745552062988 ], [ -76.270153416488782, 39.28030285619009 ] ] ] ] } },
{ "type": "Feature", "properties": { "STATE": "ME" }, "geometry": { "type": "MultiPolygon", "coordinates": [ [ [ [ -70.599685668945298, 43.006015777587905 ], [ -70.601348876953097, 42.981082916259808 ], [ -70.607833862304702, 42.9777641296387 ], [ -70.617248535156293, 42.992019653320291 ], [ -70.599685668945298, 43.006015777587905 ] ] ], [ [ [ -70.80964, 43.225407 ], [ -70.987649, 43.389521 ], [ -70.950838, 43.551026 ], [ -71.084334, 45.305293 ], [ -71.00905, 45.319022 ], [ -71.01081, 45.34725 ], [ -70.950824, 45.33453 ], [ -70.896898, 45.242031 ], [ -70.857042, 45.22916 ], [ -70.808613, 45.311606 ], [ -70.826033, 45.398408 ], [ -70.798028, 45.426706 ], [ -70.634661, 45.383608 ], [ -70.635498, 45.427817 ], [ -70.722845, 45.512772 ], [ -70.5584, 45.666671 ], [ -70.400404, 45.719834 ], [ -70.417674, 45.79457 ], [ -70.259117, 45.890755 ], [ -70.240177, 45.943729 ], [ -70.316936, 45.963456 ], [ -70.284571, 45.995384 ], [ -70.317596, 46.019492 ], [ -70.237947, 46.147378 ], [ -70.292736, 46.191599 ], [ -70.191412, 46.348072 ], [ -70.056433, 46.415561 ], [ -69.997086, 46.69523 ], [ -69.22442, 47.459686 ], [ -69.042702, 47.426651 ], [ -69.050334, 47.256621 ], [ -68.900985, 47.178519 ], [ -68.717867, 47.240919 ], [ -68.619749, 47.243218 ], [ -68.578551, 47.287551 ], [ -68.378678, 47.287561 ], [ -68.361559, 47.355605 ], [ -68.227607, 47.353049 ], [ -67.955669, 47.199542 ], [ -67.883844, 47.105834 ], [ -67.789761, 47.065744 ], [ -67.781095, 45.943032 ], [ -67.750422, 45.917898 ], [ -67.803908, 45.882895 ], [ -67.755068, 45.82367 ], [ -67.806598, 45.794723 ], [ -67.781892, 45.731189 ], [ -67.817892, 45.693705 ], [ -67.720401, 45.662522 ], [ -67.727648, 45.688468 ], [ -67.64581, 45.613597 ], [ -67.499444, 45.587014 ], [ -67.455406, 45.604665 ], [ -67.429716, 45.583773 ], [ -67.416462, 45.502147 ], [ -67.503771, 45.488522 ], [ -67.418747, 45.37726 ], [ -67.489333, 45.281282 ], [ -67.404629, 45.159926 ], [ -67.345585, 45.126392 ], [ -67.296174, 45.147952 ], [ -67.283619, 45.192022 ], [ -67.157919, 45.161004 ], [ -67.090786, 45.068721 ], [ -67.117688, 45.05673 ], [ -66.984466, 44.912557 ], [ -66.986318, 44.820657 ], [ -66.950569, 44.814539 ], [ -67.062239436438688, 44.769542500847997 ], [ -67.154479, 44.668114 ], [ -67.251247419542878, 44.640824676362691 ], [ -67.293403, 44.599265 ], [ -67.32297, 44.609394 ], [ -67.293665, 44.634316 ], [ -67.326182136187001, 44.656715106801698 ], [ -67.308538319869101, 44.70745423951319 ], [ -67.376741794593997, 44.681851705987384 ], [ -67.363158, 44.631825 ], [ -67.405492175669096, 44.59423647310669 ], [ -67.505803733217192, 44.636837418372593 ], [ -67.551132817634695, 44.621937581154491 ], [ -67.568159, 44.531117 ], [ -67.685860880626393, 44.53715542240419 ], [ -67.733986, 44.496252 ], [ -67.753854482852205, 44.543660985935098 ], [ -67.79726, 44.520685 ], [ -67.839895798312497, 44.558770683452096 ], [ -67.855108, 44.419434 ], [ -67.887323432851474, 44.433066442510295 ], [ -67.899571, 44.394078 ], [ -67.926356805903495, 44.431807296983798 ], [ -67.978876, 44.387034 ], [ -68.010719236939096, 44.407463917117894 ], [ -68.049334, 44.33073 ], [ -68.112289954247288, 44.401587926350196 ], [ -68.117746232550601, 44.475037827213093 ], [ -68.194553831094694, 44.471889963396798 ], [ -68.213860669522006, 44.492455963617601 ], [ -68.22939006323638, 44.463495697843094 ], [ -68.261708020592081, 44.484061681797002 ], [ -68.299062539720012, 44.437893164317281 ], [ -68.247437756137174, 44.433276319076093 ], [ -68.173608, 44.328397 ], [ -68.289409116439586, 44.283858252731299 ], [ -68.317588, 44.225101 ], [ -68.401268, 44.252244 ], [ -68.430946, 44.298624 ], [ -68.398035, 44.376191 ], [ -68.358099651694189, 44.392336503773997 ], [ -68.379100404697397, 44.430049119284597 ], [ -68.427874, 44.3968 ], [ -68.455095496619592, 44.447497899800091 ], [ -68.466108519399896, 44.377244589185189 ], [ -68.48541534969381, 44.434325663271501 ], [ -68.565160949721886, 44.399069702398499 ], [ -68.525301984183699, 44.227553697220692 ], [ -68.733004, 44.328388 ], [ -68.827197, 44.31216 ], [ -68.783679, 44.473879 ], [ -68.880271, 44.428112 ], [ -68.927452, 44.448039 ], [ -68.990767, 44.415033 ], [ -68.954465, 44.32405 ], [ -69.003682, 44.294582 ], [ -69.100863, 44.104529 ], [ -69.031878, 44.079036 ], [ -69.170344517486598, 43.995636551969596 ], [ -69.214205, 43.935583 ], [ -69.273949305520105, 43.914214772759401 ], [ -69.280497918880897, 43.957439667663991 ], [ -69.31427, 43.9429510000001 ], [ -69.33141068919069, 43.974311063787098 ], [ -69.416164999999893, 43.977267 ], [ -69.441596462345075, 43.96425441830219 ], [ -69.50329, 43.837673 ], [ -69.543911822021798, 43.881615078551 ], [ -69.588550999999882, 43.81836 ], [ -69.59470514186269, 43.858878316657197 ], [ -69.621085603291291, 43.826813682231297 ], [ -69.64979802632169, 43.836287324605891 ], [ -69.653337, 43.79103 ], [ -69.705838282361384, 43.823024218502894 ], [ -69.838688999999874, 43.70514 ], [ -69.884066, 43.778034999999896 ], [ -69.958055858112985, 43.767785563848598 ], [ -70.001645, 43.717666000000101 ], [ -70.001707520482199, 43.744465793195801 ], [ -70.041351076716381, 43.738052871959397 ], [ -69.998209569606601, 43.798684178638204 ], [ -70.026193244397888, 43.822586922038802 ], [ -70.009869428454195, 43.859315485316792 ], [ -70.190014418243095, 43.771866487471996 ], [ -70.254143698392795, 43.676838550872688 ], [ -70.196911, 43.565146 ], [ -70.361214, 43.52919 ], [ -70.382927999999879, 43.469674 ], [ -70.327303052553191, 43.458520825008499 ], [ -70.337883861325579, 43.442051085889503 ], [ -70.421282, 43.395777 ], [ -70.426536841553087, 43.354080306309996 ], [ -70.553854, 43.321886 ], [ -70.591489624887203, 43.164551423782598 ], [ -70.618973, 43.163625 ], [ -70.673114, 43.070314 ], [ -70.703818704862698, 43.059824759207196 ], [ -70.8268, 43.127086 ], [ -70.80964, 43.225407 ] ] ], [ [ [ -70.228317260742188, 43.53826141357419 ], [ -70.235877990722699, 43.547199249267607 ], [ -70.224876403808594, 43.547199249267607 ], [ -70.228317260742188, 43.53826141357419 ] ] ], [ [ [ -70.205934, 43.633633 ], [ -70.200116, 43.662978 ], [ -70.184659, 43.674699 ], [ -70.171136, 43.6633 ], [ -70.205934, 43.633633 ] ] ], [ [ [ -70.21313, 43.662973 ], [ -70.201893, 43.685483 ], [ -70.191041, 43.689071 ], [ -70.187536, 43.678669 ], [ -70.21313, 43.662973 ] ] ], [ [ [ -70.088455200195298, 43.681453704834006 ], [ -70.101226806640597, 43.675468444824197 ], [ -70.087257385253892, 43.691028594970696 ], [ -70.088455200195298, 43.681453704834006 ] ] ], [ [ [ -70.170284, 43.675441 ], [ -70.146115, 43.701635 ], [ -70.135563, 43.700658 ], [ -70.170284, 43.675441 ] ] ], [ [ [ -70.093704, 43.6918 ], [ -70.100683, 43.705962 ], [ -70.093113, 43.710524 ], [ -70.093704, 43.6918 ] ] ], [ [ [ -70.072097778320284, 43.718955993652301 ], [ -70.088859558105483, 43.714569091796896 ], [ -70.084465026855497, 43.719356536865199 ], [ -70.072097778320284, 43.718955993652301 ] ] ], [ [ [ -70.138710991863803, 43.727558974141786 ], [ -70.0973184488942, 43.757291658263789 ], [ -70.129383100266693, 43.708320199135002 ], [ -70.138710991863803, 43.727558974141786 ] ] ], [ [ [ -70.056541442871094, 43.772022247314503 ], [ -70.046165466308594, 43.757259368896499 ], [ -70.061325073242202, 43.742099761962898 ], [ -70.056541442871094, 43.772022247314503 ] ] ], [ [ [ -70.120225078248893, 43.760642235958088 ], [ -70.132539540163492, 43.762142165095597 ], [ -70.116175893684996, 43.765188970002498 ], [ -70.120225078248893, 43.760642235958088 ] ] ], [ [ [ -70.135513312903683, 43.765576201805004 ], [ -70.158510293164994, 43.750601236393294 ], [ -70.128271436393604, 43.774008636560794 ], [ -70.135513312903683, 43.765576201805004 ] ] ], [ [ [ -70.105878063774, 43.784260660937903 ], [ -70.102020263671875, 43.776809692382798 ], [ -70.113197326660185, 43.78119659423831 ], [ -70.105878063774, 43.784260660937903 ] ] ], [ [ [ -70.028755480389606, 43.810370857408699 ], [ -70.04018402099608, 43.784389495849595 ], [ -70.04656219482419, 43.781997680664098 ], [ -70.046165466308594, 43.796360015869098 ], [ -70.028755480389606, 43.810370857408699 ] ] ], [ [ [ -69.321141, 43.765763 ], [ -69.300818, 43.768599 ], [ -69.322559, 43.755883 ], [ -69.321141, 43.765763 ] ] ], [ [ [ -68.876224, 43.836597 ], [ -68.908222, 43.849852 ], [ -68.889367, 43.87553 ], [ -68.876224, 43.836597 ] ] ], [ [ [ -69.318565368652287, 43.87971115112299 ], [ -69.310829162597699, 43.859485626220696 ], [ -69.31975555419919, 43.854728698730504 ], [ -69.318565368652287, 43.87971115112299 ] ] ], [ [ [ -69.120300292968807, 43.873371124267599 ], [ -69.134735107421889, 43.860309600830099 ], [ -69.117546081542997, 43.898117065429695 ], [ -69.120300292968807, 43.873371124267599 ] ] ], [ [ [ -69.423324, 43.915507 ], [ -69.437859397716508, 43.932714501795992 ], [ -69.433762, 43.949353 ], [ -69.423324, 43.915507 ] ] ], [ [ [ -69.325111389160185, 43.9505004882813 ], [ -69.371505737304702, 43.931465148925788 ], [ -69.334030151367202, 43.964778900146491 ], [ -69.325111389160185, 43.9505004882813 ] ] ], [ [ [ -69.045205436092189, 44.008509350577995 ], [ -69.078199626420698, 43.974131689639798 ], [ -69.096898557279602, 43.981323582601497 ], [ -69.071829660044401, 44.012556956104994 ], [ -69.045205436092189, 44.008509350577995 ] ] ], [ [ [ -68.819659, 44.135434 ], [ -68.77965, 44.057754 ], [ -68.874139, 44.025359 ], [ -68.908984, 44.110001 ], [ -68.944597, 44.11284 ], [ -68.825067, 44.186338 ], [ -68.780693, 44.143274 ], [ -68.819659, 44.135434 ] ] ], [ [ [ -68.780055085990469, 44.203129089657899 ], [ -68.827626871080597, 44.242837773394896 ], [ -68.769833048517498, 44.222786852564099 ], [ -68.780055085990469, 44.203129089657899 ] ] ], [ [ [ -68.687383248387079, 44.287845576709195 ], [ -68.707046508789091, 44.272323608398395 ], [ -68.746307373046889, 44.302661895752003 ], [ -68.738761901855497, 44.311031341552692 ], [ -68.687383248387079, 44.287845576709195 ] ] ], [ [ [ -68.95189, 44.218719 ], [ -68.90353, 44.378613 ], [ -68.87894, 44.386584 ], [ -68.864338, 44.355002 ], [ -68.95189, 44.218719 ] ] ], [ [ [ -68.657031, 44.003823 ], [ -68.661594, 44.075837 ], [ -68.6181, 44.096706 ], [ -68.584074, 44.070578 ], [ -68.610703, 44.013422 ], [ -68.657031, 44.003823 ] ] ], [ [ [ -68.51706, 44.10341 ], [ -68.492892, 44.116921 ], [ -68.502942, 44.099722 ], [ -68.51706, 44.10341 ] ] ], [ [ [ -68.346724, 44.127749 ], [ -68.331032, 44.10758 ], [ -68.365176, 44.101464 ], [ -68.375382, 44.11646 ], [ -68.346724, 44.127749 ] ] ], [ [ [ -68.441547800257098, 44.118992317557002 ], [ -68.500817, 44.160026 ], [ -68.424441, 44.190753 ], [ -68.384903, 44.154955 ], [ -68.441547800257098, 44.118992317557002 ] ] ], [ [ [ -68.342908380389275, 44.17073813850881 ], [ -68.378872, 44.184222 ], [ -68.32423, 44.205732 ], [ -68.314789, 44.197157 ], [ -68.342908380389275, 44.17073813850881 ] ] ], [ [ [ -68.675055800187096, 44.137131237162293 ], [ -68.720435342195074, 44.169185036268203 ], [ -68.722956427086686, 44.219606741080092 ], [ -68.675415961153902, 44.27975263845039 ], [ -68.563085330028301, 44.193206575693011 ], [ -68.612748985871377, 44.2077216245969 ], [ -68.675055800187096, 44.137131237162293 ] ] ], [ [ [ -68.48452, 44.202886 ], [ -68.470323, 44.22832 ], [ -68.454224, 44.199534 ], [ -68.48452, 44.202886 ] ] ], [ [ [ -68.214172235959893, 44.262295183909394 ], [ -68.248913, 44.235443 ], [ -68.274427, 44.237099 ], [ -68.274719139520371, 44.258675431669793 ], [ -68.214172235959893, 44.262295183909394 ] ] ], [ [ [ -68.486045837402287, 44.269466400146499 ], [ -68.468213698313477, 44.267224436078898 ], [ -68.454429626464787, 44.257778167724595 ], [ -68.486045837402287, 44.269466400146499 ] ] ], [ [ [ -68.454472467596915, 44.299293925032991 ], [ -68.456489562988295, 44.344394683837891 ], [ -68.421432495117202, 44.374641418457003 ], [ -68.415931701660199, 44.35814285278321 ], [ -68.454472467596915, 44.299293925032991 ] ] ], [ [ [ -68.523857046047596, 44.322396568081999 ], [ -68.507660175371413, 44.385219150407998 ], [ -68.478785, 44.319563 ], [ -68.523857046047596, 44.322396568081999 ] ] ], [ [ [ -68.140548706054702, 44.376804351806598 ], [ -68.143013000488295, 44.425750732421903 ], [ -68.134094238281278, 44.450733184814503 ], [ -68.11992645263669, 44.411174774169886 ], [ -68.140548706054702, 44.376804351806598 ] ] ], [ [ [ -67.582112569189391, 44.513459017235505 ], [ -67.562651235978308, 44.472103667220289 ], [ -67.588346281120508, 44.449753537710897 ], [ -67.619761107477302, 44.519754357919702 ], [ -67.582112569189391, 44.513459017235505 ] ] ], [ [ [ -67.516029357910199, 44.5066528320313 ], [ -67.551185607910199, 44.480602264404304 ], [ -67.560646057128892, 44.513790130615192 ], [ -67.516029357910199, 44.5066528320313 ] ] ], [ [ [ -67.783506222980108, 44.475573372722501 ], [ -67.83026885986331, 44.515663146972692 ], [ -67.83026885986331, 44.539722442627003 ], [ -67.792465209960881, 44.493663787841797 ], [ -67.783506222980108, 44.475573372722501 ] ] ], [ [ [ -67.4892578125, 44.561973571777287 ], [ -67.518409729003892, 44.554241180419893 ], [ -67.541610717773381, 44.589340209960902 ], [ -67.493423461914091, 44.588745117187493 ], [ -67.519004821777315, 44.575061798095689 ], [ -67.4892578125, 44.561973571777287 ] ] ] ] } },
{ "type": "Feature", "properties": { "STATE": "MI" }, "geometry": { "type": "MultiPolygon", "coordinates": [ [ [ [ -84.805883, 41.760216 ], [ -86.824828, 41.76024 ], [ -86.619442, 41.893827 ], [ -86.485223, 42.118239 ], [ -86.356218, 42.254166 ], [ -86.261573, 42.443894 ], [ -86.208654, 42.69209 ], [ -86.254646, 43.083409 ], [ -86.538497, 43.617501 ], [ -86.431043, 43.815975 ], [ -86.514702, 44.058119 ], [ -86.421108, 44.12948 ], [ -86.26871, 44.345324 ], [ -86.220697, 44.566742 ], [ -86.254996, 44.691935 ], [ -86.089186, 44.741496 ], [ -86.066745, 44.905685 ], [ -85.992535, 44.900026 ], [ -85.9316, 44.968788 ], [ -85.869852, 44.939031 ], [ -85.807403, 44.949814 ], [ -85.618639, 45.186771 ], [ -85.540497, 45.210169 ], [ -85.558372740140598, 45.133208953516899 ], [ -85.573893, 45.155488 ], [ -85.614319, 45.127562 ], [ -85.56613, 45.043633 ], [ -85.621878, 45.004529 ], [ -85.602034, 44.926743 ], [ -85.652355, 44.849092 ], [ -85.640781, 44.775561 ], [ -85.599256, 44.765919 ], [ -85.532931, 44.87319 ], [ -85.564509, 44.895246 ], [ -85.520034, 44.973996 ], [ -85.475204, 44.991053 ], [ -85.502182, 44.855802 ], [ -85.576566, 44.760208 ], [ -85.527216, 44.748235 ], [ -85.3958, 44.931018 ], [ -85.371593, 45.270834 ], [ -85.196704, 45.360641 ], [ -85.032813, 45.361251 ], [ -84.91585, 45.393115 ], [ -84.922006, 45.421914 ], [ -85.040936, 45.436701 ], [ -85.109252, 45.521626 ], [ -85.111909, 45.585829 ], [ -84.940526, 45.721832 ], [ -85.077312549687292, 45.765618970201189 ], [ -84.806642, 45.746171 ], [ -84.793153, 45.780463 ], [ -84.734065, 45.788205 ], [ -84.46168, 45.652404 ], [ -84.329537, 45.66438 ], [ -84.215268, 45.634767 ], [ -84.095905, 45.497298 ], [ -83.939261, 45.493189 ], [ -83.806622, 45.419159 ], [ -83.721815, 45.413304 ], [ -83.599273, 45.352561 ], [ -83.488826, 45.355872 ], [ -83.385104, 45.274195 ], [ -83.41241, 45.238905 ], [ -83.316118, 45.141958 ], [ -83.265896, 45.026844 ], [ -83.399255, 45.070364 ], [ -83.454168, 45.03188 ], [ -83.433032, 44.93289 ], [ -83.312903390102676, 44.884190853196799 ], [ -83.273393, 44.713901 ], [ -83.314517, 44.608725 ], [ -83.332533, 44.340464 ], [ -83.445176095170496, 44.252822775993998 ], [ -83.479531, 44.28009 ], [ -83.53771, 44.248171 ], [ -83.58409, 44.056748 ], [ -83.679654, 44.036365 ], [ -83.680108, 43.994196 ], [ -83.829077, 43.989095 ], [ -83.877694, 43.959235 ], [ -83.954347, 43.750647 ], [ -83.897078, 43.664022 ], [ -83.666052, 43.591292 ], [ -83.540187, 43.708746 ], [ -83.470053, 43.723418 ], [ -83.410663, 43.80773 ], [ -83.480724875246395, 43.79178570538469 ], [ -83.448416366791193, 43.861902042883287 ], [ -83.404421802086105, 43.8412795906778 ], [ -83.33227, 43.880522 ], [ -83.400984726718491, 43.916207833690997 ], [ -83.30569, 43.922489 ], [ -83.26153, 43.973525 ], [ -83.066026, 44.003366 ], [ -82.967439, 44.066138 ], [ -82.915976, 44.070503 ], [ -82.746255, 43.996037 ], [ -82.633641, 43.831224 ], [ -82.523086, 43.225361 ], [ -82.415937, 43.005555 ], [ -82.469912, 42.887459 ], [ -82.467483, 42.76191 ], [ -82.518782, 42.613888 ], [ -82.589779, 42.550678 ], [ -82.640916, 42.554973 ], [ -82.686417, 42.518597 ], [ -82.664335, 42.546244 ], [ -82.713042, 42.597904 ], [ -82.630922, 42.64211 ], [ -82.635262, 42.675552 ], [ -82.700964, 42.689548 ], [ -82.813518, 42.640833 ], [ -82.819017, 42.616333 ], [ -82.769590474089483, 42.593379617065501 ], [ -82.874416, 42.523535 ], [ -82.894013, 42.389437 ], [ -82.92397, 42.352068 ], [ -83.096521, 42.290138 ], [ -83.133511, 42.088143 ], [ -83.188598, 42.066431 ], [ -83.170890059437497, 42.015185033249693 ], [ -83.249204, 41.972402 ], [ -83.264550363203995, 41.929086295291796 ], [ -83.315859, 41.935893 ], [ -83.341557, 41.879956 ], [ -83.439612, 41.813162 ], [ -83.43436, 41.737058 ], [ -84.806082, 41.696089 ], [ -84.805883, 41.760216 ] ] ], [ [ [ -86.138095, 45.043038 ], [ -86.093536, 45.007838 ], [ -86.154824, 45.002394 ], [ -86.138095, 45.043038 ] ] ], [ [ [ -86.032926933212693, 45.158395781502293 ], [ -85.976803, 45.138363 ], [ -85.959759648249275, 45.058486114897192 ], [ -85.99736, 45.055929 ], [ -86.058653, 45.100776 ], [ -86.065016, 45.140266 ], [ -86.032926933212693, 45.158395781502293 ] ] ], [ [ [ -86.782447814941392, 45.48720550537108 ], [ -86.756324768066378, 45.50164031982419 ], [ -86.758384704589787, 45.476203918456996 ], [ -86.782447814941392, 45.48720550537108 ] ] ], [ [ [ -86.715766906738281, 45.509201049804688 ], [ -86.715080261230497, 45.497516632080092 ], [ -86.728141784667983, 45.52294921875 ], [ -86.715766906738281, 45.509201049804688 ] ] ], [ [ [ -86.666641235351605, 45.520042419433587 ], [ -86.659500122070284, 45.532535552978494 ], [ -86.660690307617188, 45.520042419433587 ], [ -86.666641235351605, 45.520042419433587 ] ] ], [ [ [ -87.661211, 45.108279 ], [ -87.741805, 45.197051 ], [ -87.657349, 45.368752 ], [ -87.693956, 45.389893 ], [ -87.754104, 45.349442 ], [ -87.888052, 45.354697 ], [ -87.861697, 45.434473 ], [ -87.792769, 45.499967 ], [ -87.833591, 45.562529 ], [ -87.777199, 45.588499 ], [ -87.824676, 45.653211 ], [ -87.782226, 45.683053 ], [ -87.875813, 45.753888 ], [ -87.963452, 45.75822 ], [ -87.991447, 45.795393 ], [ -88.072091, 45.780261 ], [ -88.129461, 45.809288 ], [ -88.073134, 45.871952 ], [ -88.102908, 45.921869 ], [ -88.249117, 45.963663 ], [ -88.326953, 45.955071 ], [ -88.380183, 45.991654 ], [ -88.416914, 45.975323 ], [ -88.492495, 45.992157 ], [ -88.514601, 46.019926 ], [ -88.662902141341903, 45.988730468856097 ], [ -88.730675, 46.026535 ], [ -88.815629, 46.02232 ], [ -89.09163, 46.138505 ], [ -90.120489, 46.336852 ], [ -90.216594, 46.501759 ], [ -90.316983, 46.517319 ], [ -90.331887, 46.553278 ], [ -90.39332, 46.532615 ], [ -90.418136, 46.566094 ], [ -90.028392, 46.67439 ], [ -89.790663, 46.818469 ], [ -89.415154, 46.843983 ], [ -89.227914, 46.912954 ], [ -89.128698, 46.992599 ], [ -88.972802, 47.002096 ], [ -88.88914, 47.100575 ], [ -88.672395, 47.219137 ], [ -88.573997, 47.245989 ], [ -88.418673, 47.371188 ], [ -88.18182, 47.457657 ], [ -87.978934, 47.47942 ], [ -87.756739, 47.460717 ], [ -87.715942, 47.439816 ], [ -87.712421, 47.4014 ], [ -87.957058, 47.38726 ], [ -87.94336, 47.335899 ], [ -88.228987, 47.199042 ], [ -88.232164, 47.145975 ], [ -88.281701, 47.138212 ], [ -88.373966, 47.012262 ], [ -88.443901, 46.972251 ], [ -88.483748, 46.831727 ], [ -88.462349, 46.786711 ], [ -88.38141, 46.838466 ], [ -88.389727311571392, 46.867099786404196 ], [ -88.35194, 46.857028 ], [ -88.155374, 46.965069 ], [ -88.132876, 46.962204 ], [ -88.175197, 46.90458 ], [ -88.08187, 46.920458 ], [ -87.816794, 46.891154 ], [ -87.741014, 46.865247 ], [ -87.727358, 46.827656 ], [ -87.680668, 46.842496 ], [ -87.595307, 46.78295 ], [ -87.503025, 46.647497 ], [ -87.383961, 46.59307 ], [ -87.393985, 46.533183 ], [ -87.351071, 46.500749 ], [ -87.12744, 46.494014 ], [ -87.017136, 46.53355 ], [ -86.875151, 46.43728 ], [ -86.816026, 46.437892 ], [ -86.768516, 46.479072 ], [ -86.698139, 46.438624 ], [ -86.695645, 46.555026 ], [ -86.652865, 46.560555 ], [ -86.62738, 46.53371 ], [ -86.646393, 46.485776 ], [ -86.609393, 46.492976 ], [ -86.586168, 46.463324 ], [ -86.469306, 46.551422 ], [ -86.34989, 46.578035 ], [ -86.161681, 46.669475 ], [ -86.099843, 46.654615 ], [ -85.877908, 46.690914 ], [ -85.50951, 46.675786 ], [ -85.25686, 46.75338 ], [ -84.964652, 46.772845 ], [ -85.030078, 46.684769 ], [ -85.025491, 46.546397 ], [ -85.056133, 46.52652 ], [ -85.015211, 46.479712 ], [ -84.937145, 46.489252 ], [ -84.829491, 46.444071 ], [ -84.63102, 46.484868 ], [ -84.551496, 46.418522 ], [ -84.471848, 46.434289 ], [ -84.420274, 46.501077 ], [ -84.265391, 46.494393 ], [ -84.193729, 46.53992 ], [ -84.117925, 46.517619 ], [ -84.146172, 46.41852 ], [ -84.097766, 46.256512 ], [ -84.147150104683575, 46.224184019733691 ], [ -84.219494, 46.231992 ], [ -84.251424, 46.175888 ], [ -84.125022, 46.180209 ], [ -84.026536, 46.131648 ], [ -84.071741, 46.092441 ], [ -83.908583, 46.011471 ], [ -83.916167914764699, 45.955325834797193 ], [ -83.985141, 45.967133 ], [ -84.000032553733575, 45.948451684062 ], [ -84.111174, 45.978675 ], [ -84.330021, 45.956247 ], [ -84.376429, 45.931962 ], [ -84.484009, 45.98825 ], [ -84.532392, 45.969448 ], [ -84.544405, 46.02286 ], [ -84.656567, 46.052654 ], [ -84.692735, 46.027019 ], [ -84.685254, 45.973454 ], [ -84.738849, 45.945792 ], [ -84.701183, 45.853092 ], [ -84.746985, 45.835597 ], [ -85.01399, 46.010774 ], [ -85.335911, 46.092595 ], [ -85.5001, 46.09694 ], [ -85.697203, 45.960158 ], [ -85.810442, 45.980087 ], [ -85.893196, 45.967253 ], [ -85.913769, 45.919439 ], [ -86.072067, 45.965313 ], [ -86.278007, 45.942057 ], [ -86.324232, 45.90608 ], [ -86.351658, 45.798132 ], [ -86.51457, 45.752337 ], [ -86.537258, 45.708361 ], [ -86.580936, 45.71192 ], [ -86.587528, 45.666456 ], [ -86.627938, 45.659293 ], [ -86.613803382719084, 45.59958299724159 ], [ -86.718191, 45.67732 ], [ -86.665677, 45.702217 ], [ -86.631018, 45.782019 ], [ -86.583391, 45.778242 ], [ -86.557215, 45.808172 ], [ -86.541464, 45.890234 ], [ -86.583304, 45.898784 ], [ -86.645998, 45.833888 ], [ -86.78208, 45.860195 ], [ -86.773279, 45.811385 ], [ -86.838746, 45.722307 ], [ -86.964275, 45.672761 ], [ -86.988438, 45.810621 ], [ -87.031435, 45.837238 ], [ -87.059533, 45.708497 ], [ -87.196852, 45.636275 ], [ -87.327749, 45.425307 ], [ -87.600796, 45.146842 ], [ -87.581968764323889, 45.097205931303087 ], [ -87.661211, 45.108279 ] ] ], [ [ [ -86.661285400390582, 45.574176788330099 ], [ -86.626190185546889, 45.573581695556605 ], [ -86.636894226074205, 45.542053222656293 ], [ -86.648788452148395, 45.543243408203097 ], [ -86.661285400390582, 45.574176788330099 ] ] ], [ [ [ -86.669021606445298, 45.609565734863288 ], [ -86.702018737792997, 45.602691650390597 ], [ -86.712326049804688, 45.610939025878885 ], [ -86.669021606445298, 45.609565734863288 ] ] ], [ [ [ -87.600341796875, 47.407711029052699 ], [ -87.650520324706989, 47.416648864746087 ], [ -87.585906982421903, 47.419399261474588 ], [ -87.600341796875, 47.407711029052699 ] ] ], [ [ [ -89.234390882306187, 47.892749393086895 ], [ -89.095207, 47.967922 ], [ -88.787556, 48.063035 ], [ -88.656915, 48.139225 ], [ -88.422601, 48.190975 ], [ -88.419875, 48.170731 ], [ -88.670073, 48.011446 ], [ -88.962664046124075, 47.9235117460994 ], [ -88.968903044180493, 47.901675162224194 ], [ -88.911665, 47.891344 ], [ -89.157738, 47.824015 ], [ -89.234533, 47.851718 ], [ -89.234390882306187, 47.892749393086895 ] ] ], [ [ [ -85.569755554199205, 44.863151550293004 ], [ -85.581207275390582, 44.869937896728501 ], [ -85.569328308105497, 44.873332977294908 ], [ -85.569755554199205, 44.863151550293004 ] ] ], [ [ [ -85.83489227294919, 45.428356170654304 ], [ -85.833518981933594, 45.378173828124993 ], [ -85.883010864257798, 45.443477630615199 ], [ -85.83489227294919, 45.428356170654304 ] ] ], [ [ [ -85.782646179199205, 45.4915962219238 ], [ -85.770957946777287, 45.461353302002003 ], [ -85.792961120605497, 45.481975555419901 ], [ -85.782646179199205, 45.4915962219238 ] ] ], [ [ [ -85.521911, 45.739419 ], [ -85.491347, 45.609665 ], [ -85.541129, 45.575045 ], [ -85.618049, 45.582647 ], [ -85.566441, 45.760222 ], [ -85.501267, 45.754415 ], [ -85.521911, 45.739419 ] ] ], [ [ [ -85.835113525390597, 45.7114448547363 ], [ -85.84375, 45.690460205078097 ], [ -85.84375, 45.710208892822294 ], [ -85.835113525390597, 45.7114448547363 ] ] ], [ [ [ -85.649353027343793, 45.7225532531738 ], [ -85.672187805175795, 45.696632385253899 ], [ -85.696868896484389, 45.697250366210895 ], [ -85.688850402832003, 45.747238159179702 ], [ -85.649353027343793, 45.7225532531738 ] ] ], [ [ [ -85.691932678222699, 45.777477264404297 ], [ -85.683296203613295, 45.769454956054695 ], [ -85.696258544921889, 45.774391174316399 ], [ -85.691932678222699, 45.777477264404297 ] ] ], [ [ [ -85.360954284667997, 45.817554473876996 ], [ -85.351432800292983, 45.795661926269496 ], [ -85.37712860107419, 45.769012451171896 ], [ -85.39617156982419, 45.774723052978494 ], [ -85.360954284667997, 45.817554473876996 ] ] ], [ [ [ -85.454330444335895, 45.800235748290994 ], [ -85.455558776855497, 45.768718719482393 ], [ -85.495574951171875, 45.772739410400405 ], [ -85.524444580078082, 45.829792022705099 ], [ -85.454330444335895, 45.800235748290994 ] ] ], [ [ [ -85.601837158203068, 45.811252593994098 ], [ -85.617538452148381, 45.810775756835902 ], [ -85.6123046875, 45.816009521484403 ], [ -85.601837158203068, 45.811252593994098 ] ] ], [ [ [ -85.593811035156293, 45.839809417724588 ], [ -85.581466674804688, 45.841041564941399 ], [ -85.590888977050781, 45.83314132690429 ], [ -85.593811035156293, 45.839809417724588 ] ] ], [ [ [ -84.3992919921875, 45.722976684570298 ], [ -84.50041961669919, 45.736064910888693 ], [ -84.589050292968807, 45.816371917724588 ], [ -84.433197021484389, 45.787818908691385 ], [ -84.418922424316392, 45.811611175537102 ], [ -84.354080200195298, 45.770565032958999 ], [ -84.3992919921875, 45.722976684570298 ] ] ], [ [ [ -84.595001220703097, 45.821128845214787 ], [ -84.61284637451169, 45.836002349853501 ], [ -84.589645385742173, 45.821723937988281 ], [ -84.595001220703097, 45.821128845214787 ] ] ], [ [ [ -84.881210327148395, 45.8609008789063 ], [ -84.861968994140597, 45.860214233398395 ], [ -84.861968994140597, 45.851276397705099 ], [ -84.881210327148395, 45.8609008789063 ] ] ], [ [ [ -84.624153137207003, 45.880020141601605 ], [ -84.602142333984389, 45.85206222534179 ], [ -84.617607116699176, 45.844924926757798 ], [ -84.651512145996094, 45.862770080566392 ], [ -84.624153137207003, 45.880020141601605 ] ] ], [ [ [ -84.582527160644503, 45.958873748779297 ], [ -84.563491821289091, 45.967441558837891 ], [ -84.564918518066392, 45.951259613037095 ], [ -84.582527160644503, 45.958873748779297 ] ] ], [ [ [ -84.638847351074205, 45.955562591552692 ], [ -84.613937377929673, 45.973628997802699 ], [ -84.608703613281293, 45.964111328125 ], [ -84.638847351074205, 45.955562591552692 ] ] ], [ [ [ -83.831283569335895, 43.669506072997997 ], [ -83.816162109375, 43.666755676269482 ], [ -83.8292236328125, 43.662631988525391 ], [ -83.831283569335895, 43.669506072997997 ] ] ], [ [ [ -83.432609558105497, 43.8852729797363 ], [ -83.427108764648395, 43.877025604247997 ], [ -83.436729431152301, 43.882526397705092 ], [ -83.432609558105497, 43.8852729797363 ] ] ], [ [ [ -83.442245483398395, 44.028530120849595 ], [ -83.425743103027287, 44.028530120849595 ], [ -83.436744689941378, 44.021656036377003 ], [ -83.442245483398395, 44.028530120849595 ] ] ], [ [ [ -83.229766845703082, 45.039539337158196 ], [ -83.213958740234375, 45.056728363037095 ], [ -83.190582275390582, 45.033355712890597 ], [ -83.229766845703082, 45.039539337158196 ] ] ], [ [ [ -83.338272094726577, 45.189498901367202 ], [ -83.319709777831989, 45.194313049316399 ], [ -83.322463989257784, 45.186061859130895 ], [ -83.338272094726577, 45.189498901367202 ] ] ], [ [ [ -83.794052124023395, 45.995800018310504 ], [ -83.679656982421875, 46.057529449462898 ], [ -83.719787597656278, 46.101032257080092 ], [ -83.634979248046903, 46.103954315185504 ], [ -83.581314086914091, 46.089614868164091 ], [ -83.532913208007798, 46.011329650878892 ], [ -83.473220825195284, 45.984420776367202 ], [ -83.517242431640582, 45.923614501953104 ], [ -83.561836242675795, 45.912563323974595 ], [ -83.657661437988281, 45.945461273193388 ], [ -83.83550262451169, 45.941841125488288 ], [ -83.881057739257798, 45.968185424804702 ], [ -83.845397949218778, 46.025680541992202 ], [ -83.794052124023395, 45.995800018310504 ] ] ], [ [ [ -83.732002258300795, 46.048011779785199 ], [ -83.773780822753906, 46.051471710205092 ], [ -83.749847412109389, 46.0658569335938 ], [ -83.732002258300795, 46.048011779785199 ] ] ], [ [ [ -83.839080810546889, 46.064071655273402 ], [ -83.871200561523381, 46.075969696044901 ], [ -83.852760314941392, 46.085487365722706 ], [ -83.839080810546889, 46.064071655273402 ] ] ], [ [ [ -83.974136352539091, 46.073532104492195 ], [ -84.012634277343793, 46.0872802734375 ], [ -83.987884521484389, 46.1037788391113 ], [ -83.974136352539091, 46.073532104492195 ] ] ], [ [ [ -83.821235656738295, 46.091438293457003 ], [ -83.787322998046903, 46.1080932617188 ], [ -83.761154174804688, 46.086082458496101 ], [ -83.821235656738295, 46.091438293457003 ] ] ] ] } },
{ "type": "Feature", "properties": { "STATE": "MN" }, "geometry": { "type": "Polygon", "coordinates": [ [ [ -91.217706, 43.50055 ], [ -96.453049, 43.500415 ], [ -96.454094, 45.301546 ], [ -96.521787, 45.375645 ], [ -96.692541, 45.417338 ], [ -96.857751, 45.605962 ], [ -96.835769, 45.649648 ], [ -96.662595, 45.738682 ], [ -96.583085, 45.820024 ], [ -96.554507, 46.083978 ], [ -96.599761, 46.330386 ], [ -96.718073757073384, 46.438254565399497 ], [ -96.798823, 46.658071 ], [ -96.802544, 46.811521 ], [ -96.759527824917186, 46.925768523024097 ], [ -96.791048125557083, 46.929875712760001 ], [ -96.834603461015107, 47.007721297052385 ], [ -96.855421, 47.60875 ], [ -97.023156, 47.873978 ], [ -97.072257, 48.048068 ], [ -97.142132748784775, 48.144981086392193 ], [ -97.11657, 48.279661 ], [ -97.163105, 48.543855 ], [ -97.097337203133577, 48.685185865728499 ], [ -97.18002836595501, 48.818449858344202 ], [ -97.229039, 49.000687 ], [ -95.153711, 48.998903 ], [ -95.153314, 49.384358 ], [ -95.058404, 49.35317 ], [ -94.957465, 49.370186 ], [ -94.816222, 49.320987 ], [ -94.750218, 48.999992 ], [ -94.718932, 48.999991 ], [ -94.683069, 48.883929 ], [ -94.694312, 48.789352 ], [ -94.645083, 48.744143 ], [ -94.452332, 48.692444 ], [ -94.416191, 48.710948 ], [ -94.290737, 48.707747 ], [ -94.224276, 48.649527 ], [ -93.840754, 48.628548 ], [ -93.794454, 48.516021 ], [ -93.467504, 48.545664 ], [ -93.464308, 48.591792 ], [ -93.254854, 48.642784 ], [ -93.178095, 48.623339 ], [ -92.954876, 48.631493 ], [ -92.949839, 48.608269 ], [ -92.728046, 48.53929 ], [ -92.634931, 48.542873 ], [ -92.627237, 48.503383 ], [ -92.698824, 48.494892 ], [ -92.712562, 48.463013 ], [ -92.656027, 48.436709 ], [ -92.507285, 48.447875 ], [ -92.456325, 48.414204 ], [ -92.469948, 48.351836 ], [ -92.369174, 48.220268 ], [ -92.269742, 48.248241 ], [ -92.306309, 48.316442 ], [ -92.26228, 48.354933 ], [ -92.055228, 48.359213 ], [ -92.000133, 48.321355 ], [ -92.006577, 48.265421 ], [ -91.957797541498678, 48.232988734489091 ], [ -91.714931, 48.19913 ], [ -91.711986, 48.114713 ], [ -91.559272, 48.108268 ], [ -91.567254, 48.043719 ], [ -91.26638, 48.078713 ], [ -91.082731, 48.180756 ], [ -90.88548, 48.245784 ], [ -90.839176, 48.239511 ], [ -90.836313, 48.176963 ], [ -90.777917, 48.163801 ], [ -90.79797, 48.136894 ], [ -90.751608, 48.090968 ], [ -90.579897, 48.123922 ], [ -90.556838, 48.096008 ], [ -90.467712, 48.108818 ], [ -90.374542, 48.090942 ], [ -90.143762, 48.112641 ], [ -90.023595, 48.084708 ], [ -89.99305, 48.028404 ], [ -89.897414, 47.987599 ], [ -89.763967, 48.022969 ], [ -89.651065, 48.003625 ], [ -89.610351, 48.01778 ], [ -89.581007, 47.995899 ], [ -89.489226, 48.014528 ], [ -89.5853716490263, 47.956146684228294 ], [ -89.624559162558072, 47.983153221027898 ], [ -89.639545, 47.95359 ], [ -89.974296, 47.830514 ], [ -90.437712, 47.731612 ], [ -90.735927, 47.624343 ], [ -91.045646, 47.456525 ], [ -91.477351, 47.125667 ], [ -92.086089, 46.794339 ], [ -92.01529, 46.706469 ], [ -92.11659, 46.74864 ], [ -92.204691, 46.704041 ], [ -92.176091, 46.686341 ], [ -92.207092, 46.651941 ], [ -92.291292, 46.668142 ], [ -92.294033000546619, 46.074377066316401 ], [ -92.332912, 46.062697 ], [ -92.35176, 46.015685 ], [ -92.428555, 46.024241 ], [ -92.469354, 45.973811 ], [ -92.527052, 45.983245 ], [ -92.551933, 45.951651 ], [ -92.707702, 45.894901 ], [ -92.784621, 45.764196 ], [ -92.869193, 45.717568 ], [ -92.883749, 45.575483 ], [ -92.770223, 45.566939 ], [ -92.646602, 45.441635 ], [ -92.650422, 45.398507 ], [ -92.761868, 45.287013 ], [ -92.739584, 45.115598 ], [ -92.803079, 45.060978 ], [ -92.76206, 45.02432 ], [ -92.750645, 44.937299 ], [ -92.807317, 44.750364 ], [ -92.54806, 44.567792 ], [ -92.336114, 44.554004 ], [ -92.232472, 44.445434 ], [ -91.970266, 44.365842 ], [ -91.918625, 44.322671 ], [ -91.875158, 44.200575 ], [ -91.721552, 44.130342 ], [ -91.59207, 44.031372 ], [ -91.432522, 43.996827 ], [ -91.244135, 43.774667 ], [ -91.268748, 43.615348 ], [ -91.217706, 43.50055 ] ] ] } },
{ "type": "Feature", "properties": { "STATE": "MO" }, "geometry": { "type": "Polygon", "coordinates": [ [ [ -90.152481, 36.497952 ], [ -94.617919, 36.499414 ], [ -94.591933, 39.155003 ], [ -94.662435, 39.157603 ], [ -94.680336, 39.184303 ], [ -94.741938, 39.170203 ], [ -94.823791, 39.209874 ], [ -94.831471, 39.256273 ], [ -94.905329, 39.311952 ], [ -94.885026, 39.389801 ], [ -94.942039, 39.389499 ], [ -95.109304, 39.542285 ], [ -95.103228, 39.577783 ], [ -95.049277, 39.589583 ], [ -95.027644, 39.665454 ], [ -94.971317, 39.68641 ], [ -94.965318, 39.739065 ], [ -94.899316, 39.724042 ], [ -94.862943, 39.742994 ], [ -94.869644, 39.772894 ], [ -94.935302, 39.77561 ], [ -94.875944, 39.813294 ], [ -94.939767, 39.85193 ], [ -94.929574, 39.888754 ], [ -95.00844, 39.900596 ], [ -95.037767, 39.865542 ], [ -95.128166, 39.874165 ], [ -95.149657, 39.905948 ], [ -95.201935, 39.904053 ], [ -95.204428, 39.938949 ], [ -95.315271, 40.01207 ], [ -95.40726, 40.033112 ], [ -95.393347, 40.119212 ], [ -95.479193, 40.185652 ], [ -95.477501, 40.24272 ], [ -95.552473, 40.261904 ], [ -95.562157, 40.297359 ], [ -95.657328, 40.310856 ], [ -95.623728, 40.346567 ], [ -95.699969, 40.505275 ], [ -95.655848, 40.546609 ], [ -95.678718, 40.56256 ], [ -95.708591, 40.521551 ], [ -95.75711, 40.52599 ], [ -95.773549, 40.578205 ], [ -94.089194, 40.572806 ], [ -91.729115, 40.61364 ], [ -91.6887, 40.55739 ], [ -91.620071, 40.540817 ], [ -91.574746, 40.465664 ], [ -91.52509, 40.457845 ], [ -91.524612, 40.410765 ], [ -91.419422, 40.378264 ], [ -91.492727, 40.278217 ], [ -91.510322, 40.127994 ], [ -91.494878, 40.036453 ], [ -91.41936, 39.927717 ], [ -91.436051, 39.84551 ], [ -91.361571, 39.787548 ], [ -91.370009, 39.732524 ], [ -91.181936, 39.602677 ], [ -91.153628, 39.548248 ], [ -91.100307, 39.538695 ], [ -91.03827, 39.448436 ], [ -90.72996, 39.255894 ], [ -90.681086, 39.10059 ], [ -90.713629, 39.053977 ], [ -90.657254, 38.92027 ], [ -90.555693, 38.870785 ], [ -90.440078, 38.967364 ], [ -90.250248, 38.919344 ], [ -90.109407, 38.843548 ], [ -90.20991, 38.72605 ], [ -90.18451, 38.611551 ], [ -90.368219, 38.340254 ], [ -90.359559, 38.224525 ], [ -90.11052, 38.026547 ], [ -89.997103, 37.963225 ], [ -89.925085, 37.960021 ], [ -89.974918, 37.926719 ], [ -89.950594, 37.881526 ], [ -89.901832, 37.869822 ], [ -89.842649, 37.905196 ], [ -89.669644, 37.799922 ], [ -89.663352, 37.750052 ], [ -89.514255, 37.689923 ], [ -89.475932, 37.592998 ], [ -89.519808, 37.582748 ], [ -89.517051, 37.537278 ], [ -89.421054, 37.387668 ], [ -89.51834, 37.285497 ], [ -89.458827, 37.248661 ], [ -89.383937, 37.046441 ], [ -89.278628, 36.98867 ], [ -89.260003, 37.023288 ], [ -89.30829, 37.068371 ], [ -89.25493, 37.072014 ], [ -89.185491, 36.973518 ], [ -89.099594, 36.964543 ], [ -89.131944, 36.857437 ], [ -89.178888, 36.831368 ], [ -89.116563, 36.767557 ], [ -89.197808, 36.739412 ], [ -89.15908, 36.666352 ], [ -89.213563, 36.580119 ], [ -89.259994, 36.565149 ], [ -89.326731, 36.632186 ], [ -89.365548, 36.625059 ], [ -89.464153, 36.457189 ], [ -89.494074, 36.473225 ], [ -89.479093, 36.568206 ], [ -89.563185, 36.568749 ], [ -89.509722, 36.373626 ], [ -89.531822, 36.339246 ], [ -89.620255, 36.323006 ], [ -89.534745, 36.252576 ], [ -89.703511, 36.243412 ], [ -89.591605, 36.144096 ], [ -89.678821, 36.084636 ], [ -89.706932, 36.000981 ], [ -90.37789, 35.995683 ], [ -90.319168, 36.089976 ], [ -90.06398, 36.303038 ], [ -90.064514, 36.382085 ], [ -90.138512, 36.413952 ], [ -90.152481, 36.497952 ] ] ] } },
{ "type": "Feature", "properties": { "STATE": "MS" }, "geometry": { "type": "MultiPolygon", "coordinates": [ [ [ [ -89.729616, 31.003927 ], [ -91.636942, 30.999416 ], [ -91.559907, 31.054119 ], [ -91.625994, 31.116896 ], [ -91.588939, 31.188959 ], [ -91.654027, 31.255753 ], [ -91.515614, 31.27821 ], [ -91.576265, 31.410498 ], [ -91.541626, 31.431706 ], [ -91.521836, 31.37517 ], [ -91.47887, 31.364955 ], [ -91.522536, 31.522078 ], [ -91.405415, 31.576466 ], [ -91.488618, 31.587466 ], [ -91.515462, 31.630372 ], [ -91.401015, 31.620365 ], [ -91.371804157155296, 31.742947796240806 ], [ -91.263406350296293, 31.754467976418805 ], [ -91.365528916241999, 31.761628356993004 ], [ -91.345714, 31.842861 ], [ -91.293413, 31.86016 ], [ -91.255611, 31.812662 ], [ -91.267712, 31.86266 ], [ -91.18061, 31.917959 ], [ -91.18481, 31.965557 ], [ -91.075908, 32.016828 ], [ -91.16031, 32.070354 ], [ -91.080208, 32.048355 ], [ -91.004106, 32.146152 ], [ -91.050207, 32.178451 ], [ -91.053175, 32.124237 ], [ -91.162822, 32.132694 ], [ -91.164171, 32.196888 ], [ -91.039007, 32.242349 ], [ -90.988672140788779, 32.215812095611199 ], [ -90.979475, 32.293702 ], [ -90.922231, 32.298639 ], [ -90.875631066155705, 32.372433940833801 ], [ -90.912363, 32.339454 ], [ -90.993625, 32.354047 ], [ -90.96959, 32.43949 ], [ -91.052907, 32.438442 ], [ -91.116008, 32.48314 ], [ -91.093741, 32.549128 ], [ -91.038106, 32.49044 ], [ -90.987831, 32.49419 ], [ -91.080398, 32.556442 ], [ -91.010228, 32.601927 ], [ -91.014286, 32.640482 ], [ -91.119854, 32.584795 ], [ -91.153556, 32.626181 ], [ -91.054749, 32.719229 ], [ -91.165328, 32.751301 ], [ -91.145002, 32.84287 ], [ -91.064449, 32.901064 ], [ -91.086802, 32.976266 ], [ -91.135517, 32.979657 ], [ -91.15169, 32.901935 ], [ -91.213972, 32.927198 ], [ -91.120293, 33.055921 ], [ -91.20178, 33.125121 ], [ -91.089862, 33.139655 ], [ -91.091711, 33.220813 ], [ -91.045191, 33.265404 ], [ -91.072567, 33.285885 ], [ -91.106142, 33.241799 ], [ -91.143667, 33.328398 ], [ -91.057621, 33.445341 ], [ -91.086498, 33.451576 ], [ -91.154017486883589, 33.378913801191004 ], [ -91.208702, 33.408719 ], [ -91.131885, 33.430063 ], [ -91.125109, 33.472842 ], [ -91.167403196830392, 33.4983043760841 ], [ -91.177293, 33.443638 ], [ -91.235928, 33.440611 ], [ -91.182900812057369, 33.502378527774191 ], [ -91.231418, 33.560593 ], [ -91.130445, 33.606034 ], [ -91.225279, 33.687749 ], [ -91.160866, 33.707096 ], [ -91.09404, 33.658351 ], [ -91.03684, 33.671316 ], [ -91.059891, 33.714816 ], [ -91.132338, 33.714246 ], [ -91.145112, 33.76734 ], [ -90.989444, 33.780576 ], [ -91.073011, 33.857449 ], [ -91.010318, 33.929352 ], [ -91.087921, 33.975335 ], [ -91.01889, 34.003151 ], [ -90.967632, 33.963324 ], [ -90.987948, 34.019038 ], [ -90.89242, 34.02686 ], [ -90.870528, 34.080516 ], [ -90.9543, 34.138498 ], [ -90.91001, 34.165508 ], [ -90.847168, 34.136884 ], [ -90.807813, 34.161474 ], [ -90.9118, 34.193897 ], [ -90.936404, 34.236698 ], [ -90.847808, 34.20653 ], [ -90.828267, 34.27365 ], [ -90.743082, 34.302257 ], [ -90.765764, 34.362109 ], [ -90.683222145194193, 34.368816949086899 ], [ -90.669343, 34.31302 ], [ -90.658542, 34.375705 ], [ -90.575336, 34.415152 ], [ -90.588942, 34.491097 ], [ -90.540736, 34.548085 ], [ -90.588419, 34.670963 ], [ -90.549856, 34.695478 ], [ -90.554129, 34.640871 ], [ -90.524481, 34.628504 ], [ -90.462552, 34.687576 ], [ -90.565646, 34.721053 ], [ -90.547612, 34.784589 ], [ -90.514706, 34.801768 ], [ -90.514735287947104, 34.729656040117796 ], [ -90.454968, 34.735557 ], [ -90.466154, 34.890989 ], [ -90.422355, 34.833675 ], [ -90.307384, 34.846195 ], [ -90.244476, 34.937596 ], [ -90.309297, 34.995694 ], [ -88.200064, 34.995634 ], [ -88.097888, 34.892202 ], [ -88.473227, 31.893856 ], [ -88.39398, 30.349307 ], [ -88.480117, 30.318345 ], [ -88.599249, 30.358933 ], [ -88.728893, 30.342671 ], [ -88.841328, 30.409598 ], [ -88.857828, 30.392898 ], [ -88.818411067392177, 30.360239404365601 ], [ -88.971233, 30.390798 ], [ -89.285744, 30.303097 ], [ -89.279818, 30.34979 ], [ -89.335942, 30.374016 ], [ -89.366116, 30.352169 ], [ -89.322545, 30.314896 ], [ -89.419348, 30.25432 ], [ -89.44791, 30.185352 ], [ -89.570154, 30.180297 ], [ -89.631789, 30.256924 ], [ -89.629727, 30.339287 ], [ -89.68341, 30.451793 ], [ -89.795335218258401, 30.546562687193401 ], [ -89.852263, 30.662934 ], [ -89.729616, 31.003927 ] ] ], [ [ [ -88.506999, 30.214348 ], [ -88.442654, 30.202314 ], [ -88.401466, 30.210172 ], [ -88.506999, 30.214348 ] ] ], [ [ [ -88.976811, 30.210987 ], [ -88.920510525099374, 30.220578094434508 ], [ -88.873659638964384, 30.241747754170195 ], [ -88.900369538183099, 30.22457603265439 ], [ -88.945497666389002, 30.209646220330498 ], [ -88.976811, 30.210987 ] ] ], [ [ [ -89.089333694372385, 30.204807324307204 ], [ -89.118222, 30.223343 ], [ -89.156738, 30.230699 ], [ -89.067128, 30.250199 ], [ -89.089333694372385, 30.204807324307204 ] ] ], [ [ [ -88.764022, 30.241488 ], [ -88.718104, 30.252931 ], [ -88.562067, 30.227476 ], [ -88.587424, 30.219154 ], [ -88.764022, 30.241488 ] ] ] ] } },
{ "type": "Feature", "properties": { "STATE": "MT" }, "geometry": { "type": "Polygon", "coordinates": [ [ [ -113.599506, 45.191114 ], [ -113.738729, 45.329741 ], [ -113.733092, 45.390173 ], [ -113.78416, 45.454946 ], [ -113.766022, 45.520621 ], [ -113.834555, 45.520729 ], [ -113.806729, 45.602146 ], [ -113.904691, 45.622007 ], [ -113.90058780564101, 45.648259256736189 ], [ -113.971565, 45.700636 ], [ -114.019315, 45.692937 ], [ -114.018731, 45.648616 ], [ -114.135249, 45.557465 ], [ -114.248121, 45.545877 ], [ -114.270717, 45.486116 ], [ -114.333218, 45.459316 ], [ -114.460542, 45.561283 ], [ -114.559038, 45.565706 ], [ -114.538132, 45.606834 ], [ -114.563652, 45.637412 ], [ -114.507645, 45.658949 ], [ -114.495421, 45.703321 ], [ -114.566172, 45.773864 ], [ -114.509303, 45.845531 ], [ -114.409477, 45.85164 ], [ -114.388243, 45.88234 ], [ -114.431159, 45.935737 ], [ -114.403712344651993, 45.967049202452692 ], [ -114.470965141875993, 45.9957423722702 ], [ -114.49341843996099, 46.037170280513287 ], [ -114.460049, 46.097104 ], [ -114.527096, 46.146218 ], [ -114.445928, 46.173933 ], [ -114.470479, 46.26732 ], [ -114.425587, 46.287899 ], [ -114.422458, 46.387097 ], [ -114.376413, 46.442983 ], [ -114.403019, 46.498675 ], [ -114.342072, 46.519679 ], [ -114.320665, 46.646963 ], [ -114.360709, 46.669059 ], [ -114.466902, 46.631695 ], [ -114.593292, 46.632848 ], [ -114.642713, 46.673145 ], [ -114.620859, 46.707415 ], [ -114.696656, 46.740572 ], [ -114.76689, 46.696901 ], [ -114.765106, 46.758153 ], [ -114.920459, 46.827697 ], [ -114.947413, 46.859324 ], [ -114.929997254371003, 46.919624504363696 ], [ -115.001274, 46.971901 ], [ -115.049538, 46.970774 ], [ -115.140375, 47.093013 ], [ -115.300504, 47.188139 ], [ -115.326903417685017, 47.255911821100298 ], [ -115.51186, 47.295219 ], [ -115.578619372679995, 47.367006769826688 ], [ -115.728801342699015, 47.428925121143493 ], [ -115.653044297003007, 47.476034549804993 ], [ -115.747263148157003, 47.54319732026039 ], [ -115.689404, 47.595402 ], [ -115.73627, 47.654762 ], [ -115.72377, 47.696671 ], [ -115.797299, 47.75752 ], [ -115.831755, 47.755785 ], [ -115.852291, 47.827991 ], [ -115.906409, 47.846261 ], [ -116.04885, 47.977186 ], [ -116.049193, 49.000912 ], [ -104.048736, 48.999877 ], [ -104.039681, 44.998041 ], [ -111.055199, 45.001321 ], [ -111.048974, 44.474072 ], [ -111.131379, 44.499925 ], [ -111.23018028325302, 44.587025376854506 ], [ -111.224161182832006, 44.623401714457195 ], [ -111.29626, 44.702271 ], [ -111.385005, 44.755128 ], [ -111.414271, 44.710741 ], [ -111.489339, 44.704946 ], [ -111.473178, 44.665479 ], [ -111.525764, 44.604883 ], [ -111.471682, 44.540824 ], [ -111.704218, 44.560205 ], [ -111.821488, 44.509286 ], [ -111.870504, 44.564033 ], [ -112.106755, 44.520829 ], [ -112.286187, 44.568472 ], [ -112.35421, 44.535638 ], [ -112.387389, 44.448058 ], [ -112.473207, 44.480027 ], [ -112.50031, 44.463051 ], [ -112.71911, 44.504344 ], [ -112.781294, 44.484888 ], [ -112.828191, 44.442472 ], [ -112.81324, 44.378103 ], [ -112.844859, 44.358221 ], [ -113.003544, 44.450814 ], [ -113.019776518542002, 44.528505149324587 ], [ -113.083819399691009, 44.602220490850002 ], [ -113.049349, 44.62938 ], [ -113.06776, 44.679474 ], [ -113.131453, 44.772837 ], [ -113.247166, 44.82295 ], [ -113.341704, 44.784853 ], [ -113.377153, 44.834858 ], [ -113.455071, 44.865424 ], [ -113.498745, 44.942314 ], [ -113.443782, 44.95989 ], [ -113.45197, 45.059247 ], [ -113.520134, 45.093033 ], [ -113.513342, 45.115225 ], [ -113.57467, 45.128411 ], [ -113.599506, 45.191114 ] ] ] } },
{ "type": "Feature", "properties": { "STATE": "NC" }, "geometry": { "type": "MultiPolygon", "coordinates": [ [ [ [ -83.108535, 35.000771 ], [ -84.321869, 34.988408 ], [ -84.29024, 35.225572 ], [ -84.223718, 35.269078 ], [ -84.188417, 35.239979 ], [ -84.052612, 35.269982 ], [ -84.02141, 35.301383 ], [ -84.020632879454794, 35.409843031845696 ], [ -83.880074, 35.518745 ], [ -83.771736, 35.562118 ], [ -83.498335, 35.562981 ], [ -83.35156, 35.659858 ], [ -83.297154, 35.65775 ], [ -83.251247, 35.719916 ], [ -83.185685, 35.72989 ], [ -83.159208, 35.764892 ], [ -83.07403, 35.790016 ], [ -82.98397, 35.77801 ], [ -82.899717591340007, 35.874601623194401 ], [ -82.898505, 35.945101 ], [ -82.804997, 35.927168 ], [ -82.776001, 36.000103 ], [ -82.637165, 36.065805 ], [ -82.594872827641495, 36.0295978253328 ], [ -82.610889, 35.967409 ], [ -82.557874, 35.953901 ], [ -82.355157, 36.115609 ], [ -82.213852, 36.159112 ], [ -82.147948, 36.149516 ], [ -82.127146, 36.104417 ], [ -82.033141, 36.120422 ], [ -81.908137, 36.302013 ], [ -81.800812, 36.358073 ], [ -81.707438, 36.335171 ], [ -81.739648155234107, 36.406686434348295 ], [ -81.695311, 36.467912 ], [ -81.707963, 36.536209 ], [ -81.677535, 36.588117 ], [ -80.122183, 36.542646 ], [ -75.867044, 36.550754 ], [ -75.77251, 36.22944 ], [ -75.5330120264626, 35.787376683006592 ], [ -75.648898698121201, 35.965757632763292 ], [ -75.723661872599791, 36.003139235307003 ], [ -75.75572046374009, 36.153921675279399 ], [ -75.845283661176879, 36.3056142736935 ], [ -75.851470031178593, 36.415784679047597 ], [ -75.907279172344587, 36.485809355400896 ], [ -76.003707663433005, 36.506234863334697 ], [ -76.031949191191188, 36.482495610493309 ], [ -75.96228536659369, 36.417239852597497 ], [ -75.923600716901689, 36.425788195495606 ], [ -75.793973912491793, 36.071709739066208 ], [ -75.867791555329902, 36.127261948909087 ], [ -75.922343886782585, 36.2441219441939 ], [ -75.964619913803901, 36.2544331702967 ], [ -75.956027225385, 36.19806513426839 ], [ -75.904999285726888, 36.164188109150395 ], [ -76.016984378535085, 36.186366552377706 ], [ -76.132005484205095, 36.287772801362188 ], [ -76.184702492191491, 36.298166213898895 ], [ -76.080105646154706, 36.199439964415305 ], [ -76.064223649831405, 36.143774686062301 ], [ -76.178945550087292, 36.1234240206444 ], [ -76.27405125296049, 36.188948953731398 ], [ -76.19171459813839, 36.107196688907308 ], [ -76.216598685066671, 36.095408614583995 ], [ -76.373571361486285, 36.138208067218095 ], [ -76.447812189426003, 36.192513858025798 ], [ -76.375892184009899, 36.120420476763492 ], [ -76.303997915763389, 36.092776105422601 ], [ -76.410877710173011, 36.078034070443586 ], [ -76.514335225328011, 36.005640139926101 ], [ -76.58067438273369, 36.007219639301191 ], [ -76.689256960655186, 36.061493596574799 ], [ -76.721444677098887, 36.1478384232257 ], [ -76.693252795662588, 36.278357201025301 ], [ -76.752099645140717, 36.147327507091596 ], [ -76.679656654760677, 35.9919511045305 ], [ -76.691766188230488, 35.944565980437396 ], [ -76.528550750312377, 35.944039480645692 ], [ -76.398241679462188, 35.98431683204371 ], [ -76.340326518723586, 35.943249736059592 ], [ -76.213966191209678, 35.988002340788405 ], [ -76.06207050646519, 35.99300411431679 ], [ -76.0141588927833, 35.957202026452492 ], [ -76.063202640200785, 35.853433407917194 ], [ -76.029863009135198, 35.649442984851397 ], [ -75.986899567040481, 35.888147869129696 ], [ -75.927286151675474, 35.931929954828 ], [ -75.947293204977299, 35.959834535613894 ], [ -75.849890427223883, 35.976156090373792 ], [ -75.782498229423283, 35.935615473775691 ], [ -75.727215598251803, 35.822703176886193 ], [ -75.729801849429478, 35.625984996528096 ], [ -75.775328066141881, 35.579334687364394 ], [ -75.895045130732882, 35.573152114892487 ], [ -76.020944792302501, 35.410719083778098 ], [ -76.059726372618101, 35.410157033468003 ], [ -76.069281260565376, 35.370813397396397 ], [ -76.149654689084798, 35.326411297641997 ], [ -76.485761771130484, 35.371375371463799 ], [ -76.586348631887304, 35.508957212598695 ], [ -76.476705927661698, 35.511706872892589 ], [ -76.471206607073398, 35.55741997528159 ], [ -76.634467687033506, 35.510332042745688 ], [ -76.571722573216178, 35.387763937659805 ], [ -76.905824787303899, 35.4586040584635 ], [ -77.024592740724501, 35.515145083405194 ], [ -76.966661021310117, 35.437809752489692 ], [ -76.923697579215272, 35.449152101202806 ], [ -76.664026535194779, 35.345696132638494 ], [ -76.500375144544194, 35.321914813472496 ], [ -76.467776117639787, 35.276950657962097 ], [ -76.568945456646404, 35.097094057704091 ], [ -76.801426059347776, 34.964368716881694 ], [ -76.982903638755985, 35.060606827173892 ], [ -77.046305322402674, 35.137703081355603 ], [ -76.977404318168098, 35.004926206219288 ], [ -76.762930815231101, 34.920374152176805 ], [ -76.63507161155708, 34.989115659528402 ], [ -76.502623345784585, 35.007165757575002 ], [ -76.463467753684995, 35.076410939094494 ], [ -76.395624536691997, 34.975178908729099 ], [ -76.326360516640193, 34.976244505860699 ], [ -76.364366917582785, 35.034852533946697 ], [ -76.241629733840583, 34.999116203719908 ], [ -76.333819717211185, 34.882116487347297 ], [ -76.400242124262192, 34.855476479899799 ], [ -76.524711861808797, 34.681963760710495 ], [ -76.586235510888301, 34.69880543001161 ], [ -76.604795717873287, 34.787481974495194 ], [ -76.616138066586487, 34.704476604368004 ], [ -76.674568347835176, 34.698289868706489 ], [ -76.51904068745219, 34.6381410497738 ], [ -76.322808498668394, 34.861159678368196 ], [ -76.069906036043392, 35.075700547890108 ], [ -76.035933017266203, 35.0589874313943 ], [ -76.386804, 34.784579 ], [ -76.53594638570398, 34.58857650220029 ], [ -76.549343, 34.645585 ], [ -76.676312, 34.693151 ], [ -76.990262, 34.669623 ], [ -77.209161, 34.605032 ], [ -77.556943, 34.417218 ], [ -77.829209, 34.162618 ], [ -77.959765501896584, 33.840324292022785 ], [ -78.018689, 33.888289 ], [ -78.17772, 33.914272 ], [ -78.383964, 33.901946 ], [ -78.541087, 33.851112 ], [ -79.675299, 34.804744 ], [ -80.797543, 34.819786 ], [ -80.782042, 34.935782 ], [ -80.93495, 35.107409 ], [ -81.041489, 35.044703 ], [ -81.043625449163983, 35.149877294699799 ], [ -82.27492, 35.200071 ], [ -82.371297838954177, 35.181448666497801 ], [ -82.39293, 35.215402 ], [ -82.439595, 35.165863 ], [ -82.683624627647191, 35.125833382628286 ], [ -82.757704485362183, 35.068018884698589 ], [ -82.787867, 35.085024 ], [ -83.108535, 35.000771 ] ] ], [ [ [ -75.989175228009898, 35.100881972574101 ], [ -75.535740624930469, 35.272856132865485 ], [ -75.478609751937796, 35.553069220463797 ], [ -75.522232, 35.774178 ], [ -75.458659332983586, 35.596597471175798 ], [ -75.527675738129901, 35.215955275205602 ], [ -75.610101357274587, 35.227514228471591 ], [ -75.769704919787372, 35.180358617675907 ], [ -76.013145, 35.061855 ], [ -75.989175228009898, 35.100881972574101 ] ] ], [ [ [ -75.675053851916886, 35.830203557724012 ], [ -75.726806619948988, 35.935844223224294 ], [ -75.645120447770694, 35.905787676332295 ], [ -75.620454323434998, 35.809253344404496 ], [ -75.675053851916886, 35.830203557724012 ] ] ] ] } },
{ "type": "Feature", "properties": { "STATE": "ND" }, "geometry": { "type": "Polygon", "coordinates": [ [ [ -96.56328, 45.935238 ], [ -104.045443, 45.94531 ], [ -104.048736, 48.999877 ], [ -97.229039, 49.000687 ], [ -97.18002836595501, 48.818449858344202 ], [ -97.097337203133577, 48.685185865728499 ], [ -97.163105, 48.543855 ], [ -97.11657, 48.279661 ], [ -97.142132748784775, 48.144981086392193 ], [ -97.072257, 48.048068 ], [ -97.023156, 47.873978 ], [ -96.855421, 47.60875 ], [ -96.834603461015107, 47.007721297052385 ], [ -96.791048125557083, 46.929875712760001 ], [ -96.759527824917186, 46.925768523024097 ], [ -96.802544, 46.811521 ], [ -96.798823, 46.658071 ], [ -96.718073757073384, 46.438254565399497 ], [ -96.599761, 46.330386 ], [ -96.56328, 45.935238 ] ] ] } },
{ "type": "Feature", "properties": { "STATE": "NE" }, "geometry": { "type": "Polygon", "coordinates": [ [ [ -95.30829, 39.999998 ], [ -102.051744, 40.003078 ], [ -102.051614, 41.002377 ], [ -104.053249, 41.001406 ], [ -104.053127, 43.000585 ], [ -98.498549947470181, 42.998559778097501 ], [ -98.444145, 42.929242 ], [ -98.146933, 42.839823 ], [ -98.035034, 42.764205 ], [ -97.936716, 42.775754 ], [ -97.84527, 42.867734 ], [ -97.686506, 42.842435 ], [ -97.442279, 42.846224 ], [ -97.408315, 42.868334 ], [ -97.231929, 42.851335 ], [ -97.210126, 42.809296 ], [ -97.131331, 42.771929 ], [ -96.97912, 42.76009 ], [ -96.961576, 42.719841 ], [ -96.906797, 42.7338 ], [ -96.806223, 42.704154 ], [ -96.793238, 42.666024 ], [ -96.691269, 42.6562 ], [ -96.7093, 42.603753 ], [ -96.611489, 42.506088 ], [ -96.548791, 42.520547 ], [ -96.501321, 42.482749 ], [ -96.386007, 42.474495 ], [ -96.417786, 42.351449 ], [ -96.328905, 42.254734 ], [ -96.347752, 42.166806 ], [ -96.2689, 42.11359 ], [ -96.275548, 42.051976 ], [ -96.221901, 42.029558 ], [ -96.240713, 41.999351 ], [ -96.194556, 42.008662 ], [ -96.186265, 41.977417 ], [ -96.129505, 41.971673 ], [ -96.161756, 41.90182 ], [ -96.064879, 41.79623 ], [ -96.106425, 41.73789 ], [ -96.073063, 41.705004 ], [ -96.121401, 41.688522 ], [ -96.09409, 41.539265 ], [ -96.040701, 41.507076 ], [ -96.001161, 41.541146 ], [ -96.011757, 41.476212 ], [ -95.920281, 41.451566 ], [ -95.956691, 41.345496 ], [ -95.874689, 41.307097 ], [ -95.90249, 41.273398 ], [ -95.927491, 41.298397 ], [ -95.927491, 41.202198 ], [ -95.841288, 41.174998 ], [ -95.883489, 41.154898 ], [ -95.882415, 41.060411 ], [ -95.809474, 40.891228 ], [ -95.847785, 40.864328 ], [ -95.834156, 40.783016 ], [ -95.885349, 40.721093 ], [ -95.749685, 40.606842 ], [ -95.762857, 40.528371 ], [ -95.708591, 40.521551 ], [ -95.678718, 40.56256 ], [ -95.655848, 40.546609 ], [ -95.699969, 40.505275 ], [ -95.623728, 40.346567 ], [ -95.657328, 40.310856 ], [ -95.562157, 40.297359 ], [ -95.552473, 40.261904 ], [ -95.477501, 40.24272 ], [ -95.479193, 40.185652 ], [ -95.393347, 40.119212 ], [ -95.413588, 40.038424 ], [ -95.30829, 39.999998 ] ] ] } },
{ "type": "Feature", "properties": { "STATE": "NH" }, "geometry": { "type": "MultiPolygon", "coordinates": [ [ [ [ -72.458519, 42.726853 ], [ -72.491122, 42.772465 ], [ -72.516082, 42.765949 ], [ -72.556214, 42.86695 ], [ -72.532186, 42.954945 ], [ -72.443762, 43.006245 ], [ -72.467363, 43.052648 ], [ -72.435316, 43.083536 ], [ -72.438693, 43.252905 ], [ -72.395462, 43.312994 ], [ -72.395949, 43.52388 ], [ -72.37944, 43.574069 ], [ -72.328514, 43.600805 ], [ -72.302867, 43.702718 ], [ -72.184847, 43.804698 ], [ -72.184788, 43.863393 ], [ -72.090357, 43.965409 ], [ -72.114726, 43.968332 ], [ -72.105292, 44.012663 ], [ -72.031898, 44.076241 ], [ -72.065434, 44.277235 ], [ -71.98112, 44.3375 ], [ -71.814351, 44.354541 ], [ -71.793924, 44.399271 ], [ -71.699434, 44.416069 ], [ -71.577643, 44.502692 ], [ -71.596137, 44.560898 ], [ -71.536251, 44.588441 ], [ -71.631883, 44.752463 ], [ -71.495844, 44.90498 ], [ -71.538592, 44.988182 ], [ -71.464555, 45.013637 ], [ -71.502487, 45.013367 ], [ -71.505091, 45.051465 ], [ -71.428828, 45.123881 ], [ -71.39781, 45.203553 ], [ -71.443365, 45.237724 ], [ -71.384917, 45.233351 ], [ -71.284396, 45.302434 ], [ -71.231122, 45.249712 ], [ -71.13943, 45.242958 ], [ -71.084334, 45.305293 ], [ -70.950838, 43.551026 ], [ -70.987649, 43.389521 ], [ -70.967229, 43.343777 ], [ -70.80964, 43.225407 ], [ -70.8268, 43.127086 ], [ -70.703799, 43.059574 ], [ -70.817296, 42.87229 ], [ -70.914899, 42.886589 ], [ -71.031201, 42.859089 ], [ -71.064201, 42.806289 ], [ -71.165603, 42.808689 ], [ -71.181803, 42.73759 ], [ -71.245504, 42.742589 ], [ -71.294205, 42.69699 ], [ -72.458519, 42.726853 ] ] ], [ [ [ -70.627044677734403, 42.968601226806598 ], [ -70.610633850097699, 42.975475311279297 ], [ -70.622337341308608, 42.966819763183601 ], [ -70.627044677734403, 42.968601226806598 ] ] ] ] } },
{ "type": "Feature", "properties": { "STATE": "NJ" }, "geometry": { "type": "Polygon", "coordinates": [ [ [ -74.963463, 38.931194 ], [ -74.887167, 39.158825 ], [ -75.035672, 39.215415 ], [ -75.107286, 39.211403 ], [ -75.139136, 39.180021 ], [ -75.251806, 39.299913 ], [ -75.288898, 39.289557 ], [ -75.465212, 39.43893 ], [ -75.536431, 39.460559 ], [ -75.512732, 39.578 ], [ -75.559446, 39.629812 ], [ -75.459439, 39.765813 ], [ -75.3544, 39.839917 ], [ -75.145421, 39.884213 ], [ -75.12692, 39.961112 ], [ -74.860909, 40.08371 ], [ -74.822307, 40.12671 ], [ -74.722604, 40.15001 ], [ -74.939711, 40.338006 ], [ -74.965508, 40.397337 ], [ -75.058848, 40.418065 ], [ -75.068615, 40.542223 ], [ -75.117292, 40.573211 ], [ -75.192352, 40.574257 ], [ -75.176803, 40.675715 ], [ -75.20392, 40.691498 ], [ -75.196533, 40.751631 ], [ -75.108505, 40.791094 ], [ -75.095784, 40.847082 ], [ -75.051029, 40.865662 ], [ -75.130575, 40.991093 ], [ -74.968389, 41.087797 ], [ -74.982212, 41.108245 ], [ -74.882139, 41.180836 ], [ -74.79504, 41.320407 ], [ -74.694914, 41.357423 ], [ -73.893979, 40.997197 ], [ -74.024543, 40.709436 ], [ -74.094086, 40.649703 ], [ -74.189106, 40.643832 ], [ -74.27269, 40.488405 ], [ -74.207204881924483, 40.435434304020795 ], [ -74.135823440862509, 40.455195932084287 ], [ -73.998505331611298, 40.410911059883396 ], [ -74.014031, 40.476471 ], [ -73.978282, 40.440208 ], [ -73.977442, 40.299373 ], [ -74.096905648265007, 39.763030262684701 ], [ -74.240506, 39.554911 ], [ -74.311037, 39.506715 ], [ -74.334804, 39.432001 ], [ -74.614481, 39.244659 ], [ -74.792723, 38.991991 ], [ -74.864458, 38.94041 ], [ -74.963463, 38.931194 ] ] ] } },
{ "type": "Feature", "properties": { "STATE": "NM" }, "geometry": { "type": "Polygon", "coordinates": [ [ [ -103.064423, 32.000518 ], [ -106.636492, 31.985719 ], [ -106.611846, 31.920003 ], [ -106.645479, 31.89867 ], [ -106.635926, 31.866235 ], [ -106.528543, 31.783907 ], [ -108.208394, 31.783599 ], [ -108.208573, 31.333395 ], [ -109.050044, 31.332502 ], [ -109.045223, 36.999084 ], [ -103.002199, 37.000104 ], [ -103.002434, 36.500397 ], [ -103.041924, 36.500439 ], [ -103.064423, 32.000518 ] ] ] } },
{ "type": "Feature", "properties": { "STATE": "NV" }, "geometry": { "type": "Polygon", "coordinates": [ [ [ -117.000895, 36.847694 ], [ -120.001014, 38.999574 ], [ -119.999168, 41.99454 ], [ -114.041723, 41.99372 ], [ -114.046838, 36.194069 ], [ -114.15413, 36.023862 ], [ -114.252651, 36.020193 ], [ -114.405475, 36.147371 ], [ -114.446605, 36.12597 ], [ -114.511721, 36.150956 ], [ -114.631716, 36.142306 ], [ -114.755618, 36.087166 ], [ -114.731159, 35.943916 ], [ -114.677420381752, 35.874727962934898 ], [ -114.71211, 35.806185 ], [ -114.689407, 35.651412 ], [ -114.653406, 35.610789 ], [ -114.677643, 35.489742 ], [ -114.604314, 35.353584 ], [ -114.569238, 35.18348 ], [ -114.578524, 35.12875 ], [ -114.646759, 35.101872 ], [ -114.602908, 35.068588 ], [ -114.633013, 35.002085 ], [ -117.000895, 36.847694 ] ] ] } },
{ "type": "Feature", "properties": { "STATE": "NY" }, "geometry": { "type": "MultiPolygon", "coordinates": [ [ [ [ -75.359579, 41.999445 ], [ -79.761374, 41.999067 ], [ -79.761951, 42.26986 ], [ -79.453533, 42.411157 ], [ -79.351989145311407, 42.488920276686599 ], [ -79.148723, 42.553672 ], [ -79.04886, 42.689158 ], [ -78.853455, 42.783958 ], [ -78.918859, 42.946857 ], [ -79.019964, 42.994756 ], [ -79.010529926136186, 43.064388620033398 ], [ -79.074467, 43.077855 ], [ -79.042366, 43.143655 ], [ -79.070469, 43.262454 ], [ -78.488857, 43.374763 ], [ -78.104509, 43.375628 ], [ -77.760231, 43.341161 ], [ -77.534184, 43.234569 ], [ -77.391015, 43.276363 ], [ -76.958402, 43.270005 ], [ -76.794708, 43.309632 ], [ -76.417581, 43.521285 ], [ -76.297103, 43.51287 ], [ -76.209853, 43.560136 ], [ -76.213205, 43.753513 ], [ -76.295628095343289, 43.854336150320393 ], [ -76.212450871447999, 43.901080375319403 ], [ -76.202257, 43.864898 ], [ -76.133267, 43.892975 ], [ -76.139069312350188, 43.940778595814891 ], [ -76.064420738346683, 43.985133966283897 ], [ -76.200249253893006, 43.967931491218891 ], [ -76.120694991134698, 44.03129550979709 ], [ -76.168284211251304, 44.032723186400489 ], [ -76.150676199808075, 44.059849041867103 ], [ -76.208735048350391, 44.054614227654199 ], [ -76.207783263948073, 44.071746346896198 ], [ -76.276787633117195, 44.03129550979709 ], [ -76.199693096528293, 44.025584803382998 ], [ -76.280676817494395, 43.959682510336691 ], [ -76.300532185895293, 44.057188193594193 ], [ -76.360306, 44.070907 ], [ -76.366971591033376, 44.100409450831002 ], [ -76.312647, 44.199044 ], [ -76.206777, 44.214543 ], [ -76.164265, 44.239603 ], [ -76.161833, 44.280777 ], [ -75.912985, 44.368084 ], [ -75.82083, 44.432244 ], [ -75.76623, 44.515851 ], [ -75.283136, 44.849156 ], [ -74.992756, 44.977449 ], [ -74.826578, 45.01585 ], [ -74.731301, 44.990422 ], [ -73.343124, 45.01084 ], [ -73.338979, 44.917681 ], [ -73.381359, 44.845021 ], [ -73.333154, 44.788759 ], [ -73.390231, 44.618353 ], [ -73.293613, 44.440559 ], [ -73.334939, 44.364441 ], [ -73.312852, 44.265346 ], [ -73.390583, 44.190886 ], [ -73.43774, 44.045006 ], [ -73.374051, 43.875563 ], [ -73.392492, 43.820779 ], [ -73.350593, 43.771939 ], [ -73.431229, 43.588285 ], [ -73.395767, 43.568087 ], [ -73.371889, 43.624489 ], [ -73.306234, 43.628018 ], [ -73.241589, 43.534973 ], [ -73.290944, 42.80192 ], [ -73.264957, 42.74594 ], [ -73.508142, 42.086257 ], [ -73.489615, 42.000092 ], [ -73.550961, 41.295422 ], [ -73.482709, 41.21276 ], [ -73.727775, 41.100696 ], [ -73.655972, 40.979597 ], [ -73.756776, 40.912599 ], [ -73.784803, 40.878528 ], [ -73.781206232302793, 40.838891357833091 ], [ -73.793785148628103, 40.855582614501799 ], [ -73.81520530787769, 40.831075033732496 ], [ -73.776031636279697, 40.795275042403091 ], [ -73.729575, 40.8665 ], [ -73.675573, 40.856999 ], [ -73.633771, 40.898198 ], [ -73.514999, 40.912821 ], [ -73.485365, 40.946397 ], [ -73.406074, 40.920235 ], [ -73.392862, 40.955297 ], [ -73.229285, 40.905121 ], [ -73.148994, 40.928898 ], [ -73.15957581629668, 40.9684475436732 ], [ -73.118330911885707, 40.978071354702401 ], [ -72.774104, 40.965314 ], [ -72.585327, 40.997587 ], [ -72.278789, 41.158722 ], [ -72.237731, 41.156434 ], [ -72.300374, 41.112274 ], [ -72.32663, 41.132162 ], [ -72.317238, 41.088659 ], [ -72.260515, 41.042065 ], [ -72.153857, 41.051859 ], [ -72.10216, 40.991509 ], [ -71.959595, 41.071237 ], [ -71.856214, 41.070598 ], [ -72.39585, 40.86666 ], [ -73.054963, 40.666371 ], [ -73.575357034632603, 40.573722773631495 ], [ -73.774928, 40.590759 ], [ -73.940591070287383, 40.542895764690805 ], [ -73.935686100801874, 40.564913660332088 ], [ -74.00903, 40.572846 ], [ -74.0424119629985, 40.624847446140492 ], [ -74.013784, 40.756601 ], [ -73.893979, 40.997197 ], [ -74.696398, 41.357339 ], [ -74.738455, 41.430641 ], [ -74.893913, 41.43893 ], [ -74.912517, 41.475605 ], [ -74.983341, 41.480894 ], [ -75.074613, 41.605711 ], [ -75.044224, 41.617978 ], [ -75.053431, 41.752538 ], [ -75.103492, 41.771238 ], [ -75.071751, 41.811901 ], [ -75.115598, 41.844638 ], [ -75.174574, 41.87266 ], [ -75.260527, 41.8638 ], [ -75.279094, 41.938917 ], [ -75.359579, 41.999445 ] ] ], [ [ [ -76.307487487792983, 43.905376434326207 ], [ -76.355949401855497, 43.878566741943395 ], [ -76.301300048828111, 43.917751312255888 ], [ -76.307487487792983, 43.905376434326207 ] ] ], [ [ [ -76.433970539875503, 43.88983485022289 ], [ -76.406471252441392, 43.921188354492195 ], [ -76.377944946289105, 43.921188354492195 ], [ -76.38860321044919, 43.908126831054695 ], [ -76.433970539875503, 43.88983485022289 ] ] ], [ [ [ -76.321296691894489, 44.031208038330099 ], [ -76.336761474609389, 44.034183502197301 ], [ -76.317726135253892, 44.051433563232401 ], [ -76.321296691894489, 44.031208038330099 ] ] ], [ [ [ -76.379592895507798, 44.045486450195298 ], [ -76.34687805175777, 44.0389404296875 ], [ -76.381378173828097, 44.034778594970696 ], [ -76.379592895507798, 44.045486450195298 ] ] ], [ [ [ -74.20058, 40.631448 ], [ -74.075884, 40.648101 ], [ -74.059184, 40.593502 ], [ -74.137241, 40.530076 ], [ -74.250188, 40.496703 ], [ -74.20058, 40.631448 ] ] ], [ [ [ -74.037998130329598, 40.698994961349392 ], [ -74.047313153061012, 40.69046554273509 ], [ -74.040018256134218, 40.700678398432487 ], [ -74.037998130329598, 40.698994961349392 ] ] ], [ [ [ -73.77303847412918, 40.848125347150791 ], [ -73.766333311324502, 40.85731669417919 ], [ -73.766031956545902, 40.844961113945097 ], [ -73.77303847412918, 40.848125347150791 ] ] ], [ [ [ -73.770576, 40.888399 ], [ -73.766976, 40.880099 ], [ -73.775276, 40.882199 ], [ -73.770576, 40.888399 ] ] ], [ [ [ -72.095711, 41.05402 ], [ -72.103152, 41.086484 ], [ -72.141921, 41.094371 ], [ -72.126704, 41.115139 ], [ -72.084207, 41.101524 ], [ -72.095711, 41.05402 ] ] ], [ [ [ -72.162170410156293, 41.192447662353501 ], [ -72.198600769042983, 41.164951324462898 ], [ -72.21147918701169, 41.172969818115192 ], [ -72.188980102539105, 41.189010620117195 ], [ -72.162170410156293, 41.192447662353501 ] ] ], [ [ [ -71.928558151611398, 41.288140720666391 ], [ -72.002461, 41.252867 ], [ -72.036846, 41.249794 ], [ -72.018926, 41.274114 ], [ -71.928558151611398, 41.288140720666391 ] ] ] ] } },
{ "type": "Feature", "properties": { "STATE": "OH" }, "geometry": { "type": "MultiPolygon", "coordinates": [ [ [ [ -83.953546, 38.786172 ], [ -84.071491, 38.770475 ], [ -84.212904, 38.805707 ], [ -84.304698, 39.006455 ], [ -84.42573, 39.053059 ], [ -84.455342, 39.12036 ], [ -84.607928, 39.073238 ], [ -84.744149, 39.147458 ], [ -84.820157, 39.10548 ], [ -84.806082, 41.696089 ], [ -83.453832, 41.732647 ], [ -83.409531, 41.691247 ], [ -83.326825, 41.701562 ], [ -83.23166, 41.644218 ], [ -83.086036, 41.60668 ], [ -82.934369, 41.514353 ], [ -82.875229, 41.529684 ], [ -82.834101, 41.587587 ], [ -82.785496, 41.540675 ], [ -82.717878, 41.54193 ], [ -82.713904, 41.501697 ], [ -82.616952, 41.428425 ], [ -82.481214, 41.381342 ], [ -82.011966, 41.515639 ], [ -81.87736, 41.483445 ], [ -81.738755, 41.48855 ], [ -81.286925, 41.760243 ], [ -80.519425, 41.977523 ], [ -80.518991, 40.638801 ], [ -80.627171, 40.619936 ], [ -80.667957, 40.582496 ], [ -80.595494, 40.475266 ], [ -80.633596, 40.390467 ], [ -80.599895, 40.317669 ], [ -80.738604, 40.075672 ], [ -80.756432, 39.91393 ], [ -80.806018, 39.91713 ], [ -80.790761, 39.86728 ], [ -80.869092, 39.766364 ], [ -80.829764, 39.711839 ], [ -80.88036, 39.620706 ], [ -80.970436, 39.590127 ], [ -81.217315, 39.38759 ], [ -81.375961, 39.341697 ], [ -81.456143, 39.409274 ], [ -81.557547, 39.338774 ], [ -81.570247, 39.267675 ], [ -81.683627, 39.270939 ], [ -81.692395, 39.226443 ], [ -81.755754, 39.180976 ], [ -81.747253, 39.095378 ], [ -81.813855, 39.079278 ], [ -81.764253, 39.015279 ], [ -81.762659, 38.924121 ], [ -81.827354, 38.945898 ], [ -81.898541, 38.874582 ], [ -81.928, 38.893492 ], [ -81.89847, 38.929603 ], [ -81.933186, 38.987659 ], [ -82.035963, 39.025478 ], [ -82.143167, 38.898079 ], [ -82.144867, 38.84048 ], [ -82.221566, 38.787187 ], [ -82.177267, 38.603784 ], [ -82.291271, 38.578983 ], [ -82.34064, 38.440948 ], [ -82.579976, 38.41013 ], [ -82.696621, 38.542112 ], [ -82.844306, 38.590862 ], [ -82.889193, 38.756076 ], [ -83.030702, 38.72572 ], [ -83.142836, 38.625076 ], [ -83.245572, 38.627936 ], [ -83.294193, 38.596588 ], [ -83.356445, 38.654009 ], [ -83.520953, 38.703045 ], [ -83.626922, 38.679387 ], [ -83.659304, 38.628592 ], [ -83.762445, 38.652103 ], [ -83.859028, 38.756793 ], [ -83.953546, 38.786172 ] ] ], [ [ [ -82.685853910541098, 41.614999146758102 ], [ -82.688744, 41.585896 ], [ -82.735766, 41.600982 ], [ -82.718802, 41.619629 ], [ -82.685853910541098, 41.614999146758102 ] ] ], [ [ [ -82.831795031922496, 41.630968518036688 ], [ -82.834092, 41.657121 ], [ -82.793069, 41.664692 ], [ -82.797493, 41.658197 ], [ -82.831795031922496, 41.630968518036688 ] ] ], [ [ [ -82.782719477459906, 41.694003152380198 ], [ -82.805423, 41.67192 ], [ -82.826443, 41.684774 ], [ -82.812805, 41.692002 ], [ -82.782719477459906, 41.694003152380198 ] ] ], [ [ [ -82.820409, 41.724549 ], [ -82.816133, 41.706732 ], [ -82.835577, 41.710823 ], [ -82.820409, 41.724549 ] ] ] ] } },
{ "type": "Feature", "properties": { "STATE": "OK" }, "geometry": { "type": "Polygon", "coordinates": [ [ [ -98.16912, 34.114171 ], [ -98.381238, 34.149454 ], [ -98.414426, 34.085074 ], [ -98.48204, 34.06227 ], [ -98.599789, 34.160571 ], [ -98.757037, 34.124633 ], [ -98.812954, 34.158444 ], [ -98.868116, 34.149635 ], [ -98.987294, 34.221223 ], [ -99.043471, 34.198208 ], [ -99.189511, 34.214312 ], [ -99.213135, 34.340369 ], [ -99.358795, 34.455863 ], [ -99.394956, 34.442099 ], [ -99.40296, 34.373481 ], [ -99.569696, 34.418418 ], [ -99.600026, 34.374688 ], [ -99.665992, 34.374185 ], [ -99.923211, 34.574552 ], [ -100.000381, 34.560509 ], [ -100.000406, 36.499702 ], [ -103.002434, 36.500397 ], [ -103.002199, 37.000104 ], [ -94.61808, 36.998135 ], [ -94.617919, 36.499414 ], [ -94.431215, 35.39429 ], [ -94.491503, 33.625115 ], [ -94.526291174710394, 33.619203298468896 ], [ -94.57962, 33.677623 ], [ -94.707858069676504, 33.686876245991101 ], [ -94.770923763490302, 33.754401129528397 ], [ -94.8693, 33.745871 ], [ -94.968895, 33.860916 ], [ -95.046568, 33.862565 ], [ -95.1247, 33.934675 ], [ -95.226393, 33.961954 ], [ -95.287864786488086, 33.874946343393098 ], [ -95.545197, 33.880294 ], [ -95.559414, 33.930179 ], [ -95.599678, 33.934247 ], [ -95.696962, 33.885218 ], [ -95.756367, 33.892625 ], [ -95.772067, 33.843817 ], [ -95.805149, 33.861304 ], [ -95.837516, 33.83564 ], [ -95.935198, 33.887101 ], [ -96.019598947095702, 33.840565633583296 ], [ -96.14807, 33.837799 ], [ -96.178059, 33.760518 ], [ -96.292482, 33.766419 ], [ -96.348306, 33.686379 ], [ -96.422643, 33.776041 ], [ -96.500268, 33.772583 ], [ -96.526655, 33.820891 ], [ -96.62929, 33.845488 ], [ -96.587934, 33.894784 ], [ -96.667187, 33.91694 ], [ -96.699574, 33.839049 ], [ -96.761588, 33.824406 ], [ -96.794276, 33.868886 ], [ -96.875281, 33.860505 ], [ -96.9163, 33.957798 ], [ -96.973807, 33.935697 ], [ -96.981337, 33.956378 ], [ -96.985567, 33.886522 ], [ -97.092112, 33.804097 ], [ -97.086195, 33.743933 ], [ -97.126102, 33.716941 ], [ -97.205431, 33.801488 ], [ -97.166629, 33.847311 ], [ -97.210921, 33.916064 ], [ -97.255636, 33.863698 ], [ -97.33293952159849, 33.874440259476906 ], [ -97.368744, 33.821471 ], [ -97.426493, 33.819398 ], [ -97.462857, 33.841772 ], [ -97.460376, 33.903948 ], [ -97.587441, 33.902479 ], [ -97.589598, 33.953554 ], [ -97.671772, 33.99137 ], [ -97.877387, 33.850236 ], [ -97.983769, 33.8972 ], [ -97.946473, 33.990732 ], [ -98.088203, 34.005481 ], [ -98.120208, 34.072127 ], [ -98.107065, 34.152531 ], [ -98.16912, 34.114171 ] ] ] } },
{ "type": "Feature", "properties": { "STATE": "OR" }, "geometry": { "type": "Polygon", "coordinates": [ [ [ -117.026222, 42.000252 ], [ -124.211605, 41.99846 ], [ -124.299649, 42.051736 ], [ -124.356229, 42.114952 ], [ -124.433063073697014, 42.323975654856099 ], [ -124.401177, 42.627192 ], [ -124.473864, 42.732671 ], [ -124.513368, 42.735068 ], [ -124.565972670427996, 42.835454067435897 ], [ -124.456918, 43.000315 ], [ -124.38246, 43.270167 ], [ -124.402814, 43.305872 ], [ -124.315012, 43.388389 ], [ -124.233534, 43.55713 ], [ -124.150267, 43.91085 ], [ -124.1152, 44.286486 ], [ -124.067569, 44.428582 ], [ -124.074066, 44.798107 ], [ -123.975425, 45.145476 ], [ -123.964169, 45.317026 ], [ -124.007756, 45.336813 ], [ -123.965728, 45.386242 ], [ -123.939005, 45.661923 ], [ -123.943121, 45.727031 ], [ -123.982578, 45.761815 ], [ -123.962736, 45.869974 ], [ -123.993703, 45.946431 ], [ -123.937471, 45.977306 ], [ -123.92933, 46.041978 ], [ -124.011355, 46.236223 ], [ -123.854800757119008, 46.157341741832688 ], [ -123.864209, 46.189527 ], [ -123.636474, 46.214359 ], [ -123.501245, 46.271004 ], [ -123.447592, 46.249832 ], [ -123.430847, 46.181827 ], [ -123.371433, 46.146372 ], [ -123.115904, 46.185268 ], [ -122.904119, 46.083734 ], [ -122.813998, 45.960984 ], [ -122.76381, 45.657138 ], [ -122.643907, 45.609739 ], [ -122.294901, 45.543541 ], [ -121.983038, 45.622812 ], [ -121.811304, 45.706761 ], [ -121.707358, 45.694809 ], [ -121.533106, 45.726541 ], [ -121.423592, 45.69399 ], [ -121.33777, 45.704949 ], [ -121.215779, 45.671238 ], [ -121.167852, 45.606098 ], [ -121.06437, 45.652549 ], [ -120.895575, 45.642945 ], [ -120.634968, 45.745847 ], [ -120.559465, 45.738348 ], [ -120.482362, 45.694449 ], [ -120.40396, 45.699249 ], [ -120.210754, 45.725951 ], [ -120.170453, 45.761951 ], [ -119.965744, 45.824365 ], [ -119.669877, 45.856867 ], [ -119.600549, 45.919581 ], [ -119.487829, 45.906307 ], [ -119.25715, 45.939926 ], [ -119.12612, 45.932859 ], [ -118.987129, 45.999855 ], [ -116.915989, 45.995413 ], [ -116.782676, 45.825376 ], [ -116.711822, 45.826267 ], [ -116.665344, 45.781998 ], [ -116.546643, 45.750972 ], [ -116.463635, 45.602785 ], [ -116.673793, 45.321511 ], [ -116.729607, 45.142091 ], [ -116.847944, 45.022602 ], [ -116.852427, 44.887577 ], [ -116.9347, 44.783881 ], [ -117.062273, 44.727143 ], [ -117.149242, 44.536151 ], [ -117.225076, 44.482346 ], [ -117.242675, 44.396548 ], [ -117.189769, 44.336585 ], [ -117.222647, 44.297578 ], [ -117.198147, 44.273828 ], [ -117.143394, 44.258262 ], [ -117.104208, 44.27994 ], [ -117.05303, 44.229076 ], [ -116.975905, 44.242844 ], [ -116.971675, 44.197256 ], [ -116.894083, 44.160191 ], [ -116.977351, 44.085364 ], [ -116.934485, 44.021249 ], [ -116.982347, 43.86884 ], [ -117.026870719380995, 43.832478675777992 ], [ -117.026222, 42.000252 ] ] ] } },
{ "type": "Feature", "properties": { "STATE": "PA" }, "geometry": { "type": "Polygon", "coordinates": [ [ [ -80.519342, 39.721403 ], [ -80.519425, 41.977523 ], [ -80.188085, 42.094257 ], [ -80.117368, 42.166341 ], [ -80.077388, 42.171262 ], [ -80.06108, 42.144857 ], [ -79.761951, 42.26986 ], [ -79.761374, 41.999067 ], [ -75.359579, 41.999445 ], [ -75.279094, 41.938917 ], [ -75.260527, 41.8638 ], [ -75.170565, 41.871608 ], [ -75.072172, 41.813732 ], [ -75.10464, 41.774203 ], [ -75.053431, 41.752538 ], [ -75.044224, 41.617978 ], [ -75.074613, 41.605711 ], [ -74.983341, 41.480894 ], [ -74.912517, 41.475605 ], [ -74.893913, 41.43893 ], [ -74.738455, 41.430641 ], [ -74.689516, 41.363843 ], [ -74.79504, 41.320407 ], [ -74.882139, 41.180836 ], [ -74.982212, 41.108245 ], [ -74.968389, 41.087797 ], [ -75.130575, 40.991093 ], [ -75.051029, 40.865662 ], [ -75.095784, 40.847082 ], [ -75.108505, 40.791094 ], [ -75.196533, 40.751631 ], [ -75.20392, 40.691498 ], [ -75.176803, 40.675715 ], [ -75.192352, 40.574257 ], [ -75.117292, 40.573211 ], [ -75.068615, 40.542223 ], [ -75.058848, 40.418065 ], [ -74.965508, 40.397337 ], [ -74.939711, 40.338006 ], [ -74.722604, 40.15001 ], [ -74.822307, 40.12671 ], [ -74.860909, 40.08371 ], [ -75.12692, 39.961112 ], [ -75.145421, 39.884213 ], [ -75.341765, 39.846082 ], [ -75.415041, 39.801786 ], [ -75.498843, 39.833312 ], [ -75.617251, 39.833999 ], [ -75.701208, 39.802606 ], [ -75.788359, 39.721811 ], [ -80.519342, 39.721403 ] ] ] } },
{ "type": "Feature", "properties": { "STATE": "RI" }, "geometry": { "type": "MultiPolygon", "coordinates": [ [ [ [ -71.573785, 41.228436 ], [ -71.547051, 41.153684 ], [ -71.599993, 41.146932 ], [ -71.573785, 41.228436 ] ] ], [ [ [ -71.857432, 41.306318 ], [ -71.842563, 41.409855 ], [ -71.797683, 41.416709 ], [ -71.799242, 42.008065 ], [ -71.381401, 42.018798 ], [ -71.3817, 41.893199 ], [ -71.338698, 41.898399 ], [ -71.340697, 41.7983 ], [ -71.224797675476296, 41.710497663178899 ], [ -71.241550056298905, 41.667205156398992 ], [ -71.259559911316103, 41.642595425066006 ], [ -71.280366316415297, 41.672574556228192 ], [ -71.301396454365403, 41.649978344682694 ], [ -71.291216967324772, 41.702665547854494 ], [ -71.342785538216006, 41.728505762177292 ], [ -71.377910319014404, 41.666645866000678 ], [ -71.449317932128878, 41.687400817871094 ], [ -71.4093017578125, 41.662643432617188 ], [ -71.403770446777301, 41.589321136474595 ], [ -71.447712462599583, 41.580399951832391 ], [ -71.417621467179785, 41.477933997764097 ], [ -71.479866529916094, 41.361124530659197 ], [ -71.555381, 41.373316 ], [ -71.857432, 41.306318 ] ] ], [ [ [ -71.343013097585796, 41.495615395002403 ], [ -71.326769, 41.491286 ], [ -71.327822, 41.482985 ], [ -71.343013097585796, 41.495615395002403 ] ] ], [ [ [ -71.399568, 41.448596 ], [ -71.370193756655496, 41.573962525818999 ], [ -71.354314803880698, 41.478891277726007 ], [ -71.399568, 41.448596 ] ] ], [ [ [ -71.132888, 41.660102 ], [ -71.12057, 41.497448 ], [ -71.196857263535492, 41.461115870240199 ], [ -71.216160450779, 41.625489932143594 ], [ -71.240708576858296, 41.619224887102895 ], [ -71.240710255189299, 41.474871816531291 ], [ -71.285638845196573, 41.487804720552887 ], [ -71.304394, 41.454502 ], [ -71.356033341564597, 41.449332429564791 ], [ -71.316519018250304, 41.477560240464797 ], [ -71.330831291079903, 41.518363960315604 ], [ -71.271862021767802, 41.623985719202302 ], [ -71.195640179116481, 41.6750904939328 ], [ -71.132888, 41.660102 ] ] ], [ [ [ -71.357049020447505, 41.662389399801896 ], [ -71.305549849955398, 41.622523097799302 ], [ -71.326103210449205, 41.578582763671889 ], [ -71.325876937164793, 41.6239881117829 ], [ -71.357049020447505, 41.662389399801896 ] ] ], [ [ [ -71.274315394313405, 41.638125218744896 ], [ -71.286755249048284, 41.64272505874839 ], [ -71.281570948512581, 41.648207463617908 ], [ -71.274315394313405, 41.638125218744896 ] ] ] ] } },
{ "type": "Feature", "properties": { "STATE": "SC" }, "geometry": { "type": "Polygon", "coordinates": [ [ [ -81.763535, 33.203648 ], [ -81.852136, 33.247544 ], [ -81.84729625332028, 33.306783412304704 ], [ -81.939737, 33.344941 ], [ -81.926336, 33.462937 ], [ -82.046335, 33.56383 ], [ -82.186154, 33.62088 ], [ -82.247472, 33.752591 ], [ -82.32448, 33.820033 ], [ -82.556835, 33.945353 ], [ -82.641553, 34.092212 ], [ -82.717507, 34.150504 ], [ -82.746656, 34.266407 ], [ -82.835004, 34.366069 ], [ -82.876864, 34.475303 ], [ -83.034712, 34.483495 ], [ -83.169993975276384, 34.605444342338693 ], [ -83.23178, 34.611297 ], [ -83.338689994050597, 34.682001511547902 ], [ -83.323866, 34.789712 ], [ -83.121111917501693, 34.939129009096398 ], [ -83.108535, 35.000771 ], [ -82.787867, 35.085024 ], [ -82.757704485362183, 35.068018884698589 ], [ -82.683624627647191, 35.125833382628286 ], [ -82.439595, 35.165863 ], [ -82.39293, 35.215402 ], [ -82.371297838954177, 35.181448666497801 ], [ -82.27492, 35.200071 ], [ -81.043625449163983, 35.149877294699799 ], [ -81.041489, 35.044703 ], [ -80.93495, 35.107409 ], [ -80.782042, 34.935782 ], [ -80.797543, 34.819786 ], [ -79.675299, 34.804744 ], [ -78.541087, 33.851112 ], [ -78.714116, 33.800138 ], [ -78.938076, 33.639826 ], [ -79.135441, 33.403867 ], [ -79.18787, 33.173712 ], [ -79.329909, 33.089986 ], [ -79.359961, 33.006672 ], [ -79.55756, 33.021269 ], [ -79.617611, 32.952726 ], [ -79.606194, 32.925953 ], [ -79.572614, 32.933885 ], [ -79.576006, 32.906235 ], [ -79.726389, 32.805996 ], [ -79.866742325331288, 32.757421747829198 ], [ -79.884961, 32.684402 ], [ -79.999374, 32.611851 ], [ -80.121368, 32.590523 ], [ -80.169029770179691, 32.538887022101896 ], [ -80.20523, 32.555547 ], [ -80.332438, 32.478104 ], [ -80.472068, 32.496964 ], [ -80.480156, 32.447048 ], [ -80.429941, 32.401782 ], [ -80.455192, 32.326458 ], [ -80.638856836951774, 32.255618067391701 ], [ -80.649880042682398, 32.306620376618497 ], [ -80.733637070087596, 32.319469466050094 ], [ -80.755052219140097, 32.279970413353382 ], [ -80.669166, 32.216783 ], [ -80.749091, 32.140137 ], [ -80.858735, 32.099581 ], [ -80.905378229973081, 32.051943212006506 ], [ -80.885517, 32.0346 ], [ -81.002297, 32.100048 ], [ -81.050234, 32.085308 ], [ -81.117234, 32.117605 ], [ -81.156587, 32.24391 ], [ -81.122333, 32.305395 ], [ -81.20513, 32.423788 ], [ -81.186829, 32.464086 ], [ -81.281324, 32.556464 ], [ -81.366964, 32.577059 ], [ -81.41866, 32.629392 ], [ -81.393033, 32.651543 ], [ -81.427517, 32.701896 ], [ -81.417984, 32.818196 ], [ -81.502427, 32.935353 ], [ -81.491419, 33.008078 ], [ -81.743835, 33.14145 ], [ -81.763535, 33.203648 ] ] ] } },
{ "type": "Feature", "properties": { "STATE": "SD" }, "geometry": { "type": "Polygon", "coordinates": [ [ [ -98.498549947470181, 42.998559778097501 ], [ -104.053127, 43.000585 ], [ -104.045443, 45.94531 ], [ -96.56328, 45.935238 ], [ -96.583085, 45.820024 ], [ -96.662595, 45.738682 ], [ -96.835769, 45.649648 ], [ -96.857751, 45.605962 ], [ -96.692541, 45.417338 ], [ -96.521787, 45.375645 ], [ -96.453067, 45.298115 ], [ -96.453049, 43.500415 ], [ -96.598928, 43.500457 ], [ -96.60286, 43.450907 ], [ -96.521572, 43.38564 ], [ -96.530392, 43.300034 ], [ -96.581051908334203, 43.297118190502189 ], [ -96.568505, 43.231554 ], [ -96.476697, 43.222014 ], [ -96.436589, 43.120842 ], [ -96.46085, 43.064033 ], [ -96.518431421900274, 43.042067521037097 ], [ -96.49167, 43.009707 ], [ -96.541689, 42.922576 ], [ -96.526357247542293, 42.891852203673999 ], [ -96.639704, 42.737071 ], [ -96.516338, 42.630435 ], [ -96.529894, 42.610432 ], [ -96.476952, 42.556079 ], [ -96.49297, 42.517282 ], [ -96.443408, 42.489495 ], [ -96.501321, 42.482749 ], [ -96.548791, 42.520547 ], [ -96.611489, 42.506088 ], [ -96.7093, 42.603753 ], [ -96.691269, 42.6562 ], [ -96.793238, 42.666024 ], [ -96.806223, 42.704154 ], [ -96.906797, 42.7338 ], [ -96.961576, 42.719841 ], [ -96.97912, 42.76009 ], [ -97.131331, 42.771929 ], [ -97.237868, 42.853139 ], [ -97.408315, 42.868334 ], [ -97.442279, 42.846224 ], [ -97.686506, 42.842435 ], [ -97.84527, 42.867734 ], [ -97.936716, 42.775754 ], [ -98.035034, 42.764205 ], [ -98.146933, 42.839823 ], [ -98.444145, 42.929242 ], [ -98.498549947470181, 42.998559778097501 ] ] ] } },
{ "type": "Feature", "properties": { "STATE": "TN" }, "geometry": { "type": "Polygon", "coordinates": [ [ [ -84.321869, 34.988408 ], [ -90.309297, 34.995694 ], [ -90.291996, 35.041793 ], [ -90.200124, 35.032813 ], [ -90.160058, 35.12883 ], [ -90.065392, 35.137691 ], [ -90.117393, 35.18789 ], [ -90.078750435985285, 35.227805886033394 ], [ -90.168794, 35.279088 ], [ -90.109093, 35.304987 ], [ -90.074992, 35.384152 ], [ -90.130475, 35.413745 ], [ -90.13551, 35.376668 ], [ -90.179265, 35.385194 ], [ -90.098719, 35.478595 ], [ -90.067798, 35.466224 ], [ -90.069283219933808, 35.408305667708206 ], [ -90.054585393761798, 35.389603879895304 ], [ -90.041563, 35.39662 ], [ -90.032938, 35.55344 ], [ -89.909022, 35.520548 ], [ -89.956749, 35.590511 ], [ -89.851176, 35.657432 ], [ -89.931036, 35.660044 ], [ -89.956254, 35.733386 ], [ -89.821216, 35.756716 ], [ -89.781793, 35.805084 ], [ -89.706085, 35.81826 ], [ -89.772467, 35.865098 ], [ -89.741241064600089, 35.906748773190508 ], [ -89.64727, 35.89492 ], [ -89.733095, 36.000608 ], [ -89.592206, 36.15012 ], [ -89.705328, 36.239898 ], [ -89.534745, 36.252576 ], [ -89.620255, 36.323006 ], [ -89.513178, 36.359897 ], [ -89.5391, 36.498201 ], [ -89.485106, 36.497692 ], [ -89.471718, 36.457001 ], [ -89.417293, 36.499033 ], [ -89.300284, 36.507147 ], [ -88.053205, 36.497129 ], [ -88.032489, 36.540662 ], [ -88.070532, 36.678118 ], [ -87.849567, 36.663701 ], [ -87.853204, 36.633247 ], [ -86.589906, 36.652486 ], [ -86.564143, 36.633472 ], [ -86.507771, 36.652445 ], [ -83.690714, 36.582581 ], [ -81.6469, 36.611918 ], [ -81.707963, 36.536209 ], [ -81.695311, 36.467912 ], [ -81.739648155234107, 36.406686434348295 ], [ -81.707438, 36.335171 ], [ -81.800812, 36.358073 ], [ -81.908137, 36.302013 ], [ -82.033141, 36.120422 ], [ -82.127146, 36.104417 ], [ -82.147948, 36.149516 ], [ -82.213852, 36.159112 ], [ -82.355157, 36.115609 ], [ -82.557874, 35.953901 ], [ -82.610889, 35.967409 ], [ -82.594872827641495, 36.0295978253328 ], [ -82.637165, 36.065805 ], [ -82.776001, 36.000103 ], [ -82.804997, 35.927168 ], [ -82.898505, 35.945101 ], [ -82.899717591340007, 35.874601623194401 ], [ -82.992053, 35.773948 ], [ -83.07403, 35.790016 ], [ -83.159208, 35.764892 ], [ -83.185685, 35.72989 ], [ -83.251247, 35.719916 ], [ -83.297154, 35.65775 ], [ -83.35156, 35.659858 ], [ -83.498335, 35.562981 ], [ -83.771736, 35.562118 ], [ -83.880074, 35.518745 ], [ -84.020632879454794, 35.409843031845696 ], [ -84.02141, 35.301383 ], [ -84.052612, 35.269982 ], [ -84.188417, 35.239979 ], [ -84.223718, 35.269078 ], [ -84.29024, 35.225572 ], [ -84.321869, 34.988408 ] ] ] } },
{ "type": "Feature", "properties": { "STATE": "TX" }, "geometry": { "type": "MultiPolygon", "coordinates": [ [ [ [ -102.315389, 29.87992 ], [ -102.392906191083014, 29.765568609270495 ], [ -102.508312776665989, 29.783219030534791 ], [ -102.539417050278004, 29.751628749336799 ], [ -102.677191937153012, 29.738261067251401 ], [ -102.808692, 29.522319 ], [ -102.843020777220985, 29.357987843988997 ], [ -102.883722, 29.348059 ], [ -102.906296, 29.260011 ], [ -102.866846, 29.225015 ], [ -102.994653, 29.17962 ], [ -103.100266, 29.0577 ], [ -103.115328, 28.98527 ], [ -103.156646, 28.972831 ], [ -103.281189929980997, 28.982137982403096 ], [ -103.334818511373001, 29.039800579109702 ], [ -103.361998, 29.018914 ], [ -103.427754276336003, 29.042333676218099 ], [ -103.558679, 29.154962 ], [ -103.71377, 29.185008 ], [ -103.816641821687995, 29.270927191560801 ], [ -104.038282, 29.320156 ], [ -104.166563, 29.399352 ], [ -104.235847, 29.496744 ], [ -104.381041, 29.543406 ], [ -104.539761023555016, 29.676073741438401 ], [ -104.565688, 29.770462 ], [ -104.679772, 29.924659 ], [ -104.713166, 30.237957 ], [ -104.859521, 30.390413 ], [ -104.899001, 30.5704 ], [ -104.972071, 30.61026 ], [ -105.006801, 30.686039 ], [ -105.062334, 30.686303 ], [ -105.195144, 30.792138 ], [ -105.394242074789005, 30.852979003795884 ], [ -105.399609, 30.888941 ], [ -105.557430349577984, 30.990228688380991 ], [ -105.60333, 31.082625 ], [ -105.773257, 31.166897 ], [ -105.953943, 31.364749 ], [ -106.205827, 31.465976 ], [ -106.381039, 31.73211 ], [ -106.451541, 31.764808 ], [ -106.489542, 31.748408 ], [ -106.602727, 31.825024 ], [ -106.645646, 31.895649 ], [ -106.611846, 31.920003 ], [ -106.639529, 31.980348 ], [ -106.618486, 32.000495 ], [ -103.064423, 32.000518 ], [ -103.041924, 36.500439 ], [ -100.000406, 36.499702 ], [ -100.000381, 34.560509 ], [ -99.923211, 34.574552 ], [ -99.696462, 34.381036 ], [ -99.600026, 34.374688 ], [ -99.569696, 34.418418 ], [ -99.40296, 34.373481 ], [ -99.394956, 34.442099 ], [ -99.358795, 34.455863 ], [ -99.213135, 34.340369 ], [ -99.189511, 34.214312 ], [ -99.043471, 34.198208 ], [ -98.987294, 34.221223 ], [ -98.868116, 34.149635 ], [ -98.812954, 34.158444 ], [ -98.757037, 34.124633 ], [ -98.599789, 34.160571 ], [ -98.486328, 34.062598 ], [ -98.414426, 34.085074 ], [ -98.364023, 34.157109 ], [ -98.16912, 34.114171 ], [ -98.109462, 34.154111 ], [ -98.088203, 34.005481 ], [ -97.94573, 33.989839 ], [ -97.967777, 33.88243 ], [ -97.834333, 33.857671 ], [ -97.671772, 33.99137 ], [ -97.589598, 33.953554 ], [ -97.587441, 33.902479 ], [ -97.460376, 33.903948 ], [ -97.462857, 33.841772 ], [ -97.426493, 33.819398 ], [ -97.368744, 33.821471 ], [ -97.33293952159849, 33.874440259476906 ], [ -97.255636, 33.863698 ], [ -97.210921, 33.916064 ], [ -97.166629, 33.847311 ], [ -97.205431, 33.801488 ], [ -97.126102, 33.716941 ], [ -97.086195, 33.743933 ], [ -97.092112, 33.804097 ], [ -96.985567, 33.886522 ], [ -96.981337, 33.956378 ], [ -96.973807, 33.935697 ], [ -96.9163, 33.957798 ], [ -96.875281, 33.860505 ], [ -96.794276, 33.868886 ], [ -96.761588, 33.824406 ], [ -96.699574, 33.839049 ], [ -96.667187, 33.91694 ], [ -96.587934, 33.894784 ], [ -96.62929, 33.845488 ], [ -96.526655, 33.820891 ], [ -96.500268, 33.772583 ], [ -96.422643, 33.776041 ], [ -96.348306, 33.686379 ], [ -96.292482, 33.766419 ], [ -96.178059, 33.760518 ], [ -96.14807, 33.837799 ], [ -96.019598947095702, 33.840565633583296 ], [ -95.935198, 33.887101 ], [ -95.837516, 33.83564 ], [ -95.805149, 33.861304 ], [ -95.772067, 33.843817 ], [ -95.756367, 33.892625 ], [ -95.696962, 33.885218 ], [ -95.599678, 33.934247 ], [ -95.559414, 33.930179 ], [ -95.545197, 33.880294 ], [ -95.287864786488086, 33.874946343393098 ], [ -95.226393, 33.961954 ], [ -95.1247, 33.934675 ], [ -95.046568, 33.862565 ], [ -94.968895, 33.860916 ], [ -94.8693, 33.745871 ], [ -94.768057130944001, 33.753445597690991 ], [ -94.732383613155903, 33.700253815161595 ], [ -94.57962, 33.677623 ], [ -94.520724886973994, 33.616566638247299 ], [ -94.448637, 33.642766 ], [ -94.471974, 33.602665 ], [ -94.412175, 33.568691 ], [ -94.382887, 33.583268 ], [ -94.386086, 33.544923 ], [ -94.344023, 33.567824 ], [ -94.309582, 33.551673 ], [ -94.287025, 33.58241 ], [ -94.275601, 33.557964 ], [ -94.242777, 33.589709 ], [ -94.250197, 33.556765 ], [ -94.196395, 33.555123 ], [ -94.217198, 33.580737 ], [ -94.183913, 33.594682 ], [ -94.128658, 33.550952 ], [ -94.082641, 33.575492 ], [ -94.04345, 33.552253 ], [ -94.041833, 31.992402 ], [ -93.904766388218277, 31.890598549301195 ], [ -93.822598, 31.773559 ], [ -93.802451615781209, 31.693186330065107 ], [ -93.834924, 31.586211 ], [ -93.798087, 31.534044 ], [ -93.726736285639106, 31.511599931372597 ], [ -93.749476, 31.46869 ], [ -93.671644, 31.393352 ], [ -93.68688, 31.305166 ], [ -93.620343, 31.271025 ], [ -93.600308, 31.176158 ], [ -93.533307, 31.184463 ], [ -93.551034091405285, 31.091111287020002 ], [ -93.516407263768286, 31.0295504333602 ], [ -93.571905755076088, 30.987614282198397 ], [ -93.526245, 30.939411 ], [ -93.567787752332592, 30.888301832311893 ], [ -93.561666, 30.807739 ], [ -93.740253, 30.539569 ], [ -93.6978, 30.440583 ], [ -93.757654, 30.390423 ], [ -93.765822, 30.333318 ], [ -93.706607851977495, 30.2811873324126 ], [ -93.720946, 30.209852 ], [ -93.688212, 30.141376 ], [ -93.734085, 30.08613 ], [ -93.699396, 30.05925 ], [ -93.927992, 29.80964 ], [ -93.837971, 29.690619 ], [ -94.132577, 29.646217 ], [ -94.594853, 29.467903 ], [ -94.778691, 29.361483 ], [ -94.681541, 29.471389 ], [ -94.479899074651271, 29.549611878040999 ], [ -94.553988, 29.573882 ], [ -94.780938, 29.531093 ], [ -94.693154, 29.694453 ], [ -94.735271, 29.785433 ], [ -94.816085, 29.75671 ], [ -94.893107, 29.661336 ], [ -94.965963, 29.70033 ], [ -94.9413360502069, 29.613797838673197 ], [ -94.980112575244291, 29.679067415158496 ], [ -95.015636, 29.639457 ], [ -94.982706, 29.601344 ], [ -95.015165, 29.539989 ], [ -94.909465, 29.496838 ], [ -94.930861, 29.450504 ], [ -94.863789766545011, 29.368525445126402 ], [ -94.903985192237712, 29.295357171977404 ], [ -94.932538724307605, 29.2820321903449 ], [ -94.935394077514601, 29.314868752225294 ], [ -95.030096625546705, 29.213027821175796 ], [ -95.099100994715698, 29.173528768478896 ], [ -95.148593783636997, 29.192564456525499 ], [ -95.165250010677795, 29.113566351131894 ], [ -95.128251008104073, 29.084657287705799 ], [ -94.824952733476877, 29.306005385961903 ], [ -94.810696, 29.353435 ], [ -94.72253, 29.331446 ], [ -95.081773, 29.111222 ], [ -95.38239, 28.866348 ], [ -96.220376184174285, 28.491966 ], [ -96.3797016440205, 28.386881210752705 ], [ -96.215050009391987, 28.509679222336796 ], [ -95.986159544454708, 28.606318575585906 ], [ -95.978525892248015, 28.650593590730988 ], [ -96.228908787187081, 28.580873158631704 ], [ -96.191249590805086, 28.694359708878299 ], [ -96.222801895007677, 28.698430983480492 ], [ -96.487943088880598, 28.569677192923397 ], [ -96.49964797624159, 28.635835272073201 ], [ -96.572648813571888, 28.636412275117401 ], [ -96.584126761515478, 28.722858581784102 ], [ -96.648758110223881, 28.709626963981702 ], [ -96.611098903980007, 28.585962261746499 ], [ -96.526111211846313, 28.557972305562398 ], [ -96.403973200604483, 28.442450108152794 ], [ -96.672676831253597, 28.335579347083492 ], [ -96.705246949175688, 28.3488109648858 ], [ -96.710336037497484, 28.406826524416996 ], [ -96.840880526381184, 28.428054458082201 ], [ -96.79455464555349, 28.365682819423505 ], [ -96.800412817953017, 28.224128419345107 ], [ -96.962754569737669, 28.123364584972094 ], [ -96.928964796150098, 28.193507215193002 ], [ -96.942051831682093, 28.248234818327095 ], [ -96.971200229003415, 28.132830959544297 ], [ -97.027013863562203, 28.148408303372104 ], [ -97.037007599786691, 28.185527895063 ], [ -97.214039498620494, 28.087494101622703 ], [ -97.137896746433981, 28.0303870374828 ], [ -97.053187934626393, 28.121758340106801 ], [ -97.022805746846075, 28.107588427939795 ], [ -97.025859197866794, 28.041939250718901 ], [ -97.129167576400675, 27.919801229615199 ], [ -97.187183135931889, 27.824126483563994 ], [ -97.225175600069392, 27.825723150734103 ], [ -97.250796680782699, 27.876035121329799 ], [ -97.273697558506882, 27.881633106649495 ], [ -97.354613966176402, 27.849571885725098 ], [ -97.345073039544488, 27.875908657439698 ], [ -97.480226424675692, 27.855921184990603 ], [ -97.470708580652385, 27.830223006127696 ], [ -97.379041564479891, 27.837867018088101 ], [ -97.368354500700477, 27.741683335591201 ], [ -97.253955150197797, 27.696695845323795 ], [ -97.401942402756276, 27.335574497768601 ], [ -97.508304242172883, 27.275014394076596 ], [ -97.544436737699371, 27.284174747138593 ], [ -97.49812608525319, 27.3086023454422 ], [ -97.493491919783082, 27.377946955444603 ], [ -97.609068086407774, 27.285192570720191 ], [ -97.699315296787404, 27.3690239766728 ], [ -97.628915513111295, 27.242953173152198 ], [ -97.520009129533889, 27.231248285791196 ], [ -97.424079880742994, 27.264072891660096 ], [ -97.447856186602507, 27.092602099946799 ], [ -97.452324285425874, 27.115217201245695 ], [ -97.495835955074284, 27.094097507392689 ], [ -97.478533072531704, 26.999186101907295 ], [ -97.555378215460891, 26.990280207206091 ], [ -97.563266286580586, 26.8421878869434 ], [ -97.471662790476685, 26.758726925250997 ], [ -97.416955130465084, 26.553636864107695 ], [ -97.441382709044788, 26.455417541844199 ], [ -97.369626639644395, 26.394602999515197 ], [ -97.391000786927293, 26.332261729210295 ], [ -97.330440693097202, 26.350582427938001 ], [ -97.354359379609988, 26.313941040344599 ], [ -97.343926764329396, 26.267375924606494 ], [ -97.311865543405077, 26.2737372800778 ], [ -97.295071554162092, 26.108342057548501 ], [ -97.199651252911579, 26.077044196913892 ], [ -97.21695412559221, 25.993837693582396 ], [ -97.167208324722012, 26.007069313850188 ], [ -97.182730028324386, 26.053125515948395 ], [ -97.152009, 26.062108 ], [ -97.147785, 25.953132 ], [ -97.350398, 25.925241 ], [ -97.372864, 25.840117 ], [ -97.521762, 25.886458 ], [ -97.649175518723879, 26.021499311673498 ], [ -97.88653, 26.066339 ], [ -98.197046, 26.056153 ], [ -98.450975699346984, 26.219903961344297 ], [ -98.599154, 26.257612 ], [ -98.669397, 26.23632 ], [ -98.807348, 26.369421 ], [ -98.8909649191922, 26.357568829017502 ], [ -99.032316, 26.412082 ], [ -99.085126, 26.398782 ], [ -99.105031, 26.500335 ], [ -99.170704, 26.540316 ], [ -99.268613, 26.843213 ], [ -99.446524, 27.023008 ], [ -99.441549, 27.24992 ], [ -99.537771, 27.316073 ], [ -99.504837, 27.338289 ], [ -99.480419, 27.481596 ], [ -99.52832, 27.498896 ], [ -99.512219, 27.568094 ], [ -99.596231, 27.639858 ], [ -99.711511, 27.658365 ], [ -99.813086, 27.773952 ], [ -99.841708, 27.766464 ], [ -99.931812, 27.980967 ], [ -99.991447, 27.99456 ], [ -100.083393, 28.144035 ], [ -100.208059, 28.190383 ], [ -100.293468, 28.278475 ], [ -100.368288, 28.477196 ], [ -100.333814, 28.499252 ], [ -100.38886, 28.515748 ], [ -100.398385, 28.584884 ], [ -100.500354, 28.66196 ], [ -100.53583, 28.805888 ], [ -100.640568, 28.914212 ], [ -100.674656, 29.099777 ], [ -100.772649, 29.168492 ], [ -100.797671, 29.246943 ], [ -101.010614, 29.368669 ], [ -101.060151, 29.458661 ], [ -101.254895, 29.520342 ], [ -101.251352546644, 29.604174135250105 ], [ -101.307331548012996, 29.587846934050805 ], [ -101.316661381575003, 29.655488204771697 ], [ -101.361755552011005, 29.657820655628797 ], [ -101.415402087456002, 29.756561346443689 ], [ -101.467493655664001, 29.779885945414097 ], [ -101.522695143280018, 29.759671311053005 ], [ -101.546797210803007, 29.796990645299097 ], [ -101.646418, 29.754304 ], [ -101.852603555202009, 29.801894932400799 ], [ -102.073646, 29.786926 ], [ -102.315389, 29.87992 ] ] ], [ [ [ -97.243166933615896, 26.434263367616101 ], [ -97.387459455673493, 26.820789208983197 ], [ -97.38667384137959, 27.204696313412491 ], [ -97.317277255753083, 27.463689574751697 ], [ -97.239783546685288, 27.634651678348494 ], [ -97.214098935780797, 27.631550728615395 ], [ -97.103326269871388, 27.789067861139596 ], [ -97.092589446459868, 27.819183356540901 ], [ -97.134489267913708, 27.825206463740802 ], [ -97.056712719518885, 27.842293721800193 ], [ -96.879424092633684, 28.131402425890006 ], [ -96.827049318353701, 28.112416571196796 ], [ -96.816443421354094, 28.174808025412595 ], [ -96.703837643584578, 28.19824572953809 ], [ -96.592934048725994, 28.296972182316402 ], [ -96.434107525610102, 28.344764159184393 ], [ -96.398931789490874, 28.387753196715199 ], [ -96.415248329946692, 28.336511181775084 ], [ -96.694666, 28.18212 ], [ -96.966996, 27.950531 ], [ -97.166682, 27.676583 ], [ -97.30447, 27.407734 ], [ -97.370941, 27.161166 ], [ -97.370731, 26.909706 ], [ -97.194644, 26.306513 ], [ -97.154270970414501, 26.066840900880397 ], [ -97.243166933615896, 26.434263367616101 ] ] ], [ [ [ -97.473075866699176, 26.9702968597412 ], [ -97.466415405273395, 26.997900009155295 ], [ -97.454040527343793, 27.00075531005859 ], [ -97.452140808105497, 26.989809036254901 ], [ -97.473075866699176, 26.9702968597412 ] ] ], [ [ [ -97.45975494384767, 27.037874221801797 ], [ -97.466415405273395, 27.010747909545891 ], [ -97.468795776367188, 27.040254592895501 ], [ -97.45975494384767, 27.037874221801797 ] ] ], [ [ [ -97.463081359863295, 27.043109893798793 ], [ -97.475456237793011, 27.045488357543896 ], [ -97.472129821777301, 27.069759368896495 ], [ -97.463081359863295, 27.043109893798793 ] ] ], [ [ [ -97.450233459472685, 27.061193466186499 ], [ -97.453567504882798, 27.084512710571303 ], [ -97.45166015625, 27.085464477539094 ], [ -97.450233459472685, 27.061193466186499 ] ] ], [ [ [ -97.22808074951169, 27.673891067504893 ], [ -97.215538024902287, 27.682826995849588 ], [ -97.231521606445298, 27.640893936157202 ], [ -97.22808074951169, 27.673891067504893 ] ] ], [ [ [ -97.142799377441392, 27.815679550170898 ], [ -97.227691650390597, 27.808763504028299 ], [ -97.142387390136705, 27.821758270263697 ], [ -97.142799377441392, 27.815679550170898 ] ] ], [ [ [ -97.238594055175781, 27.828674316406289 ], [ -97.257247924804673, 27.864307403564503 ], [ -97.268981933593793, 27.873949050903299 ], [ -97.252212524414105, 27.871223449706996 ], [ -97.238594055175781, 27.828674316406289 ] ] ], [ [ [ -97.130144715296908, 27.897522012218698 ], [ -97.117778547277993, 27.882668075239987 ], [ -97.134685138665887, 27.895769669556401 ], [ -97.130144715296908, 27.897522012218698 ] ] ], [ [ [ -97.099533081054688, 27.839664459228498 ], [ -97.061462402343793, 27.890823364257798 ], [ -97.067413330078082, 27.914617538452099 ], [ -97.054328918456989, 27.902719497680692 ], [ -97.055984497070298, 27.861799240112301 ], [ -97.099533081054688, 27.839664459228498 ] ] ] ] } },
{ "type": "Feature", "properties": { "STATE": "UT" }, "geometry": { "type": "Polygon", "coordinates": [ [ [ -109.045223, 36.999084 ], [ -114.0506, 37.000396 ], [ -114.041723, 41.99372 ], [ -111.046689, 42.001567 ], [ -111.046723, 40.997959 ], [ -109.050076, 41.000659 ], [ -109.045223, 36.999084 ] ] ] } },
{ "type": "Feature", "properties": { "STATE": "VA" }, "geometry": { "type": "MultiPolygon", "coordinates": [ [ [ [ -81.6469, 36.611918 ], [ -83.675413, 36.600814 ], [ -83.529612, 36.666184 ], [ -83.423707, 36.667385 ], [ -83.136395, 36.743088 ], [ -83.07259, 36.854589 ], [ -83.009222, 36.847295 ], [ -82.878569, 36.889585 ], [ -82.867535, 36.977518 ], [ -82.722472, 37.045101 ], [ -82.722097, 37.120168 ], [ -82.350948, 37.267077 ], [ -81.968297, 37.537798 ], [ -81.926736, 37.51304 ], [ -81.995649, 37.469833 ], [ -81.935621, 37.438397 ], [ -81.925643, 37.357316 ], [ -81.849949, 37.285227 ], [ -81.757631, 37.274003 ], [ -81.67821, 37.201483 ], [ -81.5536, 37.208443 ], [ -81.498874, 37.258025 ], [ -81.416663, 37.273214 ], [ -81.362156, 37.337687 ], [ -81.225104, 37.234874 ], [ -81.09482, 37.28264 ], [ -80.947896, 37.295872 ], [ -80.849451, 37.346909 ], [ -80.883248, 37.383933 ], [ -80.859556, 37.429568 ], [ -80.770082, 37.372363 ], [ -80.552036, 37.473563 ], [ -80.511391, 37.481672 ], [ -80.475601, 37.422949 ], [ -80.309331, 37.50288 ], [ -80.282385, 37.533517 ], [ -80.330306, 37.536244 ], [ -80.328504, 37.564315 ], [ -80.220984, 37.627767 ], [ -80.296138, 37.691783 ], [ -80.257411, 37.756084 ], [ -80.162202, 37.875122 ], [ -79.999384, 37.995842 ], [ -79.92633, 38.107151 ], [ -79.91441, 38.188418 ], [ -79.788945, 38.268703 ], [ -79.810154, 38.306707 ], [ -79.725597, 38.363828 ], [ -79.649075, 38.591515 ], [ -79.53687, 38.550917 ], [ -79.476638, 38.457228 ], [ -79.282971, 38.418095 ], [ -79.129757, 38.655017 ], [ -79.092955, 38.659517 ], [ -79.054954, 38.785713 ], [ -78.998171, 38.847353 ], [ -78.869276, 38.762991 ], [ -78.786025, 38.887187 ], [ -78.717076, 38.936028 ], [ -78.718647, 38.904561 ], [ -78.680456, 38.925313 ], [ -78.625672, 38.982575 ], [ -78.601655, 38.964603 ], [ -78.550467, 39.018065 ], [ -78.571901, 39.031995 ], [ -78.403697, 39.167451 ], [ -78.438651, 39.198049 ], [ -78.339284, 39.348605 ], [ -78.366867, 39.35929 ], [ -78.347087, 39.466012 ], [ -77.828157, 39.132329 ], [ -77.730047, 39.315666 ], [ -77.566596, 39.306121 ], [ -77.45768, 39.22502 ], [ -77.516426, 39.170891 ], [ -77.519929, 39.120925 ], [ -77.458202, 39.073723 ], [ -77.248403, 39.026909 ], [ -77.249803, 38.985909 ], [ -77.146601, 38.96421 ], [ -77.040599, 38.871212 ], [ -77.042298, 38.718515 ], [ -77.122001, 38.685816 ], [ -77.1302, 38.635017 ], [ -77.202002, 38.617217 ], [ -77.246704, 38.635217 ], [ -77.322622, 38.467131 ], [ -77.317288, 38.383576 ], [ -77.240072, 38.331598 ], [ -77.043526, 38.400548 ], [ -77.011827, 38.374554 ], [ -77.030683, 38.311623 ], [ -76.96215, 38.256486 ], [ -76.962311, 38.214075 ], [ -76.721722, 38.137635 ], [ -76.613939, 38.148587 ], [ -76.516547, 38.026566 ], [ -76.236725, 37.889174 ], [ -76.251358, 37.833072 ], [ -76.307482, 37.81235 ], [ -76.300067, 37.695364 ], [ -76.339892, 37.655966 ], [ -76.28037, 37.613715 ], [ -76.36232, 37.610368 ], [ -76.472392, 37.665772 ], [ -76.510187, 37.642324 ], [ -76.584289, 37.76889 ], [ -76.701606, 37.822677 ], [ -76.747552, 37.875864 ], [ -76.784618, 37.869569 ], [ -76.723863, 37.788503 ], [ -76.61971, 37.744795 ], [ -76.542666, 37.616857 ], [ -76.435474, 37.612807 ], [ -76.410781, 37.581815 ], [ -76.300144, 37.561734 ], [ -76.360474, 37.51924 ], [ -76.32947, 37.49492 ], [ -76.293599, 37.516499 ], [ -76.265056, 37.481365 ], [ -76.245283, 37.386839 ], [ -76.275552, 37.309964 ], [ -76.415167, 37.402133 ], [ -76.407496576300389, 37.369835704914294 ], [ -76.445333, 37.36646 ], [ -76.349489, 37.273963 ], [ -76.50364, 37.233856 ], [ -76.389793, 37.222981 ], [ -76.399659, 37.160272 ], [ -76.348658, 37.170655 ], [ -76.292344, 37.126615 ], [ -76.271262, 37.084544 ], [ -76.304272, 37.001378 ], [ -76.340666, 37.015246 ], [ -76.428869, 36.969947 ], [ -76.526203, 37.077773 ], [ -76.618252, 37.119347 ], [ -76.604476, 37.160034 ], [ -76.649869, 37.220914 ], [ -76.75047, 37.190098 ], [ -76.799079323896891, 37.233294389190192 ], [ -76.884264027905601, 37.251854185035803 ], [ -76.923763080602384, 37.216162269948299 ], [ -76.801023, 37.206043 ], [ -76.73032, 37.145395 ], [ -76.685614, 37.198851 ], [ -76.662558, 37.045748 ], [ -76.500355, 36.965212 ], [ -76.469914, 36.882898 ], [ -76.387567, 36.899547 ], [ -76.385867, 36.923247 ], [ -76.328864, 36.918447 ], [ -76.297663, 36.968147 ], [ -76.095508, 36.908817 ], [ -75.996252, 36.922047 ], [ -75.867044, 36.550754 ], [ -80.122183, 36.542646 ], [ -81.677535, 36.588117 ], [ -81.6469, 36.611918 ] ] ], [ [ [ -75.758240719653799, 37.312818749990797 ], [ -75.798448, 37.296285 ], [ -75.800755, 37.197297 ], [ -75.897298, 37.118037 ], [ -75.962596, 37.117535 ], [ -75.93979014802909, 37.089449339663197 ], [ -75.975535731851778, 37.085668556758797 ], [ -76.018645, 37.31782 ], [ -75.924756, 37.600215 ], [ -75.803041, 37.762464 ], [ -75.818125, 37.791698 ], [ -75.743097, 37.806656 ], [ -75.689837, 37.861817 ], [ -75.709626, 37.900622 ], [ -75.757694, 37.903912 ], [ -75.647606, 37.947027 ], [ -75.624341, 37.994211 ], [ -75.242266, 38.027209 ], [ -75.359036, 37.864143 ], [ -75.437868, 37.872324 ], [ -75.514921, 37.799149 ], [ -75.610808, 37.605909 ], [ -75.594044, 37.569698 ], [ -75.758240719653799, 37.312818749990797 ] ] ], [ [ [ -75.992490176676597, 37.808554 ], [ -76.001116, 37.834947 ], [ -75.996859, 37.85042 ], [ -75.971705, 37.830928 ], [ -75.992490176676597, 37.808554 ] ] ], [ [ [ -75.993905, 37.953489 ], [ -76.017592, 37.935161 ], [ -76.032491, 37.915008 ], [ -76.04653, 37.953586 ], [ -75.993905, 37.953489 ] ] ] ] } },
{ "type": "Feature", "properties": { "STATE": "VT" }, "geometry": { "type": "Polygon", "coordinates": [ [ [ -72.532186, 42.954945 ], [ -72.542784, 42.808482 ], [ -72.458519, 42.726853 ], [ -73.276421, 42.746019 ], [ -73.241589, 43.534973 ], [ -73.306234, 43.628018 ], [ -73.371889, 43.624489 ], [ -73.395767, 43.568087 ], [ -73.431229, 43.588285 ], [ -73.350593, 43.771939 ], [ -73.392492, 43.820779 ], [ -73.374051, 43.875563 ], [ -73.43774, 44.045006 ], [ -73.390583, 44.190886 ], [ -73.312852, 44.265346 ], [ -73.334939, 44.364441 ], [ -73.293613, 44.440559 ], [ -73.390231, 44.618353 ], [ -73.333154, 44.788759 ], [ -73.381359, 44.845021 ], [ -73.338979, 44.917681 ], [ -73.343124, 45.01084 ], [ -71.464555, 45.013637 ], [ -71.53698, 44.994177 ], [ -71.495844, 44.90498 ], [ -71.631883, 44.752463 ], [ -71.536251, 44.588441 ], [ -71.596137, 44.560898 ], [ -71.577643, 44.502692 ], [ -71.699434, 44.416069 ], [ -71.793924, 44.399271 ], [ -71.814351, 44.354541 ], [ -71.98112, 44.3375 ], [ -72.065434, 44.277235 ], [ -72.031898, 44.076241 ], [ -72.116985, 43.99448 ], [ -72.090357, 43.965409 ], [ -72.184788, 43.863393 ], [ -72.20476, 43.771263 ], [ -72.299715, 43.706558 ], [ -72.328514, 43.600805 ], [ -72.37944, 43.574069 ], [ -72.415978, 43.376531 ], [ -72.395462, 43.312994 ], [ -72.45714, 43.148493 ], [ -72.443762, 43.006245 ], [ -72.532186, 42.954945 ] ] ] } },
{ "type": "Feature", "properties": { "STATE": "WA" }, "geometry": { "type": "MultiPolygon", "coordinates": [ [ [ [ -123.474844, 46.267831 ], [ -123.669501, 46.266832 ], [ -123.700764, 46.305278 ], [ -123.766682, 46.273499 ], [ -123.806139, 46.283588 ], [ -123.875525, 46.239787 ], [ -124.020551, 46.315737 ], [ -124.082187, 46.269159 ], [ -124.069050186786015, 46.647257871419797 ], [ -124.035874, 46.630822 ], [ -124.026032, 46.462978 ], [ -124.001271, 46.459992 ], [ -123.988386, 46.497008 ], [ -123.943667, 46.477197 ], [ -123.896703, 46.522665 ], [ -123.960642, 46.636364 ], [ -123.84621, 46.716795 ], [ -123.898641, 46.750205 ], [ -124.003458, 46.702337 ], [ -124.092176, 46.741624 ], [ -124.138225, 46.905534 ], [ -124.093392, 46.901168 ], [ -124.073113, 46.861493 ], [ -123.985082, 46.921916 ], [ -123.86018, 46.948556 ], [ -124.012218, 46.985176 ], [ -124.026345, 47.030187 ], [ -124.122057, 47.04165 ], [ -124.151288, 47.021112 ], [ -124.124386, 46.94387 ], [ -124.180111, 46.926357 ], [ -124.182802, 47.134041 ], [ -124.236349, 47.287287 ], [ -124.319379, 47.355559 ], [ -124.425195, 47.738434 ], [ -124.47657, 47.769671 ], [ -124.489737, 47.816988 ], [ -124.625512, 47.887963 ], [ -124.672427, 47.964414 ], [ -124.687101, 48.098657 ], [ -124.733174, 48.163393 ], [ -124.65894, 48.331057 ], [ -124.727022, 48.371101 ], [ -124.716947, 48.389776 ], [ -124.597330770797967, 48.381882490167598 ], [ -124.395593, 48.288772 ], [ -124.238582, 48.262471 ], [ -123.981032, 48.164761 ], [ -123.702743, 48.166783 ], [ -123.590839, 48.134949 ], [ -123.551131, 48.151382 ], [ -123.507235, 48.131807 ], [ -123.440128, 48.142014 ], [ -123.399807708544998, 48.139815210186399 ], [ -123.441972, 48.124259 ], [ -123.332699, 48.11297 ], [ -123.239129, 48.118217 ], [ -123.144783, 48.175943 ], [ -123.100656373823981, 48.186057633680498 ], [ -123.143229, 48.156633 ], [ -123.038727, 48.081138 ], [ -122.917942, 48.091535 ], [ -122.926851, 48.064593 ], [ -122.860993694778983, 48.025286144950186 ], [ -122.871992335953976, 47.993493197804298 ], [ -122.827482209950006, 48.046767865994497 ], [ -122.890312843188028, 48.076865974462088 ], [ -122.876282, 48.110877 ], [ -122.7604475, 48.14324 ], [ -122.748911, 48.117026 ], [ -122.801399, 48.087561 ], [ -122.748531647138975, 48.03013845618819 ], [ -122.733257, 48.091232 ], [ -122.68724, 48.101662 ], [ -122.669868, 48.017217 ], [ -122.729112171315009, 48.0197413032027 ], [ -122.718082, 47.987739 ], [ -122.646494, 47.894771 ], [ -122.610341, 47.887343 ], [ -122.69376, 47.868002 ], [ -122.688596, 47.831438 ], [ -122.748061, 47.800546 ], [ -122.770683723645988, 47.692234396466795 ], [ -122.811928628057018, 47.679860925143593 ], [ -122.832139053072012, 47.695510617987793 ], [ -122.790618760778017, 47.792596997200086 ], [ -122.820177608938977, 47.835904146831602 ], [ -122.899498125884008, 47.652233062047991 ], [ -122.972440047722984, 47.61490020069629 ], [ -123.155979872352006, 47.355744717980691 ], [ -123.11129789257302, 47.362618868715998 ], [ -123.120234288529019, 47.3914903018036 ], [ -122.967284434671996, 47.585685060071889 ], [ -122.856610607836004, 47.649614661908899 ], [ -122.754185761881985, 47.671611944261393 ], [ -122.714801, 47.768176 ], [ -122.608105, 47.856728 ], [ -122.573672, 47.857582 ], [ -122.617022, 47.938987 ], [ -122.549072, 47.919072 ], [ -122.470333, 47.757109 ], [ -122.554454, 47.745704 ], [ -122.504604, 47.699136 ], [ -122.479089, 47.583654 ], [ -122.543118, 47.556326 ], [ -122.546611, 47.52355 ], [ -122.494882, 47.510265 ], [ -122.575985, 47.32642 ], [ -122.547521443695018, 47.285343947397394 ], [ -122.585825678790002, 47.253851803146894 ], [ -122.605337259038009, 47.269080353584194 ], [ -122.674341628206989, 47.283833011820192 ], [ -122.692425531850972, 47.280025874210992 ], [ -122.63246311450402, 47.376394044947091 ], [ -122.671486275, 47.366876200923798 ], [ -122.745249566181016, 47.297157993452991 ], [ -122.714908128343012, 47.2209281649845 ], [ -122.737159398761008, 47.206262583030295 ], [ -122.759050440014988, 47.166287638132296 ], [ -122.832798699204019, 47.243411627912792 ], [ -122.795694139504008, 47.305961999174592 ], [ -122.813778043149, 47.362593171113289 ], [ -122.863732377513003, 47.270220815779993 ], [ -122.838298019792006, 47.20835345916359 ], [ -122.859939586662023, 47.16557379983059 ], [ -122.814238492219019, 47.179482026076002 ], [ -122.775055833029015, 47.123113990047699 ], [ -122.678130307663011, 47.103866367989198 ], [ -122.590828593327004, 47.178107195928796 ], [ -122.527586406563017, 47.291530683059001 ], [ -122.547408, 47.317734 ], [ -122.4442, 47.266723 ], [ -122.409199, 47.288556 ], [ -122.443008, 47.306333 ], [ -122.324833, 47.348521 ], [ -122.421139, 47.57602 ], [ -122.339513, 47.599113 ], [ -122.429841, 47.658919 ], [ -122.37314, 47.729219 ], [ -122.394944, 47.803318 ], [ -122.33595, 47.852306 ], [ -122.307048, 47.949117 ], [ -122.230046, 47.970917 ], [ -122.224979, 48.016626 ], [ -122.343241, 48.097631 ], [ -122.396121, 48.229233 ], [ -122.449605, 48.232598 ], [ -122.479008, 48.175703 ], [ -122.358375, 48.056133 ], [ -122.4675, 48.130353 ], [ -122.512031, 48.133931 ], [ -122.530996, 48.249821 ], [ -122.463962, 48.270541 ], [ -122.406516, 48.25183 ], [ -122.371693, 48.287839 ], [ -122.533452, 48.383409 ], [ -122.557298232975995, 48.444437598381498 ], [ -122.649839150510005, 48.408526194351289 ], [ -122.678928, 48.439466 ], [ -122.657753, 48.47294 ], [ -122.712322, 48.464143 ], [ -122.684521, 48.509123 ], [ -122.606960873795003, 48.522152130589696 ], [ -122.537355, 48.466749 ], [ -122.471832, 48.470724 ], [ -122.504428, 48.564775 ], [ -122.560287215639008, 48.5831645990651 ], [ -122.478431, 48.559303 ], [ -122.425271, 48.599522 ], [ -122.500308, 48.656163 ], [ -122.519172, 48.713095 ], [ -122.490401, 48.751128 ], [ -122.535803, 48.776128 ], [ -122.596844, 48.771492 ], [ -122.637146, 48.735708 ], [ -122.615169, 48.693839 ], [ -122.673471939315007, 48.733081659876497 ], [ -122.646777, 48.785011 ], [ -122.693683050853977, 48.8044745379296 ], [ -122.709815, 48.786205 ], [ -122.717073, 48.84719 ], [ -122.793175, 48.892927 ], [ -122.746596, 48.930731 ], [ -122.821631, 48.941369 ], [ -122.75802, 49.002357 ], [ -117.032351, 48.999188 ], [ -117.034696, 46.418318 ], [ -117.062748, 46.353624 ], [ -116.986688, 46.296662 ], [ -116.965841, 46.203417 ], [ -116.92187, 46.167808 ], [ -116.982479, 46.089389 ], [ -116.915989, 45.995413 ], [ -118.987129, 45.999855 ], [ -119.12612, 45.932859 ], [ -119.25715, 45.939926 ], [ -119.487829, 45.906307 ], [ -119.600549, 45.919581 ], [ -119.669877, 45.856867 ], [ -119.965744, 45.824365 ], [ -120.170453, 45.761951 ], [ -120.210754, 45.725951 ], [ -120.40396, 45.699249 ], [ -120.482362, 45.694449 ], [ -120.559465, 45.738348 ], [ -120.634968, 45.745847 ], [ -120.895575, 45.642945 ], [ -121.06437, 45.652549 ], [ -121.167852, 45.606098 ], [ -121.215779, 45.671238 ], [ -121.33777, 45.704949 ], [ -121.423592, 45.69399 ], [ -121.533106, 45.726541 ], [ -121.707358, 45.694809 ], [ -121.811304, 45.706761 ], [ -121.983038, 45.622812 ], [ -122.294901, 45.543541 ], [ -122.643907, 45.609739 ], [ -122.76381, 45.657138 ], [ -122.813998, 45.960984 ], [ -122.904119, 46.083734 ], [ -123.115904, 46.185268 ], [ -123.371433, 46.146372 ], [ -123.430847, 46.181827 ], [ -123.427629, 46.229348 ], [ -123.474844, 46.267831 ] ] ], [ [ [ -122.833290100098012, 47.2557563781738 ], [ -122.840431213378977, 47.268604278564496 ], [ -122.826629638672017, 47.271934509277294 ], [ -122.833290100098012, 47.2557563781738 ] ] ], [ [ [ -122.929100036620994, 48.133686065673793 ], [ -122.908638000488025, 48.125595092773395 ], [ -122.95099639892598, 48.117980957031286 ], [ -122.929100036620994, 48.133686065673793 ] ] ], [ [ [ -122.869140625000014, 48.564346313476598 ], [ -122.84177398681598, 48.539955139160206 ], [ -122.87151336669902, 48.504859924316406 ], [ -122.848915100098012, 48.448348999023395 ], [ -122.828689575195014, 48.523300170898402 ], [ -122.769203186035014, 48.509616851806598 ], [ -122.816192626953026, 48.482254028320305 ], [ -122.812622070311988, 48.420982360839787 ], [ -122.895309448242003, 48.420982360839787 ], [ -122.866165161132969, 48.441207885742202 ], [ -122.926246643065994, 48.437046051025398 ], [ -122.945281982422003, 48.465599060058594 ], [ -122.920295715331974, 48.550662994384787 ], [ -122.869140625000014, 48.564346313476598 ] ] ], [ [ [ -123.105300903320014, 48.622642517089794 ], [ -122.968482971191008, 48.5274658203125 ], [ -123.017257690429972, 48.51318740844728 ], [ -123.006553649902017, 48.469169616699197 ], [ -122.964912414550994, 48.449539184570284 ], [ -123.142776489258011, 48.505455017089801 ], [ -123.19571685791, 48.607772827148395 ], [ -123.105300903320014, 48.622642517089794 ] ] ], [ [ [ -122.791030883788991, 48.580101013183594 ], [ -122.770210266112997, 48.5521430969238 ], [ -122.807685852051009, 48.531322479247997 ], [ -122.830291748046974, 48.574745178222706 ], [ -122.791030883788991, 48.580101013183594 ] ] ], [ [ [ -122.949440002440994, 48.545658111572301 ], [ -123.013214111328011, 48.587535858154304 ], [ -122.902801513671974, 48.580398559570298 ], [ -122.949440002440994, 48.545658111572301 ] ] ], [ [ [ -122.804229736328026, 48.594345092773395 ], [ -122.814537048340028, 48.601219177246108 ], [ -122.804573059081989, 48.597782135009787 ], [ -122.804229736328026, 48.594345092773395 ] ] ], [ [ [ -123.037956237793011, 48.615612030029297 ], [ -123.052230834960994, 48.612758636474595 ], [ -123.048423767089972, 48.621799468994105 ], [ -123.037956237793011, 48.615612030029297 ] ] ], [ [ [ -123.163581848144986, 48.649188995361293 ], [ -123.116493225098012, 48.639564514160199 ], [ -123.105148315430014, 48.633377075195291 ], [ -123.163581848144986, 48.649188995361293 ] ] ], [ [ [ -122.79905700683598, 48.6013374328613 ], [ -122.894714355468977, 48.694610595703097 ], [ -122.918029785156008, 48.68604660034179 ], [ -122.871391296387003, 48.594673156738303 ], [ -122.946586608887017, 48.595149993896491 ], [ -122.981803894042997, 48.638931274414091 ], [ -122.971328735352003, 48.60228729248049 ], [ -123.004646301270014, 48.591819763183587 ], [ -123.030342102051009, 48.629890441894489 ], [ -122.951820373535014, 48.712219238281293 ], [ -122.907562255858977, 48.716503143310497 ], [ -122.74195098877, 48.662250518798793 ], [ -122.79905700683598, 48.6013374328613 ] ] ], [ [ [ -123.15911102294902, 48.6653442382813 ], [ -123.237472534180014, 48.689056396484403 ], [ -123.127487182617003, 48.656749725341797 ], [ -123.15911102294902, 48.6653442382813 ] ] ], [ [ [ -123.005086, 48.694342 ], [ -123.070427, 48.699971 ], [ -123.009787, 48.722291 ], [ -123.005086, 48.694342 ] ] ], [ [ [ -122.764450073242003, 48.708461761474602 ], [ -122.776824951172003, 48.695400238037102 ], [ -122.77545166015598, 48.705024719238303 ], [ -122.764450073242003, 48.708461761474602 ] ] ], [ [ [ -122.842834472655994, 48.751159667968793 ], [ -122.830802917479986, 48.743251800537088 ], [ -122.847305297852003, 48.747722625732393 ], [ -122.842834472655994, 48.751159667968793 ] ] ], [ [ [ -122.87514495849598, 48.764217376709006 ], [ -122.923606872558992, 48.754596710205092 ], [ -122.918449401855, 48.7669677734375 ], [ -122.87514495849598, 48.764217376709006 ] ] ], [ [ [ -122.94801330566402, 48.781059265136705 ], [ -122.971038818359006, 48.7896537780762 ], [ -122.939071655273011, 48.785873413085895 ], [ -122.94801330566402, 48.781059265136705 ] ] ], [ [ [ -123.021459, 48.977299 ], [ -123.090546, 49.001976 ], [ -123.035393, 49.002154 ], [ -123.021459, 48.977299 ] ] ], [ [ [ -122.737579345703011, 47.156829833984403 ], [ -122.705451965332017, 47.187168121337905 ], [ -122.673927307129006, 47.174674987793011 ], [ -122.694747924805014, 47.125896453857408 ], [ -122.737579345703011, 47.156829833984403 ] ] ], [ [ [ -122.629608154297017, 47.154388427734396 ], [ -122.638648986816023, 47.155342102050795 ], [ -122.631988525391023, 47.167240142822287 ], [ -122.629608154297017, 47.154388427734396 ] ] ], [ [ [ -122.726867675781008, 47.205411424590196 ], [ -122.685226440430014, 47.232376098632798 ], [ -122.641799926758011, 47.205013275146499 ], [ -122.679275512695, 47.190143585205099 ], [ -122.726867675781008, 47.205411424590196 ] ] ], [ [ [ -122.628120422363011, 47.267475128173793 ], [ -122.608489990233977, 47.216911315917997 ], [ -122.668571472167997, 47.275207519531286 ], [ -122.628120422363011, 47.267475128173793 ] ] ], [ [ [ -122.474685668945014, 47.511066436767599 ], [ -122.437652587890994, 47.407424926757798 ], [ -122.37362670898402, 47.388717651367209 ], [ -122.518852233887003, 47.333320617675803 ], [ -122.526733398436988, 47.398582458496108 ], [ -122.474685668945014, 47.511066436767599 ] ] ], [ [ [ -122.485473632813012, 47.528774261474588 ], [ -122.506294250487983, 47.544242858886697 ], [ -122.479522705077983, 47.541862487793004 ], [ -122.485473632813012, 47.528774261474588 ] ] ], [ [ [ -122.303455, 48.005603 ], [ -122.326115, 48.010295 ], [ -122.334524, 48.018916 ], [ -122.321721, 48.019977 ], [ -122.303455, 48.005603 ] ] ], [ [ [ -122.529854049812016, 48.018601723900787 ], [ -122.525422, 48.096537 ], [ -122.376259, 48.034457 ], [ -122.349597, 47.958796 ], [ -122.380497, 47.904023 ], [ -122.431035, 47.914732 ], [ -122.47266, 47.988449 ], [ -122.546824, 47.967215 ], [ -122.542924, 47.996404 ], [ -122.607342, 48.030992 ], [ -122.609568, 48.15186 ], [ -122.679556, 48.155113 ], [ -122.770045, 48.224395 ], [ -122.664659, 48.401508 ], [ -122.609715063060023, 48.411564842556189 ], [ -122.585162, 48.353304 ], [ -122.505828, 48.297677 ], [ -122.618466, 48.294159 ], [ -122.66921, 48.240614 ], [ -122.73232567708402, 48.229458498451606 ], [ -122.606406, 48.208262 ], [ -122.529854049812016, 48.018601723900787 ] ] ], [ [ [ -122.542709350586009, 48.522087097168004 ], [ -122.552917480469006, 48.5274848937988 ], [ -122.548744201660028, 48.528911590576207 ], [ -122.542709350586009, 48.522087097168004 ] ] ], [ [ [ -122.636574980389, 48.581018317980103 ], [ -122.578856, 48.54813 ], [ -122.572967, 48.529028 ], [ -122.649256, 48.528769 ], [ -122.636574980389, 48.581018317980103 ] ] ], [ [ [ -122.714512319541001, 48.608779801235407 ], [ -122.670637563365005, 48.568812343806698 ], [ -122.722407, 48.540606 ], [ -122.739898, 48.583949 ], [ -122.714512319541001, 48.608779801235407 ] ] ], [ [ [ -122.610847473144986, 48.606719970703089 ], [ -122.600860595703011, 48.614334106445298 ], [ -122.598480224608991, 48.607673645019503 ], [ -122.610847473144986, 48.606719970703089 ] ] ], [ [ [ -122.686136078552977, 48.613267125412101 ], [ -122.674173, 48.629944 ], [ -122.657016, 48.609891 ], [ -122.686136078552977, 48.613267125412101 ] ] ], [ [ [ -122.577636718749986, 48.647617340087905 ], [ -122.593345642089972, 48.651424407958999 ], [ -122.58667755127, 48.660465240478501 ], [ -122.577636718749986, 48.647617340087905 ] ] ], [ [ [ -122.715709, 48.748672 ], [ -122.609576, 48.645018 ], [ -122.718833, 48.716818 ], [ -122.715709, 48.748672 ] ] ] ] } },
{ "type": "Feature", "properties": { "STATE": "WI" }, "geometry": { "type": "MultiPolygon", "coordinates": [ [ [ [ -90.636727, 42.518702 ], [ -90.709204, 42.636078 ], [ -90.949213, 42.685573 ], [ -91.053733, 42.738238 ], [ -91.100565, 42.883078 ], [ -91.144706, 42.905964 ], [ -91.177932, 43.128875 ], [ -91.057918, 43.255366 ], [ -91.107237, 43.313645 ], [ -91.21477, 43.365874 ], [ -91.217353, 43.512474 ], [ -91.273252, 43.666623 ], [ -91.244135, 43.774667 ], [ -91.366642, 43.937463 ], [ -91.43738, 43.999962 ], [ -91.59207, 44.031372 ], [ -91.721552, 44.130342 ], [ -91.875158, 44.200575 ], [ -91.9636, 44.362112 ], [ -92.232472, 44.445434 ], [ -92.336114, 44.554004 ], [ -92.54806, 44.567792 ], [ -92.807317, 44.750364 ], [ -92.750645, 44.937299 ], [ -92.76206, 45.02432 ], [ -92.803079, 45.060978 ], [ -92.739584, 45.115598 ], [ -92.761868, 45.287013 ], [ -92.650422, 45.398507 ], [ -92.646602, 45.441635 ], [ -92.770223, 45.566939 ], [ -92.881136, 45.573409 ], [ -92.888035, 45.624959 ], [ -92.869193, 45.717568 ], [ -92.784621, 45.764196 ], [ -92.712503, 45.891705 ], [ -92.551933, 45.951651 ], [ -92.527052, 45.983245 ], [ -92.469354, 45.973811 ], [ -92.428555, 46.024241 ], [ -92.35176, 46.015685 ], [ -92.332912, 46.062697 ], [ -92.294033000546619, 46.074377066316401 ], [ -92.291292, 46.668142 ], [ -92.207092, 46.651941 ], [ -92.176091, 46.686341 ], [ -92.204691, 46.704041 ], [ -92.10819, 46.74914 ], [ -91.961889, 46.682539 ], [ -91.790132, 46.694675 ], [ -91.368819, 46.793836 ], [ -91.186561407992485, 46.885732253908891 ], [ -91.204439, 46.858816 ], [ -91.178292, 46.844259 ], [ -91.140165, 46.873201 ], [ -91.10549, 46.85762 ], [ -90.968419, 46.94391 ], [ -90.921811, 46.931322 ], [ -90.855874, 46.962232 ], [ -90.751031, 46.887963 ], [ -90.885021, 46.756341 ], [ -90.853829, 46.693457 ], [ -90.911281, 46.663083 ], [ -90.94193, 46.588419 ], [ -90.770192, 46.636127 ], [ -90.73726, 46.692267 ], [ -90.558141, 46.586384 ], [ -90.418136, 46.566094 ], [ -90.39332, 46.532615 ], [ -90.331887, 46.553278 ], [ -90.316983, 46.517319 ], [ -90.230363, 46.509705 ], [ -90.120489, 46.336852 ], [ -89.09163, 46.138505 ], [ -88.815629, 46.02232 ], [ -88.730675, 46.026535 ], [ -88.662902141341903, 45.988730468856097 ], [ -88.514601, 46.019926 ], [ -88.492495, 45.992157 ], [ -88.416914, 45.975323 ], [ -88.380183, 45.991654 ], [ -88.326953, 45.955071 ], [ -88.189789, 45.952208 ], [ -88.102908, 45.921869 ], [ -88.073944, 45.875593 ], [ -88.13611, 45.819029 ], [ -88.103247, 45.791361 ], [ -87.991447, 45.795393 ], [ -87.963452, 45.75822 ], [ -87.875813, 45.753888 ], [ -87.805867, 45.706841 ], [ -87.781007, 45.673934 ], [ -87.824102, 45.647138 ], [ -87.777199, 45.588499 ], [ -87.833591, 45.562529 ], [ -87.792769, 45.499967 ], [ -87.861697, 45.434473 ], [ -87.888052, 45.354697 ], [ -87.754104, 45.349442 ], [ -87.693956, 45.389893 ], [ -87.657349, 45.368752 ], [ -87.736509, 45.173389 ], [ -87.659952, 45.107512 ], [ -87.587147398937702, 45.089494784993697 ], [ -87.630298, 44.976865 ], [ -87.766872, 44.965254 ], [ -87.839028, 44.931718 ], [ -87.832764, 44.880939 ], [ -87.983494, 44.720196 ], [ -87.998715929258296, 44.609287674483596 ], [ -88.042414, 44.566589 ], [ -88.005518, 44.539216 ], [ -87.929001, 44.535993 ], [ -87.866884, 44.608434 ], [ -87.756031, 44.649129 ], [ -87.610063, 44.838384 ], [ -87.437084, 44.892718 ], [ -87.384821, 44.865532 ], [ -87.405005, 44.911806 ], [ -87.264877, 45.081361 ], [ -87.238224, 45.167259 ], [ -87.119972, 45.191103 ], [ -87.068586269395198, 45.2951340257437 ], [ -86.970355, 45.278455 ], [ -86.985973, 45.215872 ], [ -87.040909, 45.211535 ], [ -87.048213, 45.089124 ], [ -87.163529, 45.00489 ], [ -87.204545, 44.875593 ], [ -87.313751, 44.793766 ], [ -87.468093, 44.551925 ], [ -87.545382, 44.321385 ], [ -87.512903, 44.192808 ], [ -87.646583, 44.104694 ], [ -87.736178, 43.880421 ], [ -87.702685, 43.687596 ], [ -87.790135, 43.563054 ], [ -87.793239, 43.492783 ], [ -87.872504, 43.380178 ], [ -87.911787, 43.250406 ], [ -87.866484, 43.074412 ], [ -87.895784, 43.015814 ], [ -87.845181, 42.962015 ], [ -87.823278, 42.835318 ], [ -87.756169648757009, 42.780067952813596 ], [ -87.819674, 42.61582 ], [ -87.800477, 42.49192 ], [ -90.636727, 42.518702 ] ] ], [ [ [ -90.789718627929688, 46.969970703125 ], [ -90.795906066894503, 46.979965209960895 ], [ -90.784965515136705, 46.979488372802699 ], [ -90.789718627929688, 46.969970703125 ] ] ], [ [ [ -90.982101440429688, 46.985855102539091 ], [ -90.928565979003878, 47.000724792480497 ], [ -90.93212890625, 46.962654113769503 ], [ -90.96901702880858, 46.963844299316392 ], [ -90.982101440429688, 46.985855102539091 ] ] ], [ [ [ -90.8525390625, 46.985912322998004 ], [ -90.876335144042997, 46.984962463378899 ], [ -90.875854492187486, 46.992099761962898 ], [ -90.8525390625, 46.985912322998004 ] ] ], [ [ [ -90.766770368836674, 47.002110533548397 ], [ -90.776924133300795, 47.024322509765597 ], [ -90.760421752929688, 47.033260345458991 ], [ -90.73842620849608, 47.014011383056598 ], [ -90.766770368836674, 47.002110533548397 ] ] ], [ [ [ -90.791517309969493, 46.784712763801991 ], [ -90.622048, 46.872872 ], [ -90.570006, 46.849696 ], [ -90.676133, 46.818986 ], [ -90.657179, 46.7888 ], [ -90.763647, 46.754927 ], [ -90.791517309969493, 46.784712763801991 ] ] ], [ [ [ -90.745353698730497, 46.835659027099595 ], [ -90.749481201171903, 46.862468719482393 ], [ -90.722740173339801, 46.871639251708991 ], [ -90.745353698730497, 46.835659027099595 ] ] ], [ [ [ -90.516448974609403, 46.876903533935497 ], [ -90.450454711914091, 46.898902893066399 ], [ -90.447731018066392, 46.896209716796889 ], [ -90.494445800781293, 46.870029449462898 ], [ -90.516448974609403, 46.876903533935497 ] ] ], [ [ [ -90.677986145019489, 46.897525787353487 ], [ -90.675239562988281, 46.881027221679695 ], [ -90.702049255371108, 46.885154724121094 ], [ -90.677986145019489, 46.897525787353487 ] ] ], [ [ [ -90.544515325026481, 46.908592785643698 ], [ -90.654805, 46.919259 ], [ -90.634507, 46.942944 ], [ -90.511623, 46.961407 ], [ -90.544515325026481, 46.908592785643698 ] ] ], [ [ [ -90.715619608769998, 46.915939151471193 ], [ -90.765289306640597, 46.947021484374993 ], [ -90.740547180175781, 46.964206695556598 ], [ -90.694488525390582, 46.936710357666001 ], [ -90.715619608769998, 46.915939151471193 ] ] ], [ [ [ -90.676704204650107, 46.957592416716892 ], [ -90.654922485351605, 46.976932525634794 ], [ -90.633506774902301, 46.978122711181605 ], [ -90.651359558105497, 46.957302093505902 ], [ -90.676704204650107, 46.957592416716892 ] ] ], [ [ [ -90.694778442382784, 46.982879638671896 ], [ -90.696563720703082, 47.008460998535192 ], [ -90.669204711914091, 47.000129699706996 ], [ -90.694778442382784, 46.982879638671896 ] ] ], [ [ [ -90.617446899414105, 46.989425659179688 ], [ -90.608528137207003, 47.007270812988295 ], [ -90.603172302246094, 46.995372772216797 ], [ -90.617446899414105, 46.989425659179688 ] ] ], [ [ [ -90.544876098632784, 47.017383575439496 ], [ -90.565101623535185, 46.998943328857401 ], [ -90.564506530761676, 47.04058074951169 ], [ -90.544876098632784, 47.017383575439496 ] ] ], [ [ [ -90.637672424316378, 47.029281616210895 ], [ -90.652542114257784, 47.034038543701193 ], [ -90.643623352050795, 47.041175842285192 ], [ -90.637672424316378, 47.029281616210895 ] ] ], [ [ [ -90.679313659667997, 47.0185737609863 ], [ -90.687049865722685, 47.043556213378899 ], [ -90.648979187011705, 47.053073883056591 ], [ -90.679313659667997, 47.0185737609863 ] ] ], [ [ [ -90.453619166450792, 46.997945676874693 ], [ -90.449075, 47.066013 ], [ -90.395367, 47.077175 ], [ -90.403499, 47.025366 ], [ -90.453619166450792, 46.997945676874693 ] ] ], [ [ [ -90.591278076171903, 47.066757202148388 ], [ -90.582946777343778, 47.069137573242188 ], [ -90.588897705078097, 47.060211181640597 ], [ -90.591278076171903, 47.066757202148388 ] ] ], [ [ [ -90.723991394042997, 47.077941894531293 ], [ -90.72673797607419, 47.062129974365199 ], [ -90.730865478515597, 47.080005645751996 ], [ -90.723991394042997, 47.077941894531293 ] ] ], [ [ [ -87.497254, 45.061278 ], [ -87.490312, 45.054948 ], [ -87.506184, 45.059565 ], [ -87.497254, 45.061278 ] ] ], [ [ [ -87.327285766601577, 45.157363891601591 ], [ -87.375404357910185, 45.199295043945298 ], [ -87.33415985107419, 45.211669921875014 ], [ -87.327285766601577, 45.157363891601591 ] ] ], [ [ [ -86.957221984863295, 45.304756164550781 ], [ -86.947601318359389, 45.312320709228501 ], [ -86.944160461425795, 45.300632476806598 ], [ -86.957221984863295, 45.304756164550781 ] ] ], [ [ [ -86.941070199878084, 45.333835635957698 ], [ -86.937393, 45.420966 ], [ -86.853145, 45.405547 ], [ -86.810055, 45.422619 ], [ -86.899890940189891, 45.295185465494995 ], [ -86.941070199878084, 45.333835635957698 ] ] ] ] } },
{ "type": "Feature", "properties": { "STATE": "WV" }, "geometry": { "type": "Polygon", "coordinates": [ [ [ -81.935316, 37.43639 ], [ -81.996578, 37.476705 ], [ -81.926736, 37.51304 ], [ -81.94401, 37.530964 ], [ -82.133299, 37.552996 ], [ -82.175264, 37.647971 ], [ -82.21349, 37.625408 ], [ -82.303953, 37.67576 ], [ -82.333581, 37.743283 ], [ -82.311642, 37.764294 ], [ -82.401652, 37.810091 ], [ -82.419781, 37.883821 ], [ -82.501862, 37.9332 ], [ -82.464257, 37.983412 ], [ -82.517351190400404, 38.001203909317596 ], [ -82.644739, 38.165487 ], [ -82.611343, 38.171548 ], [ -82.61226, 38.236087 ], [ -82.574656, 38.263873 ], [ -82.596281, 38.417681 ], [ -82.540199, 38.403666 ], [ -82.330335, 38.4445 ], [ -82.291271, 38.578983 ], [ -82.177267, 38.603784 ], [ -82.221566, 38.787187 ], [ -82.144867, 38.84048 ], [ -82.143167, 38.898079 ], [ -82.035963, 39.025478 ], [ -81.933186, 38.987659 ], [ -81.89847, 38.929603 ], [ -81.928, 38.893492 ], [ -81.898541, 38.874582 ], [ -81.827354, 38.945898 ], [ -81.762659, 38.924121 ], [ -81.764253, 39.015279 ], [ -81.813855, 39.079278 ], [ -81.747253, 39.095378 ], [ -81.755754, 39.180976 ], [ -81.692395, 39.226443 ], [ -81.683627, 39.270939 ], [ -81.570247, 39.267675 ], [ -81.557547, 39.338774 ], [ -81.456143, 39.409274 ], [ -81.375961, 39.341697 ], [ -81.217315, 39.38759 ], [ -80.970436, 39.590127 ], [ -80.88036, 39.620706 ], [ -80.829764, 39.711839 ], [ -80.869092, 39.766364 ], [ -80.790761, 39.86728 ], [ -80.806018, 39.91713 ], [ -80.756432, 39.91393 ], [ -80.738604, 40.075672 ], [ -80.599895, 40.317669 ], [ -80.633596, 40.390467 ], [ -80.595494, 40.475266 ], [ -80.667781, 40.578096 ], [ -80.627171, 40.619936 ], [ -80.518991, 40.638801 ], [ -80.519342, 39.721403 ], [ -79.476662, 39.721078 ], [ -79.486873, 39.205961 ], [ -79.33238, 39.299919 ], [ -79.290236, 39.299323 ], [ -79.096516564530177, 39.4727989650737 ], [ -79.046276, 39.483801 ], [ -78.956751, 39.440264 ], [ -78.942293, 39.480987 ], [ -78.816764, 39.561691 ], [ -78.826009, 39.588829 ], [ -78.76584, 39.648487 ], [ -78.778477, 39.62265 ], [ -78.733553, 39.615533 ], [ -78.77686, 39.604027 ], [ -78.760196, 39.582154 ], [ -78.565929, 39.519444 ], [ -78.468639, 39.516789 ], [ -78.418777455870085, 39.548952640552201 ], [ -78.457187, 39.587379 ], [ -78.395317, 39.584215 ], [ -78.43025, 39.62329 ], [ -78.374732, 39.608635 ], [ -78.355218, 39.640576 ], [ -78.265088, 39.619274 ], [ -78.176625, 39.695967 ], [ -78.077525, 39.66888 ], [ -78.006734, 39.601337 ], [ -77.957642471995982, 39.608614082857493 ], [ -77.942150306362294, 39.58493252198209 ], [ -77.93749213200509, 39.619150323616005 ], [ -77.831813, 39.601105 ], [ -77.83633, 39.56637 ], [ -77.888945, 39.55595 ], [ -77.86368, 39.515032 ], [ -77.825357, 39.529177 ], [ -77.845666, 39.498628 ], [ -77.765993, 39.495724 ], [ -77.803249, 39.437136 ], [ -77.75309, 39.423262 ], [ -77.761115, 39.339757 ], [ -77.719029, 39.321125 ], [ -77.828157, 39.132329 ], [ -78.347087, 39.466012 ], [ -78.366867, 39.35929 ], [ -78.339284, 39.348605 ], [ -78.438651, 39.198049 ], [ -78.403697, 39.167451 ], [ -78.571901, 39.031995 ], [ -78.550467, 39.018065 ], [ -78.601655, 38.964603 ], [ -78.625672, 38.982575 ], [ -78.680456, 38.925313 ], [ -78.718647, 38.904561 ], [ -78.717076, 38.936028 ], [ -78.786025, 38.887187 ], [ -78.869276, 38.762991 ], [ -78.998171, 38.847353 ], [ -79.054954, 38.785713 ], [ -79.092955, 38.659517 ], [ -79.129757, 38.655017 ], [ -79.282971, 38.418095 ], [ -79.476638, 38.457228 ], [ -79.53687, 38.550917 ], [ -79.649075, 38.591515 ], [ -79.725597, 38.363828 ], [ -79.810154, 38.306707 ], [ -79.788945, 38.268703 ], [ -79.91441, 38.188418 ], [ -79.92633, 38.107151 ], [ -79.999384, 37.995842 ], [ -80.162202, 37.875122 ], [ -80.257411, 37.756084 ], [ -80.296138, 37.691783 ], [ -80.220984, 37.627767 ], [ -80.328504, 37.564315 ], [ -80.330306, 37.536244 ], [ -80.282385, 37.533517 ], [ -80.309331, 37.50288 ], [ -80.475601, 37.422949 ], [ -80.511391, 37.481672 ], [ -80.552036, 37.473563 ], [ -80.770082, 37.372363 ], [ -80.859556, 37.429568 ], [ -80.883248, 37.383933 ], [ -80.849451, 37.346909 ], [ -80.947896, 37.295872 ], [ -81.09482, 37.28264 ], [ -81.225104, 37.234874 ], [ -81.362156, 37.337687 ], [ -81.416663, 37.273214 ], [ -81.498874, 37.258025 ], [ -81.5536, 37.208443 ], [ -81.67821, 37.201483 ], [ -81.757631, 37.274003 ], [ -81.853551, 37.287701 ], [ -81.928497, 37.360645 ], [ -81.935316, 37.43639 ] ] ] } },
{ "type": "Feature", "properties": { "STATE": "WY" }, "geometry": { "type": "Polygon", "coordinates": [ [ [ -104.053249, 41.001406 ], [ -111.046723, 40.997959 ], [ -111.055199, 45.001321 ], [ -104.057698, 44.997431 ], [ -104.053249, 41.001406 ] ] ] } }
]
}
